customerid,churn,tenure,preferredlogindevice,citytier,warehousetohome,preferredpaymentmode,gender,hourspendonapp,numberofdeviceregistered,preferedordercat,satisfactionscore,maritalstatus,numberofaddress,complain,orderamounthikefromlastyear,couponused,ordercount,daysincelastorder,cashbackamount
50673,1,0,Phone,1,14,CC,Male,2.00,3,Mobile,3,Married,2,0,20.00,1,1,0,124.00
50963,0,9,Phone,3,13,COD,Male,2.00,3,Mobile,3,Married,1,1,25.00,0,5,7,123.00
51012,1,0,Phone,1,14,CC,Male,2.00,3,Mobile,4,Married,2,1,17.00,0,1,0,124.00
51333,0,9,Mobile Phone,1,8,CC,Female,3.00,3,Mobile,3,Married,3,0,14.00,1,1,2,120.00
51387,0,0,Phone,1,14,Debit Card,Female,2.00,3,Mobile,5,Married,2,0,13.00,1,1,0,123.00
51977,0,17,Phone,1,14,Debit Card,Male,3.00,1,Mobile,1,Married,3,1,24.00,1,1,2,128.00
53379,1,1,Phone,3,28,UPI,Male,3.00,5,Mobile Phone,4,Single,3,1,14.00,1,2,1,146.00
53818,0,1,Phone,1,17,COD,Male,3.00,2,Mobile Phone,3,Married,4,0,17.00,3,3,3,146.00
55176,0,8,Computer,1,8,UPI,Male,4.00,4,Mobile Phone,5,Married,7,0,15.00,2,2,4,155.00
50001,1,4,Mobile Phone,3,6,Debit Card,Female,3.00,3,Laptop & Accessory,2,Single,9,1,11.00,1,1,5,160.00
50002,1,9,Phone,1,8,UPI,Male,3.00,4,Mobile,3,Single,7,1,15.00,0,1,0,121.00
50003,1,9,Phone,1,30,Debit Card,Male,2.00,4,Mobile,3,Single,6,1,14.00,0,1,3,120.00
50004,1,0,Phone,3,15,Debit Card,Male,2.00,4,Laptop & Accessory,5,Single,8,0,23.00,0,1,3,134.00
50005,1,0,Phone,1,12,CC,Male,3.00,3,Mobile,5,Single,3,0,11.00,1,1,3,130.00
50006,1,0,Computer,1,22,Debit Card,Female,3.00,5,Mobile Phone,5,Single,2,1,22.00,4,6,7,139.00
50007,1,9,Phone,3,11,Cash on Delivery,Male,2.00,3,Laptop & Accessory,2,Divorced,4,0,14.00,0,1,0,121.00
50008,1,9,Phone,1,6,CC,Male,3.00,3,Mobile,2,Divorced,3,1,16.00,2,2,0,123.00
50009,1,13,Phone,3,9,E wallet,Male,3.00,4,Mobile,3,Divorced,2,1,14.00,0,1,2,127.00
50010,1,9,Phone,1,31,Debit Card,Male,2.00,5,Mobile,3,Single,2,0,12.00,1,1,1,123.00
50011,1,4,Mobile Phone,1,18,Cash on Delivery,Female,2.00,3,Others,3,Divorced,2,0,15.00,9,15,8,295.00
50012,1,11,Mobile Phone,1,6,Debit Card,Male,3.00,4,Fashion,3,Single,10,1,13.00,0,1,0,154.00
50013,1,0,Phone,1,11,COD,Male,2.00,3,Mobile,3,Single,2,1,13.00,2,2,2,134.00
50014,1,0,Phone,1,15,CC,Male,3.00,4,Mobile,3,Divorced,1,1,17.00,0,1,0,134.00
50015,1,9,Mobile Phone,3,15,Credit Card,Male,3.00,4,Fashion,2,Single,2,0,16.00,0,4,7,196.00
50016,1,9,Phone,2,12,UPI,Male,3.00,3,Mobile,5,Married,5,1,22.00,1,1,2,121.00
50017,1,0,Computer,1,12,Debit Card,Female,3.00,4,Mobile,2,Single,2,1,18.00,1,1,0,129.00
50018,1,0,Mobile Phone,3,11,E wallet,Male,2.00,4,Laptop & Accessory,3,Single,2,1,11.00,1,1,3,157.00
50019,1,0,Computer,1,13,Debit Card,Male,3.00,5,Laptop & Accessory,3,Single,2,1,24.00,1,1,6,161.00
50020,1,19,Mobile Phone,1,20,Debit Card,Female,3.00,3,Mobile Phone,4,Divorced,10,1,18.00,1,4,3,150.00
50021,1,0,Mobile Phone,3,12,Debit Card,Male,3.00,5,Laptop & Accessory,3,Divorced,5,1,18.00,6,7,7,162.00
50022,1,20,Mobile Phone,1,29,Credit Card,Female,3.00,3,Fashion,2,Divorced,2,0,12.00,11,15,6,203.00
50023,1,9,Mobile Phone,3,28,E wallet,Male,2.00,3,Mobile Phone,3,Single,2,1,19.00,0,1,0,117.00
50024,1,0,Phone,3,26,Debit Card,Female,3.00,5,Laptop & Accessory,3,Divorced,4,1,11.00,1,2,2,146.00
50025,1,14,Computer,1,14,Debit Card,Male,2.00,5,Fashion,2,Single,3,0,15.00,0,1,3,207.00
50026,1,0,Phone,1,15,Credit Card,Female,2.00,3,Mobile Phone,5,Single,8,0,22.00,1,1,4,142.00
50027,0,8,Mobile Phone,3,6,E wallet,Male,3.00,3,Fashion,4,Divorced,2,0,13.00,1,1,6,173.00
50028,0,9,Phone,3,12,E wallet,Male,2.00,3,Laptop & Accessory,3,Divorced,3,1,20.00,0,4,5,123.00
50029,0,18,Phone,1,14,Debit Card,Male,2.00,3,Laptop & Accessory,4,Married,9,0,18.00,1,1,15,123.00
50030,0,5,Computer,3,14,E wallet,Female,2.00,3,Fashion,2,Single,2,0,14.00,2,3,7,190.00
50031,0,2,Computer,1,6,COD,Male,2.00,3,Laptop & Accessory,3,Divorced,2,0,13.00,0,1,9,143.00
50032,0,0,Mobile Phone,1,13,Credit Card,Male,2.00,4,Laptop & Accessory,3,Divorced,3,0,17.00,1,1,0,161.00
50033,0,30,Phone,1,15,CC,Female,3.00,4,Mobile,4,Divorced,5,1,20.00,1,1,0,133.00
50034,0,13,Mobile Phone,3,10,E wallet,Male,3.00,4,Fashion,2,Divorced,8,0,11.00,2,2,11,209.00
50035,0,9,Computer,3,8,E wallet,Female,3.00,3,Mobile,3,Divorced,7,0,18.00,1,1,2,122.00
50036,0,0,Phone,1,14,CC,Male,3.00,3,Mobile,2,Divorced,2,0,24.00,0,2,2,123.00
50037,0,9,Computer,1,15,CC,Male,2.00,3,Mobile,4,Married,7,0,18.00,0,2,2,120.00
50038,0,1,Phone,1,27,CC,Male,3.00,3,Mobile,2,Divorced,2,0,11.00,0,1,2,127.00
50039,0,30,Mobile Phone,1,30,Debit Card,Male,2.00,2,Fashion,2,Married,4,1,16.00,1,1,4,194.00
50040,0,0,Computer,1,14,CC,Male,3.00,4,Mobile,3,Married,2,1,15.00,0,1,1,126.00
50041,0,23,Mobile Phone,1,17,Debit Card,Female,2.00,3,Others,4,Single,4,0,15.00,2,4,4,299.00
50042,0,14,Phone,1,14,Debit Card,Male,2.00,3,Mobile,3,Married,5,0,12.00,1,1,8,125.00
50043,0,3,Mobile Phone,3,11,Debit Card,Female,2.00,3,Fashion,2,Divorced,3,0,12.00,2,7,4,194.00
50044,0,11,Mobile Phone,3,6,Debit Card,Female,2.00,4,Laptop & Accessory,2,Single,5,0,22.00,1,1,1,187.00
50045,0,5,Phone,1,12,Debit Card,Male,3.00,3,Mobile,3,Single,4,0,20.00,0,1,4,130.00
50046,0,0,Phone,1,23,COD,Male,3.00,3,Mobile,4,Divorced,1,1,16.00,1,1,1,131.00
50047,1,0,Computer,3,14,COD,Female,3.00,5,Mobile,5,Single,1,0,21.00,1,1,0,123.00
50048,0,9,Computer,1,9,CC,Male,1.00,3,Mobile,4,Single,5,0,12.00,4,7,2,121.00
50049,0,3,Computer,1,15,CC,Male,3.00,3,Laptop & Accessory,5,Married,2,0,11.00,0,6,10,131.00
50050,0,18,Mobile Phone,3,10,Debit Card,Female,1.00,3,Laptop & Accessory,5,Married,5,1,11.00,0,1,3,150.00
50051,0,29,Phone,1,14,Debit Card,Female,3.00,3,Mobile Phone,5,Married,5,1,18.00,1,2,2,143.00
50052,0,6,Phone,1,14,Debit Card,Male,2.00,3,Mobile,2,Single,1,0,14.00,0,1,2,125.00
50053,1,0,Mobile Phone,1,8,Debit Card,Male,2.00,4,Mobile Phone,2,Single,2,0,22.00,0,1,0,111.00
50054,0,19,Mobile Phone,3,6,E wallet,Female,3.00,3,Fashion,5,Married,2,0,25.00,4,15,7,205.00
50055,0,9,Phone,1,15,Debit Card,Female,3.00,3,Mobile,2,Single,2,0,12.00,1,2,1,123.00
50056,0,4,Phone,1,18,Credit Card,Female,3.00,3,Mobile Phone,2,Divorced,9,1,23.00,1,1,2,139.00
50057,0,9,Phone,1,33,CC,Female,3.00,3,Mobile,4,Single,3,0,15.00,1,1,2,123.00
50058,1,4,Phone,3,26,E wallet,Female,3.00,3,Mobile,4,Single,2,1,22.00,0,1,2,131.00
50059,0,23,Phone,1,6,Credit Card,Male,2.00,4,Mobile Phone,3,Divorced,3,0,15.00,0,1,2,137.00
50060,0,26,Phone,1,19,Credit Card,Female,2.00,2,Laptop & Accessory,5,Married,2,0,11.00,1,1,3,145.00
50061,0,6,Phone,1,20,CC,Female,3.00,3,Mobile,4,Divorced,2,0,13.00,0,1,6,128.00
50062,0,13,Mobile Phone,1,10,Credit Card,Female,2.00,3,Others,3,Divorced,2,0,14.00,1,9,9,290.00
50063,0,28,Mobile Phone,1,20,Credit Card,Male,3.00,2,Others,4,Single,9,0,11.00,1,2,15,287.00
50064,0,7,Computer,1,8,Debit Card,Male,2.00,4,Laptop & Accessory,3,Divorced,2,0,17.00,0,1,9,195.00
50065,0,24,Mobile Phone,1,9,Credit Card,Female,3.00,3,Grocery,4,Single,4,0,18.00,0,2,0,237.00
50066,0,25,Mobile Phone,1,6,Debit Card,Male,3.00,4,Others,3,Divorced,1,0,15.00,1,11,9,300.00
50067,0,9,Phone,1,15,CC,Female,2.00,3,Mobile,4,Single,2,0,16.00,1,1,3,123.00
50068,1,0,Mobile Phone,1,29,Debit Card,Male,2.00,4,Laptop & Accessory,3,Divorced,4,1,13.00,1,1,1,159.00
50069,0,9,Computer,1,13,CC,Male,2.00,2,Mobile,2,Married,5,0,14.00,0,2,2,121.00
50070,0,18,Computer,1,8,Credit Card,Male,3.00,4,Grocery,2,Divorced,10,0,23.00,1,11,8,268.00
50071,0,10,Phone,1,27,Debit Card,Male,3.00,2,Mobile Phone,5,Divorced,2,1,12.00,0,1,7,136.00
50072,0,8,Computer,1,8,Credit Card,Female,2.00,3,Laptop & Accessory,4,Single,6,0,11.00,1,1,2,144.00
50073,0,15,Computer,1,27,Credit Card,Female,2.00,3,Laptop & Accessory,3,Married,3,0,16.00,0,1,2,153.00
50074,0,11,Mobile Phone,1,8,Debit Card,Male,2.00,3,Laptop & Accessory,3,Divorced,10,0,14.00,0,1,0,166.00
50075,0,11,Mobile Phone,1,35,COD,Male,2.00,3,Laptop & Accessory,2,Divorced,4,0,18.00,0,1,7,163.00
50076,0,0,Computer,1,6,COD,Male,2.00,4,Laptop & Accessory,5,Divorced,6,0,19.00,0,2,0,143.00
50077,0,22,Computer,1,24,Debit Card,Male,3.00,3,Laptop & Accessory,2,Married,2,1,15.00,0,1,7,168.00
50078,0,7,Computer,1,16,Credit Card,Male,2.00,3,Mobile Phone,3,Married,2,1,17.00,2,2,0,138.00
50079,0,13,Phone,1,25,CC,Male,3.00,3,Laptop & Accessory,2,Divorced,9,1,15.00,1,3,7,127.00
50080,1,1,Mobile Phone,1,35,Credit Card,Male,3.00,3,Laptop & Accessory,5,Divorced,8,1,19.00,0,1,0,167.00
50081,1,0,Mobile Phone,3,33,E wallet,Female,2.00,3,Fashion,2,Divorced,2,0,22.00,1,1,9,176.00
50082,0,0,Phone,1,14,Debit Card,Male,2.00,2,Mobile,4,Married,2,1,16.00,0,2,2,123.00
50083,0,9,Computer,1,24,CC,Female,3.00,3,Mobile,2,Single,2,0,13.00,1,1,7,122.00
50084,0,13,Computer,1,15,Debit Card,Male,3.00,4,Laptop & Accessory,2,Divorced,10,0,14.00,1,1,2,149.00
50085,0,19,Mobile Phone,1,6,Credit Card,Male,3.00,3,Fashion,5,Married,8,0,16.00,0,1,3,194.00
50086,1,0,Mobile Phone,3,10,Credit Card,Male,2.00,5,Fashion,2,Divorced,2,0,11.00,7,9,8,204.00
50087,0,3,Computer,1,6,Debit Card,Male,2.00,4,Fashion,3,Single,2,0,22.00,2,5,8,185.00
50088,0,0,Computer,3,26,Debit Card,Female,2.00,3,Laptop & Accessory,3,Single,2,0,14.00,1,1,7,200.00
50089,0,24,Mobile Phone,1,14,Debit Card,Male,2.00,4,Fashion,4,Divorced,6,0,16.00,1,4,3,225.00
50090,1,0,Phone,1,14,COD,Female,2.00,3,Mobile,5,Single,6,1,11.00,1,1,4,127.00
50091,0,14,Mobile Phone,3,12,Debit Card,Female,3.00,3,Fashion,2,Single,4,1,18.00,0,2,0,236.00
50092,1,0,Computer,3,32,E wallet,Female,2.00,4,Laptop & Accessory,5,Single,6,0,15.00,0,1,1,167.00
50093,1,9,Phone,1,6,Cash on Delivery,Male,2.00,3,Mobile,3,Single,1,0,14.00,0,1,5,121.00
50094,0,18,Computer,3,12,Credit Card,Female,2.00,4,Fashion,2,Single,7,0,12.00,12,12,8,189.00
50095,0,27,Mobile Phone,3,9,E wallet,Female,2.00,3,Laptop & Accessory,5,Divorced,3,0,14.00,1,1,5,159.00
50096,0,9,Mobile Phone,1,11,Debit Card,Male,3.00,3,Laptop & Accessory,4,Single,9,0,16.00,0,3,7,159.00
50097,0,6,Phone,1,14,CC,Female,2.00,4,Mobile,4,Divorced,7,0,21.00,0,1,1,126.00
50098,0,10,Computer,1,17,UPI,Male,2.00,3,Fashion,2,Married,2,1,14.00,0,1,3,222.00
50099,0,11,Mobile Phone,3,9,Debit Card,Male,3.00,3,Fashion,3,Married,1,0,12.00,1,5,13,206.00
50100,0,4,Computer,1,6,Credit Card,Male,2.00,5,Laptop & Accessory,3,Divorced,1,0,12.00,1,1,4,143.00
50101,0,9,Phone,1,9,Debit Card,Male,3.00,4,Mobile,2,Divorced,4,0,17.00,0,1,0,122.00
50102,0,10,Computer,3,10,E wallet,Male,2.00,3,Mobile Phone,2,Married,5,0,17.00,1,5,8,0.00
50103,0,2,Computer,3,6,Credit Card,Female,2.00,3,Fashion,2,Divorced,2,0,14.00,4,4,1,179.00
50104,0,8,Computer,3,6,E wallet,Female,3.00,3,Fashion,3,Single,2,0,14.00,1,1,8,188.00
50105,1,0,Phone,1,14,CC,Male,2.00,4,Mobile,2,Single,2,1,13.00,0,1,1,124.00
50106,0,25,Phone,1,8,Debit Card,Female,2.00,4,Mobile,2,Single,8,0,15.00,0,2,2,132.00
50107,0,15,Mobile Phone,1,10,Cash on Delivery,Male,2.00,3,Others,2,Divorced,2,0,15.00,0,11,15,292.00
50108,0,9,Phone,2,12,CC,Male,2.00,3,Mobile,3,Divorced,9,0,17.00,2,2,2,123.00
50109,0,23,Mobile Phone,3,6,Credit Card,Female,3.00,3,Others,2,Married,4,0,15.00,1,1,6,295.00
50110,1,0,Phone,1,14,CC,Male,2.00,3,Mobile,2,Divorced,6,1,13.00,0,1,4,124.00
50111,0,16,Mobile Phone,3,22,E wallet,Female,3.00,3,Grocery,2,Divorced,6,1,22.00,0,2,9,261.00
50112,1,0,Phone,1,8,Debit Card,Female,3.00,3,Mobile,5,Divorced,8,0,20.00,1,1,7,127.00
50113,0,25,Computer,3,8,Debit Card,Male,3.00,4,Others,3,Single,2,1,18.00,1,15,12,291.00
50114,0,5,Phone,3,10,Debit Card,Female,2.00,3,Mobile Phone,4,Divorced,3,0,11.00,1,1,2,139.00
50115,1,0,Phone,1,6,Debit Card,Male,3.00,4,Mobile Phone,3,Single,1,1,14.00,1,1,2,137.00
50116,0,9,Phone,1,6,CC,Female,3.00,3,Mobile,3,Married,8,0,14.00,0,1,2,122.00
50117,0,5,Computer,3,32,E wallet,Male,3.00,3,Laptop & Accessory,2,Divorced,1,0,18.00,1,2,2,145.00
50118,0,14,Phone,1,25,Debit Card,Male,3.00,3,Laptop & Accessory,5,Married,3,0,16.00,1,1,0,131.00
50119,0,13,Phone,1,30,COD,Male,3.00,3,Laptop & Accessory,2,Married,2,0,17.00,2,4,7,133.00
50120,0,18,Mobile Phone,1,6,UPI,Male,3.00,2,Others,2,Divorced,1,0,15.00,1,1,7,292.00
50121,0,4,Computer,1,9,Credit Card,Male,3.00,3,Fashion,3,Married,10,0,12.00,1,2,2,237.00
50122,0,6,Phone,1,11,Debit Card,Female,3.00,4,Mobile,2,Divorced,2,0,13.00,0,1,2,129.00
50123,0,7,Mobile Phone,1,8,Debit Card,Male,2.00,4,Laptop & Accessory,5,Divorced,7,0,13.00,0,5,9,160.00
50124,0,10,Phone,1,6,Credit Card,Female,2.00,4,Mobile Phone,5,Divorced,3,0,14.00,1,1,2,139.00
50125,0,18,Computer,1,13,Debit Card,Male,3.00,2,Laptop & Accessory,3,Divorced,5,0,17.00,0,1,2,164.00
50126,1,0,Computer,1,16,Credit Card,Male,3.00,3,Fashion,3,Married,7,0,11.00,1,1,0,200.00
50127,0,12,Computer,1,8,Cash on Delivery,Female,3.00,3,Fashion,3,Single,1,0,25.00,10,11,3,209.00
50128,0,2,Phone,1,14,Debit Card,Male,2.00,3,Mobile,2,Single,2,0,19.00,0,1,5,123.00
50129,0,15,Mobile Phone,1,23,Debit Card,Female,2.00,2,Laptop & Accessory,5,Single,4,1,13.00,0,1,2,165.00
50130,0,2,Mobile Phone,3,26,E wallet,Male,2.00,3,Laptop & Accessory,2,Married,3,0,14.00,1,1,2,169.00
50131,0,0,Phone,1,6,Debit Card,Female,3.00,3,Laptop & Accessory,3,Divorced,1,0,12.00,1,1,2,149.00
50132,0,15,Phone,1,14,CC,Female,2.00,4,Mobile,5,Married,1,1,11.00,4,7,8,126.00
50133,0,13,Mobile Phone,1,8,Credit Card,Male,2.00,3,Others,3,Married,1,0,15.00,0,3,9,294.00
50134,0,24,Phone,1,6,Debit Card,Male,3.00,3,Mobile,2,Divorced,2,0,11.00,1,1,0,127.00
50135,1,0,Computer,1,35,CC,Male,3.00,4,Mobile,4,Single,1,0,11.00,1,1,4,135.00
50136,0,5,Computer,1,13,Debit Card,Male,3.00,2,Mobile,4,Divorced,2,0,20.00,0,1,3,128.00
50137,0,11,Computer,3,8,Debit Card,Male,2.00,4,Laptop & Accessory,2,Divorced,4,0,18.00,6,7,5,152.00
50138,0,9,Phone,1,8,Cash on Delivery,Male,2.00,4,Laptop & Accessory,5,Single,5,0,13.00,0,1,4,122.00
50139,0,19,Mobile Phone,3,8,Cash on Delivery,Female,3.00,5,Grocery,4,Divorced,4,1,12.00,1,7,7,269.00
50140,1,0,Phone,1,8,Debit Card,Male,3.00,3,Mobile,3,Single,3,0,11.00,1,1,0,135.00
50141,0,2,Mobile Phone,3,8,Credit Card,Male,3.00,4,Laptop & Accessory,4,Divorced,3,0,19.00,0,1,0,166.00
50142,0,4,Mobile Phone,1,29,Credit Card,Male,3.00,4,Laptop & Accessory,2,Divorced,1,0,21.00,1,7,8,156.00
50143,0,0,Computer,1,11,Debit Card,Male,2.00,2,Laptop & Accessory,5,Married,2,0,12.00,1,1,5,140.00
50144,0,18,Mobile Phone,1,26,Credit Card,Male,3.00,3,Grocery,2,Divorced,1,1,14.00,0,2,10,235.00
50145,0,9,Phone,1,12,Debit Card,Male,2.00,3,Mobile,2,Divorced,1,0,11.00,4,10,11,132.00
50146,0,28,Mobile Phone,1,6,Credit Card,Male,2.00,3,Others,5,Single,1,1,14.00,1,4,13,290.00
50147,1,10,Computer,1,35,Debit Card,Male,2.00,3,Fashion,4,Divorced,2,1,12.00,5,9,3,218.00
50148,0,9,Phone,1,15,CC,Male,3.00,3,Mobile,2,Divorced,2,0,23.00,1,1,4,121.00
50149,0,10,Mobile Phone,3,12,Credit Card,Male,3.00,3,Laptop & Accessory,2,Divorced,5,0,14.00,0,1,1,165.00
50150,0,0,Phone,1,9,CC,Male,3.00,4,Mobile,3,Single,2,0,17.00,1,1,0,132.00
50151,0,10,Computer,1,6,Credit Card,Female,0.00,3,Fashion,2,Married,3,1,18.00,0,2,2,236.00
50152,0,2,Mobile Phone,1,28,Debit Card,Female,3.00,2,Fashion,4,Married,8,0,18.00,5,6,3,220.00
50153,0,11,Mobile Phone,3,13,Credit Card,Female,2.00,2,Laptop & Accessory,5,Married,2,1,24.00,0,7,7,156.00
50154,0,0,Computer,1,6,Debit Card,Female,2.00,3,Laptop & Accessory,4,Married,2,0,20.00,0,1,4,164.00
50155,0,23,Mobile Phone,1,10,Debit Card,Male,3.00,3,Others,4,Married,4,0,14.00,1,1,6,291.00
50156,0,26,Mobile Phone,1,9,Credit Card,Male,2.00,3,Grocery,3,Divorced,4,1,16.00,1,1,3,276.00
50157,0,15,Phone,3,6,Debit Card,Male,2.00,3,Laptop & Accessory,3,Divorced,2,0,25.00,4,11,6,149.00
50158,0,2,Computer,3,8,Debit Card,Male,2.00,3,Laptop & Accessory,2,Single,2,0,18.00,0,1,9,146.00
50159,0,28,Mobile Phone,1,26,COD,Male,2.00,3,Laptop & Accessory,2,Divorced,4,1,19.00,1,1,8,154.00
50160,0,0,Computer,1,17,Credit Card,Male,2.00,3,Laptop & Accessory,5,Divorced,2,1,13.00,2,3,3,147.00
50161,0,9,Phone,1,6,Debit Card,Female,2.00,3,Mobile,2,Single,2,0,12.00,1,5,7,121.00
50162,1,7,Computer,1,30,Debit Card,Male,3.00,3,Mobile,3,Married,4,1,22.00,0,1,0,132.00
50163,0,11,Mobile Phone,1,29,Debit Card,Male,2.00,3,Laptop & Accessory,2,Married,10,0,14.00,0,1,2,157.00
50164,1,0,Phone,1,14,CC,Male,2.00,3,Mobile,4,Married,3,1,13.00,1,1,2,124.00
50165,0,1,Phone,1,14,Debit Card,Female,3.00,3,Mobile,2,Single,2,0,21.00,0,1,2,133.00
50166,0,22,Computer,1,16,Debit Card,Female,2.00,3,Others,5,Single,10,1,11.00,1,1,2,287.00
50167,0,9,Phone,1,9,COD,Male,1.00,3,Laptop & Accessory,4,Single,5,0,12.00,6,7,7,145.00
50168,0,4,Computer,3,11,E wallet,Female,3.00,3,Mobile,4,Married,2,0,11.00,0,2,2,128.00
50169,1,0,Mobile Phone,3,10,E wallet,Male,2.00,4,Laptop & Accessory,2,Single,2,1,12.00,7,7,4,158.00
50170,0,10,Computer,1,14,CC,Male,2.00,3,Mobile,2,Divorced,2,1,12.00,0,1,2,123.00
50171,0,15,Computer,3,32,E wallet,Female,3.00,3,Grocery,4,Divorced,6,0,14.00,2,2,8,235.00
50172,1,9,Mobile Phone,1,9,Debit Card,Male,2.00,3,Mobile Phone,3,Single,2,0,13.00,0,1,0,114.00
50173,0,8,Mobile Phone,3,22,E wallet,Male,3.00,3,Fashion,4,Divorced,1,0,15.00,3,6,9,180.00
50174,0,9,Computer,1,24,Debit Card,Male,2.00,2,Mobile Phone,2,Divorced,5,0,18.00,0,1,0,137.00
50175,0,24,Mobile Phone,1,8,Credit Card,Male,2.00,5,Laptop & Accessory,4,Married,6,0,18.00,0,1,2,155.00
50176,0,14,Mobile Phone,3,8,Debit Card,Male,2.00,3,Grocery,4,Single,2,0,19.00,1,2,4,260.00
50177,0,0,Mobile Phone,3,16,Credit Card,Female,3.00,4,Mobile Phone,3,Single,2,0,12.00,1,1,0,112.00
50178,0,1,Mobile Phone,1,22,Credit Card,Male,3.00,2,Laptop & Accessory,5,Single,1,0,19.00,0,1,7,157.00
50179,0,4,Mobile Phone,3,13,COD,Male,3.00,2,Laptop & Accessory,2,Divorced,5,0,11.00,3,7,7,169.00
50180,0,12,Mobile Phone,1,6,Credit Card,Male,2.00,2,Fashion,2,Married,1,0,17.00,3,3,7,196.00
50181,0,9,Computer,1,30,Debit Card,Female,2.00,3,Laptop & Accessory,4,Divorced,8,0,15.00,0,1,8,157.00
50182,0,5,Mobile Phone,3,13,Debit Card,Male,3.00,4,Laptop & Accessory,3,Divorced,2,0,14.00,1,4,8,155.00
50183,0,11,Mobile Phone,1,31,Debit Card,Female,2.00,4,Fashion,4,Divorced,4,0,17.00,1,1,3,221.00
50184,0,30,Computer,1,6,Debit Card,Male,2.00,5,Laptop & Accessory,3,Married,3,1,13.00,1,1,2,157.00
50185,0,4,Phone,1,11,COD,Male,2.00,3,Mobile Phone,2,Divorced,1,1,12.00,0,1,3,148.00
50186,0,4,Mobile Phone,2,8,UPI,Male,3.00,4,Laptop & Accessory,5,Divorced,4,0,12.00,0,1,0,164.00
50187,0,18,Computer,1,13,Debit Card,Male,3.00,3,Fashion,5,Married,2,0,18.00,5,9,11,152.00
50188,0,4,Phone,1,8,Debit Card,Male,3.00,3,Mobile,2,Married,1,1,18.00,1,2,2,127.00
50189,0,6,Computer,1,11,Debit Card,Female,3.00,3,Fashion,4,Divorced,7,0,11.00,2,8,3,219.00
50190,0,12,Mobile Phone,1,16,Credit Card,Male,2.00,3,Grocery,5,Divorced,2,1,14.00,1,11,10,271.00
50191,0,16,Computer,1,14,Debit Card,Female,2.00,3,Mobile,2,Single,1,0,19.00,0,1,7,125.00
50192,0,22,Mobile Phone,1,6,Cash on Delivery,Female,2.00,4,Grocery,3,Single,8,1,12.00,1,2,7,240.00
50193,1,15,Phone,1,14,Credit Card,Male,2.00,4,Laptop & Accessory,4,Divorced,3,0,15.00,7,7,7,149.00
50194,0,0,Phone,1,14,Debit Card,Female,2.00,3,Mobile,4,Single,2,1,12.00,0,1,2,125.00
50195,0,5,Mobile Phone,3,14,COD,Female,3.00,4,Laptop & Accessory,4,Divorced,2,1,11.00,6,11,9,152.00
50196,0,0,Phone,3,8,Debit Card,Male,3.00,3,Laptop & Accessory,3,Single,2,1,11.00,1,1,4,145.00
50197,0,4,Mobile Phone,3,13,E wallet,Male,3.00,3,Laptop & Accessory,2,Married,5,0,12.00,0,1,7,175.00
50198,0,5,Mobile Phone,1,8,Credit Card,Female,3.00,2,Laptop & Accessory,2,Single,8,0,16.00,1,1,7,151.00
50199,1,0,Phone,1,8,CC,Male,2.00,5,Mobile,2,Divorced,6,1,13.00,2,2,2,135.00
50200,0,3,Mobile Phone,1,34,Credit Card,Female,3.00,3,Laptop & Accessory,2,Divorced,2,0,13.00,0,1,9,158.00
50201,0,4,Computer,1,13,Debit Card,Female,2.00,4,Fashion,3,Divorced,2,0,24.00,3,8,9,189.00
50202,0,12,Computer,1,5,Credit Card,Male,2.00,4,Others,2,Divorced,2,0,15.00,9,13,3,293.00
50203,1,2,Mobile Phone,3,9,Credit Card,Female,2.00,3,Laptop & Accessory,3,Divorced,5,1,18.00,1,1,0,152.00
50204,0,6,Computer,3,16,E wallet,Male,2.00,4,Laptop & Accessory,2,Single,4,0,14.00,1,1,1,147.00
50205,0,20,Mobile Phone,1,11,Debit Card,Male,2.00,3,Others,3,Divorced,5,0,11.00,1,1,1,283.00
50206,0,16,Computer,1,16,Debit Card,Female,2.00,4,Laptop & Accessory,3,Married,2,0,11.00,0,1,0,153.00
50207,0,0,Computer,3,6,E wallet,Male,3.00,3,Laptop & Accessory,4,Divorced,1,1,13.00,0,1,4,163.00
50208,0,27,Computer,1,26,Debit Card,Female,2.00,3,Laptop & Accessory,3,Single,4,0,12.00,1,1,3,149.00
50209,0,16,Mobile Phone,1,13,Debit Card,Female,2.00,3,Fashion,5,Divorced,9,0,16.00,1,1,0,200.00
50210,0,18,Phone,1,14,UPI,Male,3.00,3,Laptop & Accessory,2,Divorced,10,0,14.00,7,9,8,137.00
50211,0,13,Mobile Phone,3,6,Credit Card,Male,2.00,5,Laptop & Accessory,2,Divorced,3,1,22.00,1,1,2,175.00
50212,1,9,Phone,1,14,UPI,Male,3.00,5,Mobile,5,Divorced,2,1,11.00,1,1,7,121.00
50213,0,2,Phone,1,15,UPI,Male,1.00,4,Mobile Phone,2,Single,1,0,17.00,2,2,2,140.00
50214,0,3,Mobile Phone,3,11,E wallet,Female,1.00,4,Laptop & Accessory,3,Married,2,0,13.00,0,1,2,161.00
50215,0,0,Mobile Phone,3,14,E wallet,Female,2.00,3,Laptop & Accessory,4,Divorced,2,0,18.00,0,1,7,162.00
50216,0,10,Mobile Phone,1,11,Credit Card,Male,3.00,3,Laptop & Accessory,2,Married,8,0,16.00,0,1,4,163.00
50217,0,11,Mobile Phone,1,21,Debit Card,Male,3.00,4,Fashion,2,Married,1,1,14.00,1,2,3,215.00
50218,0,4,Mobile Phone,1,13,Credit Card,Female,2.00,3,Fashion,2,Single,2,1,14.00,2,4,10,171.00
50219,0,2,Mobile Phone,3,16,E wallet,Female,2.00,4,Laptop & Accessory,4,Married,2,1,14.00,0,1,7,183.00
50220,0,8,Mobile Phone,1,11,COD,Male,3.00,3,Fashion,4,Single,1,0,13.00,0,1,13,181.00
50221,0,0,Phone,1,32,Debit Card,Male,3.00,3,Mobile,2,Married,2,0,12.00,1,1,2,129.00
50222,0,14,Mobile Phone,1,12,Credit Card,Male,3.00,4,Laptop & Accessory,4,Single,7,1,15.00,1,1,2,160.00
50223,0,20,Computer,3,10,CC,Male,3.00,3,Laptop & Accessory,3,Single,4,0,19.00,0,1,0,130.00
50224,0,15,Mobile Phone,1,29,Debit Card,Female,2.00,3,Grocery,2,Single,3,0,14.00,0,2,0,260.00
50225,0,2,Computer,3,8,Debit Card,Male,3.00,3,Laptop & Accessory,3,Divorced,2,0,14.00,1,1,2,146.00
50226,0,15,Phone,2,8,COD,Male,3.00,3,Mobile,3,Married,1,1,11.00,1,1,0,127.00
50227,0,5,Phone,1,14,CC,Female,3.00,3,Mobile,4,Divorced,2,0,13.00,0,1,7,124.00
50228,0,21,Mobile Phone,3,35,Credit Card,Female,3.00,3,Fashion,3,Divorced,4,0,21.00,0,1,3,225.00
50229,0,10,Mobile Phone,1,12,Credit Card,Male,2.00,2,Laptop & Accessory,5,Married,5,1,13.00,2,6,7,160.00
50230,0,3,Computer,3,31,COD,Female,2.00,3,Laptop & Accessory,3,Divorced,8,1,12.00,1,2,2,147.00
50231,0,0,Mobile Phone,3,6,Debit Card,Male,2.00,3,Laptop & Accessory,3,Divorced,2,0,17.00,2,7,7,153.00
50232,0,15,Mobile Phone,1,8,UPI,Male,3.00,4,Laptop & Accessory,2,Single,4,0,23.00,0,1,0,168.00
50233,1,9,Computer,3,6,Cash on Delivery,Female,2.00,4,Mobile,4,Single,2,1,11.00,1,1,2,122.00
50234,0,9,Computer,3,6,Credit Card,Female,2.00,3,Laptop & Accessory,2,Single,5,0,15.00,1,1,0,167.00
50235,0,9,Computer,3,9,Credit Card,Male,2.00,4,Fashion,2,Divorced,5,0,11.00,0,1,12,197.00
50236,0,30,Mobile Phone,1,6,Credit Card,Male,2.00,3,Laptop & Accessory,3,Divorced,3,0,11.00,1,1,2,168.00
50237,0,9,Phone,1,16,Debit Card,Female,2.00,2,Mobile,3,Divorced,4,1,13.00,0,1,7,122.00
50238,0,0,Computer,3,14,CC,Male,2.00,3,Mobile,2,Single,2,0,24.00,0,2,2,126.00
50239,1,0,Phone,3,11,E wallet,Female,3.00,3,Mobile,3,Single,2,1,13.00,1,1,0,129.00
50240,0,10,Phone,1,16,CC,Female,3.00,3,Mobile,5,Divorced,7,0,20.00,1,1,3,135.00
50241,0,19,Computer,1,13,Credit Card,Female,1.00,3,Laptop & Accessory,3,Divorced,3,0,14.00,0,1,0,153.00
50242,1,4,Computer,3,10,E wallet,Male,2.00,3,Laptop & Accessory,4,Single,2,0,18.00,7,7,7,194.00
50243,0,23,Mobile Phone,1,16,Cash on Delivery,Male,3.00,4,Fashion,2,Single,7,0,15.00,0,1,3,205.00
50244,1,3,Mobile Phone,3,28,E wallet,Male,3.00,4,Laptop & Accessory,3,Divorced,3,1,12.00,1,1,0,164.00
50245,0,4,Phone,1,14,Debit Card,Male,2.00,4,Mobile,4,Single,1,1,16.00,1,2,2,127.00
50246,1,0,Phone,3,18,Debit Card,Female,3.00,2,Mobile,4,Single,2,0,15.00,0,1,0,127.00
50247,0,9,Phone,1,29,Debit Card,Male,2.00,3,Mobile,2,Single,10,0,16.00,1,1,2,122.00
50248,0,8,Mobile Phone,1,15,Debit Card,Male,3.00,4,Laptop & Accessory,4,Single,10,0,19.00,1,1,0,165.00
50249,0,0,Phone,1,6,Credit Card,Male,2.00,3,Mobile Phone,4,Married,2,0,11.00,0,1,4,138.00
50250,0,1,Mobile Phone,3,15,Debit Card,Male,3.00,3,Laptop & Accessory,2,Single,2,0,16.00,1,1,7,153.00
50251,0,22,Phone,1,13,UPI,Male,2.00,4,Fashion,3,Single,9,0,24.00,1,1,0,145.00
50252,0,24,Phone,3,20,Debit Card,Female,2.00,3,Laptop & Accessory,2,Divorced,5,0,11.00,0,1,7,149.00
50253,0,9,Phone,1,14,Debit Card,Female,3.00,3,Mobile,3,Divorced,5,0,13.00,1,2,2,125.00
50254,1,0,Computer,3,25,E wallet,Male,3.00,2,Laptop & Accessory,2,Single,9,1,13.00,1,1,4,153.00
50255,0,28,Mobile Phone,1,8,Debit Card,Female,3.00,3,Grocery,2,Single,3,1,13.00,1,1,2,267.00
50256,0,0,Phone,3,16,E wallet,Female,3.00,3,Laptop & Accessory,3,Married,2,1,12.00,0,1,3,143.00
50257,0,3,Phone,3,14,COD,Male,3.00,3,Mobile,4,Divorced,2,0,18.00,1,1,0,125.00
50258,1,0,Computer,1,9,COD,Male,3.00,3,Mobile,5,Single,1,0,22.00,0,1,4,131.00
50259,0,9,Phone,1,17,CC,Female,2.00,3,Mobile,4,Divorced,2,0,13.00,1,1,2,122.00
50260,0,9,Mobile Phone,3,8,Credit Card,Male,3.00,4,Fashion,3,Divorced,2,0,13.00,9,9,0,176.00
50261,1,9,Computer,1,10,COD,Male,2.00,3,Mobile,2,Single,19,1,23.00,1,1,0,123.00
50262,0,10,Phone,1,20,Debit Card,Female,3.00,3,Mobile,5,Married,2,0,12.00,3,12,17,130.00
50263,0,13,Mobile Phone,3,8,E wallet,Female,2.00,3,Laptop & Accessory,4,Married,8,0,12.00,0,1,3,157.00
50264,0,15,Phone,1,14,Debit Card,Female,3.00,3,Mobile,5,Married,4,0,16.00,1,1,2,126.00
50265,0,10,Phone,1,16,Debit Card,Male,2.00,3,Laptop & Accessory,4,Single,3,1,12.00,0,1,1,142.00
50266,0,16,Mobile Phone,1,18,Debit Card,Male,2.00,4,Grocery,4,Married,2,0,11.00,0,2,9,243.00
50267,0,13,Phone,1,8,CC,Female,3.00,4,Laptop & Accessory,3,Divorced,7,0,22.00,1,1,0,134.00
50268,0,27,Mobile Phone,1,11,Credit Card,Male,2.00,3,Others,5,Divorced,5,0,15.00,1,1,2,294.00
50269,0,7,Computer,3,10,E wallet,Female,3.00,3,Laptop & Accessory,3,Divorced,10,0,15.00,1,1,2,165.00
50270,0,4,Phone,1,13,Credit Card,Female,2.00,3,Laptop & Accessory,5,Divorced,2,0,12.00,3,3,12,143.00
50271,0,9,Computer,1,27,CC,Male,3.00,3,Mobile,2,Divorced,8,0,20.00,0,1,2,123.00
50272,0,16,Phone,1,14,UPI,Female,3.00,3,Laptop & Accessory,3,Married,5,1,14.00,0,1,2,145.00
50273,0,0,Phone,3,10,Debit Card,Female,2.00,4,Laptop & Accessory,2,Single,2,1,11.00,0,1,3,145.00
50274,0,10,Computer,1,31,Credit Card,Female,3.00,3,Laptop & Accessory,3,Divorced,4,1,15.00,3,10,7,144.00
50275,0,9,Phone,1,6,Debit Card,Male,3.00,4,Mobile,5,Divorced,2,0,12.00,0,3,2,122.00
50276,0,12,Computer,1,6,Debit Card,Male,2.00,3,Others,3,Married,2,1,14.00,0,1,6,292.00
50277,0,29,Computer,3,12,Debit Card,Female,2.00,2,Grocery,5,Divorced,10,0,11.00,2,2,7,232.00
50278,0,3,Mobile Phone,3,18,COD,Female,2.00,3,Laptop & Accessory,3,Single,1,0,11.00,3,4,4,166.00
50279,0,14,Mobile Phone,3,6,E wallet,Male,2.00,2,Fashion,5,Divorced,2,0,16.00,1,1,7,184.00
50280,0,1,Phone,1,23,Credit Card,Male,3.00,3,Laptop & Accessory,5,Married,2,0,12.00,0,1,8,146.00
50281,1,0,Phone,1,9,Credit Card,Male,3.00,3,Mobile Phone,5,Divorced,6,0,13.00,1,1,2,140.00
51964,0,0,Phone,1,8,CC,Male,3.00,1,Mobile,5,Single,8,0,13.00,0,1,1,134.00
50282,0,25,Mobile Phone,1,9,Credit Card,Male,2.00,4,Fashion,3,Divorced,3,1,14.00,0,1,4,180.00
50283,0,18,Phone,1,14,Debit Card,Male,3.00,3,Mobile,2,Divorced,4,0,21.00,1,1,2,127.00
50284,0,25,Mobile Phone,1,10,Debit Card,Female,1.00,3,Grocery,2,Divorced,3,0,13.00,1,1,4,266.00
50285,0,15,Computer,1,35,Debit Card,Female,3.00,3,Laptop & Accessory,3,Married,3,0,11.00,1,1,2,146.00
50286,0,3,Mobile Phone,1,8,Debit Card,Female,2.00,5,Laptop & Accessory,2,Single,3,0,20.00,0,1,2,161.00
50287,0,30,Mobile Phone,1,13,Debit Card,Female,2.00,3,Others,5,Divorced,6,0,15.00,0,11,10,296.00
50288,0,19,Phone,1,24,Credit Card,Female,2.00,3,Laptop & Accessory,3,Married,3,0,14.00,0,1,8,148.00
50289,0,15,Computer,1,34,COD,Female,2.00,4,Laptop & Accessory,2,Divorced,1,0,11.00,0,1,4,145.00
50290,1,0,Phone,3,6,COD,Female,3.00,3,Mobile,4,Single,2,1,16.00,1,1,4,132.00
50291,1,0,Computer,3,14,E wallet,Female,2.00,5,Mobile,3,Married,1,0,16.00,1,1,0,124.00
50292,0,9,Computer,1,8,Debit Card,Male,2.00,3,Mobile Phone,2,Divorced,2,1,23.00,1,1,0,117.00
50293,0,13,Mobile Phone,3,8,Debit Card,Female,3.00,3,Others,3,Divorced,1,0,14.00,1,1,12,280.00
50294,0,0,Phone,1,29,Debit Card,Female,3.00,3,Mobile,2,Married,2,0,22.00,1,1,2,129.00
50295,0,9,Computer,1,9,Debit Card,Male,2.00,3,Mobile,2,Divorced,5,0,15.00,0,1,4,121.00
50296,0,2,Mobile Phone,1,9,Credit Card,Male,3.00,4,Fashion,3,Divorced,2,0,18.00,1,1,3,219.00
50297,1,0,Phone,1,14,COD,Female,3.00,4,Mobile,4,Divorced,6,0,16.00,0,1,1,125.00
50298,1,0,Phone,2,14,COD,Male,2.00,4,Mobile,2,Single,2,0,12.00,1,1,0,126.00
50299,0,3,Computer,3,28,UPI,Female,3.00,3,Fashion,5,Divorced,1,0,11.00,2,7,8,184.00
50300,0,30,Mobile Phone,3,35,E wallet,Male,2.00,4,Grocery,2,Married,4,0,12.00,0,2,0,241.00
50301,0,23,Mobile Phone,1,35,Debit Card,Male,2.00,4,Grocery,3,Divorced,1,0,15.00,1,15,7,270.00
50302,0,3,Computer,1,14,CC,Female,2.00,3,Mobile,2,Single,1,0,14.00,5,6,7,126.00
50303,0,30,Computer,3,34,E wallet,Female,3.00,4,Fashion,5,Divorced,5,0,19.00,13,13,11,203.00
50304,0,20,Mobile Phone,1,8,Credit Card,Female,3.00,3,Laptop & Accessory,2,Married,6,0,13.00,0,1,4,151.00
50305,0,19,Mobile Phone,1,8,Debit Card,Male,2.00,3,Grocery,3,Divorced,7,0,13.00,1,1,1,279.00
50306,0,8,Phone,1,28,Debit Card,Male,2.00,5,Mobile Phone,3,Single,1,0,15.00,2,4,3,142.00
50307,0,27,Phone,1,14,Debit Card,Female,2.00,3,Laptop & Accessory,3,Single,8,0,11.00,1,1,0,138.00
50308,0,7,Phone,1,8,Debit Card,Male,3.00,4,Mobile,3,Married,4,0,12.00,5,5,7,128.00
50309,0,19,Mobile Phone,3,16,E wallet,Female,3.00,4,Fashion,2,Divorced,3,1,19.00,1,1,2,191.00
50310,0,4,Mobile Phone,1,15,Debit Card,Male,2.00,3,Fashion,4,Married,2,0,25.00,1,1,8,206.00
50311,1,0,Mobile Phone,1,21,Credit Card,Male,2.00,3,Fashion,3,Divorced,8,1,12.00,0,2,7,236.00
50312,1,0,Phone,1,16,CC,Male,2.00,5,Mobile,2,Married,8,0,13.00,0,1,3,134.00
50313,0,3,Phone,3,13,E wallet,Male,3.00,3,Mobile,4,Single,1,0,14.00,1,1,2,130.00
50314,0,8,Mobile Phone,1,22,Debit Card,Male,3.00,3,Fashion,3,Divorced,5,1,12.00,0,1,0,176.00
50315,1,0,Computer,1,26,Debit Card,Male,3.00,3,Fashion,3,Divorced,4,0,12.00,1,1,0,198.00
50316,1,0,Computer,2,29,UPI,Female,2.00,3,Fashion,5,Married,10,1,15.00,1,1,2,200.00
50317,0,9,Computer,1,11,UPI,Male,3.00,3,Mobile,3,Divorced,5,0,17.00,2,2,0,121.00
50318,0,9,Computer,3,16,Credit Card,Male,2.00,3,Fashion,2,Single,2,0,14.00,1,9,7,200.00
50319,1,0,Computer,1,10,COD,Male,2.00,4,Mobile Phone,3,Single,6,0,16.00,1,1,2,139.00
50320,0,21,Phone,3,8,E wallet,Female,2.00,3,Laptop & Accessory,2,Divorced,3,0,14.00,4,6,7,141.00
50321,0,28,Mobile Phone,3,24,Debit Card,Female,2.00,3,Grocery,4,Single,4,0,23.00,1,7,7,268.00
50322,0,14,Computer,3,16,Debit Card,Male,2.00,3,Laptop & Accessory,2,Single,8,0,14.00,0,1,10,162.00
50323,0,8,Phone,3,6,E wallet,Male,2.00,3,Laptop & Accessory,3,Divorced,10,0,11.00,3,6,9,147.00
50324,0,13,Mobile Phone,1,12,Debit Card,Female,3.00,3,Grocery,3,Single,8,0,15.00,4,2,13,232.00
50325,0,12,Computer,1,14,Debit Card,Female,2.00,3,Mobile Phone,3,Divorced,2,0,11.00,0,1,7,138.00
50326,0,4,Mobile Phone,3,8,Debit Card,Male,3.00,3,Laptop & Accessory,2,Single,5,1,13.00,1,1,5,166.00
50327,0,15,Mobile Phone,1,30,Credit Card,Male,2.00,3,Fashion,5,Divorced,2,1,21.00,4,5,8,174.00
50328,0,18,Phone,3,8,UPI,Male,3.00,3,Laptop & Accessory,4,Divorced,1,0,19.00,3,3,7,148.00
50329,1,0,Computer,2,23,Debit Card,Female,3.00,3,Mobile,3,Married,1,1,11.00,0,1,0,127.00
50330,0,2,Phone,1,25,COD,Male,2.00,3,Laptop & Accessory,2,Married,5,0,12.00,0,1,2,143.00
50331,0,6,Mobile Phone,1,6,Credit Card,Female,3.00,2,Grocery,3,Married,5,0,19.00,1,1,5,262.00
50332,0,0,Mobile Phone,3,13,Debit Card,Male,2.00,4,Fashion,2,Married,10,0,21.00,1,1,3,216.00
50333,1,9,Computer,3,11,E wallet,Male,3.00,3,Mobile Phone,4,Single,2,1,14.00,1,1,0,119.00
50334,0,13,Computer,3,34,UPI,Male,2.00,5,Fashion,5,Married,4,0,15.00,1,1,3,209.00
50335,0,14,Computer,1,8,UPI,Female,3.00,4,Laptop & Accessory,3,Single,3,1,17.00,0,1,7,168.00
50336,0,0,Phone,3,35,Credit Card,Male,2.00,3,Laptop & Accessory,3,Married,6,0,12.00,1,1,0,143.00
50337,0,8,Phone,3,6,Credit Card,Female,3.00,3,Laptop & Accessory,3,Single,2,0,16.00,0,1,3,149.00
50338,0,7,Mobile Phone,3,27,Debit Card,Male,3.00,2,Laptop & Accessory,2,Single,2,0,12.00,5,5,7,153.00
50339,1,0,Phone,1,14,COD,Male,3.00,5,Mobile,2,Single,2,1,18.00,1,1,0,123.00
50340,0,10,Mobile Phone,1,6,COD,Female,2.00,3,Fashion,2,Single,5,0,17.00,1,1,2,175.00
50341,0,19,Computer,1,24,Credit Card,Female,2.00,3,Fashion,3,Divorced,6,0,11.00,1,1,2,205.00
50342,0,14,Mobile Phone,3,8,Debit Card,Female,3.00,3,Grocery,5,Divorced,8,0,16.00,1,11,8,266.00
50343,0,10,Computer,3,15,Credit Card,Male,3.00,3,Fashion,4,Married,2,0,13.00,6,7,7,188.00
50344,0,25,Mobile Phone,1,12,COD,Male,3.00,3,Laptop & Accessory,5,Married,4,1,12.00,2,6,9,156.00
50345,1,0,Computer,3,17,UPI,Male,2.00,2,Laptop & Accessory,3,Divorced,9,0,12.00,1,1,2,147.00
50346,0,0,Computer,3,14,CC,Male,2.00,3,Mobile,2,Divorced,1,0,13.00,0,2,1,124.00
50347,0,11,Mobile Phone,1,16,Credit Card,Female,3.00,3,Laptop & Accessory,3,Divorced,4,0,19.00,1,1,0,198.00
50348,0,10,Mobile Phone,1,6,Debit Card,Female,3.00,3,Laptop & Accessory,4,Divorced,7,0,12.00,3,4,3,164.00
50349,0,22,Mobile Phone,1,24,Debit Card,Male,2.00,4,Others,3,Married,2,1,15.00,0,1,9,295.00
50350,0,0,Phone,1,29,CC,Male,3.00,2,Mobile,2,Divorced,2,1,11.00,0,1,4,127.00
50351,0,0,Mobile Phone,3,34,E wallet,Male,3.00,3,Laptop & Accessory,4,Divorced,2,0,20.00,1,1,4,163.00
50352,0,9,Phone,1,23,UPI,Male,3.00,4,Mobile,4,Divorced,2,0,21.00,1,1,0,121.00
50353,0,23,Computer,2,9,Credit Card,Male,2.00,3,Others,4,Divorced,2,0,11.00,1,10,7,282.00
50354,0,9,Phone,3,19,CC,Male,2.00,3,Mobile,3,Divorced,2,0,11.00,1,1,6,121.00
50355,1,0,Computer,1,13,Debit Card,Female,3.00,3,Mobile,3,Divorced,2,1,16.00,0,1,2,129.00
50356,1,9,Computer,3,18,Debit Card,Male,3.00,4,Mobile,5,Divorced,2,0,18.00,1,1,0,120.00
50357,0,7,Phone,1,6,Debit Card,Male,2.00,4,Mobile Phone,2,Divorced,2,1,13.00,0,1,3,136.00
50358,1,0,Phone,3,19,Credit Card,Male,2.00,3,Laptop & Accessory,5,Married,3,0,17.00,0,1,2,142.00
50359,0,8,Phone,1,31,UPI,Male,2.00,4,Laptop & Accessory,2,Single,5,0,14.00,0,1,2,137.00
50360,0,4,Mobile Phone,3,12,Credit Card,Male,3.00,2,Laptop & Accessory,2,Married,5,0,22.00,3,5,7,155.00
50361,0,9,Phone,1,12,CC,Female,3.00,4,Mobile,3,Married,1,0,12.00,1,1,3,122.00
50362,0,10,Mobile Phone,3,8,E wallet,Male,3.00,3,Laptop & Accessory,3,Divorced,5,1,11.00,0,1,0,196.00
50363,0,0,Phone,1,6,Debit Card,Female,3.00,4,Mobile,4,Single,2,0,13.00,1,1,0,128.00
50364,0,15,Phone,1,8,Debit Card,Female,2.00,3,Laptop & Accessory,2,Divorced,2,0,13.00,2,2,2,141.00
50365,0,16,Mobile Phone,1,12,UPI,Male,2.00,4,Grocery,2,Married,5,1,14.00,1,1,0,266.00
50366,0,11,Phone,1,14,Debit Card,Female,2.00,3,Mobile,5,Single,4,0,17.00,1,1,0,126.00
50367,0,16,Computer,1,15,Credit Card,Male,3.00,3,Laptop & Accessory,3,Married,4,1,13.00,2,4,7,157.00
50368,0,21,Mobile Phone,1,6,Debit Card,Female,2.00,4,Grocery,5,Divorced,8,0,11.00,0,2,2,254.00
50369,0,17,Mobile Phone,2,6,Debit Card,Female,2.00,4,Laptop & Accessory,3,Single,5,0,11.00,1,1,2,160.00
50370,0,7,Phone,3,14,COD,Female,2.00,3,Mobile,3,Married,2,1,18.00,1,1,6,126.00
50371,1,0,Phone,3,8,E wallet,Male,3.00,3,Mobile,5,Married,1,0,11.00,0,1,2,130.00
50372,0,0,Phone,3,28,COD,Male,2.00,3,Mobile,3,Single,2,0,11.00,1,1,2,134.00
50373,0,17,Mobile Phone,1,9,UPI,Male,2.00,3,Others,2,Divorced,5,1,15.00,1,1,1,295.00
50374,0,0,Phone,1,12,CC,Male,3.00,3,Mobile,3,Divorced,1,0,20.00,2,2,2,128.00
50375,0,6,Mobile Phone,3,14,E wallet,Male,2.00,3,Laptop & Accessory,3,Married,1,0,12.00,1,1,2,171.00
50376,0,5,Mobile Phone,1,15,Debit Card,Female,3.00,3,Laptop & Accessory,2,Divorced,2,1,12.00,1,1,5,163.00
50377,0,9,Computer,1,9,CC,Female,3.00,3,Mobile,3,Married,2,0,20.00,1,1,0,121.00
50378,0,26,Mobile Phone,3,6,Credit Card,Female,2.00,3,Laptop & Accessory,5,Single,8,0,20.00,6,8,10,184.00
50379,0,7,Phone,1,6,Debit Card,Male,3.00,3,Mobile,2,Divorced,2,0,12.00,6,8,8,127.00
50380,1,8,Computer,3,32,Debit Card,Female,3.00,3,Laptop & Accessory,5,Divorced,3,0,14.00,0,1,0,143.00
50381,0,0,Phone,1,12,Debit Card,Female,3.00,3,Mobile,2,Divorced,2,1,13.00,0,1,2,127.00
50382,0,10,Mobile Phone,1,9,UPI,Male,2.00,3,Fashion,3,Divorced,2,0,15.00,6,7,8,194.00
50383,0,2,Mobile Phone,3,9,Credit Card,Female,3.00,3,Laptop & Accessory,3,Divorced,2,0,14.00,0,1,2,156.00
50384,0,8,Mobile Phone,1,12,Debit Card,Male,2.00,5,Laptop & Accessory,2,Single,2,0,13.00,11,11,8,166.00
50385,0,6,Computer,1,12,Debit Card,Male,1.00,3,Laptop & Accessory,2,Married,4,0,23.00,4,4,7,177.00
50386,0,27,Mobile Phone,2,25,Credit Card,Male,2.00,3,Fashion,4,Divorced,3,0,15.00,3,7,1,207.00
50387,0,9,Mobile Phone,1,15,Credit Card,Male,2.00,4,Laptop & Accessory,4,Married,3,1,11.00,1,1,2,188.00
50388,0,9,Phone,1,9,CC,Male,2.00,4,Mobile,2,Single,1,0,13.00,0,1,1,120.00
50389,1,0,Mobile Phone,1,16,Credit Card,Male,2.00,3,Mobile Phone,3,Single,2,1,11.00,0,1,1,110.00
50390,1,0,Computer,1,9,Debit Card,Male,3.00,3,Mobile,5,Single,2,1,11.00,9,9,7,133.00
50391,0,9,Computer,1,9,Debit Card,Male,2.00,4,Mobile Phone,3,Divorced,2,0,18.00,1,1,0,113.00
50392,0,0,Phone,1,10,CC,Male,3.00,2,Mobile,5,Divorced,3,0,16.00,0,1,2,128.00
50393,0,0,Phone,3,14,Debit Card,Male,2.00,2,Laptop & Accessory,4,Divorced,1,0,22.00,0,1,2,149.00
50394,0,11,Phone,3,13,E wallet,Female,2.00,4,Laptop & Accessory,2,Single,1,0,20.00,1,1,5,140.00
50395,0,2,Computer,1,6,Debit Card,Male,3.00,5,Mobile,2,Married,2,0,18.00,2,2,8,127.00
50396,0,21,Mobile Phone,3,8,E wallet,Male,2.00,2,Laptop & Accessory,4,Divorced,4,0,12.00,2,2,2,181.00
50397,0,0,Computer,3,9,Credit Card,Female,3.00,2,Laptop & Accessory,2,Married,2,1,20.00,1,1,4,146.00
50398,0,10,Phone,1,16,Debit Card,Male,3.00,2,Mobile Phone,2,Single,4,0,17.00,1,1,0,147.00
50399,0,23,Phone,1,34,CC,Male,3.00,2,Mobile,3,Divorced,2,1,11.00,3,3,8,132.00
50400,0,7,Mobile Phone,1,15,Credit Card,Female,2.00,4,Fashion,4,Single,2,0,14.00,4,7,7,186.00
50401,1,0,Phone,3,9,Debit Card,Female,3.00,3,Laptop & Accessory,3,Single,10,0,14.00,1,2,0,146.00
50402,0,12,Phone,1,8,COD,Female,3.00,4,Laptop & Accessory,3,Single,2,0,11.00,2,11,10,146.00
50403,0,5,Mobile Phone,3,16,E wallet,Male,2.00,3,Laptop & Accessory,2,Single,2,0,12.00,0,1,8,154.00
50404,1,13,Computer,3,14,COD,Male,2.00,3,Laptop & Accessory,3,Divorced,4,1,14.00,1,1,3,168.00
50405,0,11,Mobile Phone,1,6,Debit Card,Female,2.00,2,Laptop & Accessory,2,Single,1,0,13.00,1,1,8,176.00
50406,0,0,Mobile Phone,1,6,Debit Card,Female,3.00,3,Fashion,5,Divorced,2,0,11.00,1,1,7,174.00
50407,0,5,Mobile Phone,1,9,Debit Card,Female,2.00,3,Fashion,2,Single,4,0,15.00,3,7,3,212.00
50408,0,20,Mobile Phone,3,20,E wallet,Male,2.00,3,Laptop & Accessory,5,Single,3,0,12.00,0,1,7,150.00
50409,0,13,Computer,3,11,Debit Card,Male,2.00,4,Fashion,5,Divorced,6,1,21.00,0,1,12,205.00
50410,0,26,Mobile Phone,1,13,Debit Card,Male,2.00,2,Grocery,3,Divorced,4,0,19.00,0,2,3,248.00
50411,0,14,Mobile Phone,2,16,UPI,Male,3.00,4,Others,2,Married,4,0,15.00,1,12,6,291.00
50412,0,30,Mobile Phone,3,22,E wallet,Male,2.00,3,Laptop & Accessory,5,Single,9,0,14.00,1,2,2,154.00
50413,0,0,Computer,1,16,Debit Card,Male,2.00,3,Fashion,5,Married,2,0,21.00,1,1,7,188.00
50414,0,14,Mobile Phone,2,6,UPI,Male,2.00,4,Others,3,Divorced,2,0,12.00,1,2,10,292.00
50415,0,23,Phone,3,14,E wallet,Male,2.00,3,Mobile Phone,4,Divorced,8,0,15.00,1,2,2,139.00
50416,1,9,Phone,1,6,Debit Card,Female,3.00,5,Mobile,4,Single,8,1,13.00,1,3,7,122.00
50417,0,9,Computer,1,14,Debit Card,Female,3.00,2,Fashion,5,Divorced,10,0,14.00,0,1,3,217.00
50418,0,11,Mobile Phone,1,6,Debit Card,Female,2.00,3,Fashion,3,Single,5,1,14.00,0,1,0,179.00
50419,0,17,Computer,1,30,Credit Card,Male,2.00,5,Mobile Phone,3,Single,3,0,14.00,0,1,4,137.00
50420,0,20,Computer,3,9,Credit Card,Female,2.00,3,Grocery,3,Married,10,1,12.00,7,2,13,238.00
50421,0,3,Mobile Phone,3,33,E wallet,Male,2.00,3,Laptop & Accessory,2,Married,8,0,23.00,4,7,7,153.00
50422,0,2,Phone,3,14,Debit Card,Male,2.00,3,Mobile,3,Single,2,0,11.00,0,1,0,126.00
50423,1,5,Computer,1,25,CC,Male,3.00,2,Mobile,3,Married,7,1,12.00,2,2,2,128.00
50424,0,16,Computer,3,21,Debit Card,Male,2.00,4,Laptop & Accessory,2,Divorced,4,0,18.00,0,2,2,168.00
50425,0,7,Mobile Phone,1,14,Credit Card,Female,3.00,3,Laptop & Accessory,3,Single,4,0,11.00,1,4,3,161.00
50426,0,0,Phone,1,14,CC,Male,2.00,3,Mobile,5,Divorced,2,0,14.00,0,1,2,125.00
50427,0,12,Mobile Phone,2,9,UPI,Female,2.00,2,Laptop & Accessory,4,Divorced,10,0,15.00,3,3,6,164.00
50428,0,29,Mobile Phone,1,15,Credit Card,Male,2.00,3,Grocery,2,Divorced,8,0,11.00,0,1,3,211.00
50429,0,13,Phone,1,14,CC,Female,2.00,4,Mobile,2,Single,1,1,20.00,2,2,3,123.00
50430,0,0,Mobile Phone,1,13,Credit Card,Female,2.00,4,Laptop & Accessory,5,Single,9,0,19.00,1,1,7,168.00
50431,0,9,Phone,3,16,E wallet,Male,2.00,3,Mobile,4,Married,2,0,14.00,0,2,2,123.00
50432,0,26,Phone,1,14,Debit Card,Male,2.00,3,Laptop & Accessory,2,Single,3,0,17.00,1,2,2,125.00
50433,0,8,Computer,1,8,Debit Card,Female,3.00,3,Laptop & Accessory,5,Married,3,0,11.00,0,1,0,151.00
50434,0,5,Computer,1,30,Debit Card,Male,3.00,3,Laptop & Accessory,2,Divorced,2,0,15.00,2,4,7,153.00
50435,0,11,Phone,1,8,CC,Male,3.00,3,Mobile,3,Divorced,7,1,13.00,0,1,1,131.00
50436,0,7,Mobile Phone,1,14,Debit Card,Female,2.00,3,Laptop & Accessory,5,Married,4,0,14.00,1,1,0,151.00
50437,0,25,Mobile Phone,3,9,E wallet,Male,2.00,4,Grocery,5,Divorced,2,0,11.00,1,1,16,269.00
50438,1,0,Phone,1,6,UPI,Male,3.00,3,Mobile,2,Single,2,1,13.00,5,7,8,127.00
50439,0,0,Mobile Phone,3,32,Credit Card,Female,2.00,3,Laptop & Accessory,2,Single,2,0,23.00,0,1,4,162.00
50440,0,18,Mobile Phone,3,8,COD,Male,2.00,5,Laptop & Accessory,3,Single,1,0,13.00,0,3,1,166.00
50441,0,0,Phone,1,16,Credit Card,Male,3.00,2,Mobile,3,Single,2,0,18.00,1,1,2,135.00
50442,1,10,Computer,3,33,Debit Card,Female,3.00,1,Laptop & Accessory,3,Single,5,1,12.00,1,1,3,164.00
50443,0,7,Mobile Phone,3,8,UPI,Male,2.00,3,Laptop & Accessory,2,Single,2,0,22.00,0,1,4,163.00
50444,1,18,Mobile Phone,1,8,Credit Card,Male,3.00,3,Others,5,Divorced,6,1,15.00,1,1,4,299.00
50445,0,9,Computer,3,14,Debit Card,Male,3.00,4,Fashion,5,Single,2,0,15.00,0,1,9,176.00
50446,0,25,Computer,1,25,Credit Card,Male,2.00,3,Mobile Phone,2,Divorced,1,0,18.00,1,1,2,143.00
50447,0,0,Computer,1,6,Debit Card,Female,3.00,5,Mobile Phone,2,Married,4,0,14.00,2,2,0,144.00
50448,0,2,Phone,1,33,Credit Card,Female,3.00,3,Laptop & Accessory,3,Divorced,5,0,12.00,1,1,1,143.00
50449,1,0,Mobile Phone,3,14,COD,Male,2.00,4,Laptop & Accessory,5,Single,7,0,17.00,1,1,2,153.00
50450,0,7,Phone,1,6,Debit Card,Female,3.00,1,Mobile,2,Single,3,0,16.00,0,1,3,133.00
50451,0,27,Mobile Phone,1,25,Credit Card,Female,3.00,3,Laptop & Accessory,5,Married,10,1,11.00,0,1,4,155.00
50452,0,2,Computer,3,5,E wallet,Male,2.00,3,Laptop & Accessory,2,Divorced,1,0,19.00,0,1,1,143.00
50453,0,10,Phone,1,16,Debit Card,Female,3.00,3,Mobile,5,Married,1,1,13.00,3,4,3,128.00
50454,0,11,Computer,1,8,Debit Card,Female,3.00,1,Laptop & Accessory,5,Single,7,1,12.00,4,4,12,160.00
50455,0,7,Phone,1,8,Credit Card,Female,2.00,4,Mobile Phone,5,Single,2,0,11.00,1,1,3,144.00
50456,0,8,Phone,3,14,Debit Card,Female,3.00,3,Mobile,2,Divorced,2,0,16.00,0,1,2,126.00
50457,0,3,Phone,1,6,Debit Card,Male,2.00,5,Mobile Phone,3,Divorced,4,0,21.00,1,1,2,138.00
50458,0,13,Computer,1,8,Credit Card,Female,2.00,1,Laptop & Accessory,4,Divorced,2,0,24.00,0,3,7,142.00
50459,0,7,Mobile Phone,3,14,Debit Card,Female,3.00,3,Laptop & Accessory,5,Divorced,6,0,17.00,1,1,2,165.00
50460,0,15,Computer,1,14,Debit Card,Male,3.00,3,Others,2,Married,2,0,13.00,1,14,9,284.00
50461,1,9,Mobile Phone,1,12,Debit Card,Male,3.00,1,Mobile Phone,5,Divorced,2,1,21.00,1,1,0,116.00
50462,0,0,Computer,1,15,Debit Card,Male,3.00,4,Mobile,4,Married,2,0,11.00,1,1,0,127.00
50463,0,25,Phone,1,17,Debit Card,Female,3.00,3,Laptop & Accessory,3,Divorced,9,0,20.00,1,1,4,131.00
50464,0,23,Mobile Phone,1,8,Credit Card,Male,3.00,3,Grocery,3,Divorced,6,0,16.00,1,1,3,276.00
50465,1,0,Phone,1,14,Debit Card,Female,2.00,4,Mobile,5,Divorced,2,1,11.00,0,1,0,123.00
50466,0,6,Mobile Phone,1,13,Credit Card,Male,2.00,3,Fashion,3,Divorced,1,0,11.00,0,3,3,217.00
50467,1,0,Mobile Phone,3,22,E wallet,Female,3.00,3,Laptop & Accessory,5,Single,6,0,15.00,1,1,2,153.00
50468,0,20,Mobile Phone,1,8,UPI,Female,2.00,3,Grocery,2,Divorced,2,1,11.00,1,3,0,268.00
50469,0,9,Mobile Phone,1,6,UPI,Female,2.00,3,Laptop & Accessory,4,Divorced,1,0,15.00,0,1,5,152.00
50470,0,2,Phone,1,29,Debit Card,Male,3.00,1,Mobile,3,Divorced,2,0,24.00,1,1,7,127.00
50471,1,20,Mobile Phone,1,8,Debit Card,Male,2.00,3,Others,4,Single,8,1,15.00,5,13,8,292.00
50472,0,8,Phone,1,14,Debit Card,Female,2.00,1,Mobile,3,Single,4,0,13.00,0,2,2,125.00
50473,0,15,Mobile Phone,1,6,Debit Card,Female,2.00,4,Laptop & Accessory,2,Divorced,10,1,13.00,0,1,2,161.00
50474,1,0,Phone,1,8,Credit Card,Male,2.00,3,Mobile Phone,3,Single,7,0,17.00,0,2,1,144.00
50475,0,9,Phone,2,19,UPI,Male,2.00,3,Mobile,4,Divorced,4,0,13.00,1,1,4,121.00
50476,0,5,Mobile Phone,1,10,Debit Card,Female,3.00,4,Laptop & Accessory,3,Divorced,2,0,12.00,1,6,8,162.00
50477,0,13,Computer,1,22,Credit Card,Male,2.00,4,Laptop & Accessory,3,Single,7,0,14.00,1,1,0,151.00
50478,0,3,Mobile Phone,1,8,Credit Card,Female,2.00,4,Laptop & Accessory,2,Single,6,1,24.00,1,1,0,169.00
50479,0,9,Phone,1,8,Debit Card,Female,3.00,4,Mobile,3,Single,2,0,14.00,1,1,0,123.00
50480,0,15,Phone,1,35,Debit Card,Male,3.00,3,Laptop & Accessory,4,Divorced,2,0,13.00,2,7,8,144.00
50481,0,11,Computer,1,18,Debit Card,Male,2.00,4,Laptop & Accessory,5,Married,3,0,15.00,1,1,2,163.00
50482,0,7,Computer,1,14,Debit Card,Female,3.00,4,Mobile,2,Single,2,0,16.00,1,1,3,126.00
50483,1,12,Mobile Phone,3,17,E wallet,Female,2.00,3,Fashion,2,Divorced,2,0,18.00,0,7,7,177.00
50484,1,18,Mobile Phone,3,8,Credit Card,Male,2.00,3,Laptop & Accessory,2,Single,5,0,16.00,0,7,3,152.00
50485,0,16,Mobile Phone,1,20,Debit Card,Male,3.00,3,Grocery,5,Divorced,7,0,24.00,1,1,0,272.00
50486,0,0,Mobile Phone,1,11,Cash on Delivery,Male,2.00,4,Fashion,2,Married,2,1,16.00,0,1,3,228.00
50487,0,8,Mobile Phone,1,13,UPI,Male,2.00,3,Fashion,3,Single,4,0,21.00,0,1,6,202.00
50488,0,1,Phone,3,8,E wallet,Female,2.00,3,Laptop & Accessory,4,Divorced,2,1,20.00,7,7,5,148.00
50489,0,7,Phone,2,9,UPI,Male,2.00,3,Mobile Phone,2,Divorced,1,0,19.00,1,1,2,137.00
50490,1,0,Computer,1,14,CC,Female,2.00,4,Mobile,3,Divorced,2,1,14.00,0,1,7,124.00
50491,0,9,Computer,1,9,Credit Card,Male,2.00,3,Mobile Phone,2,Divorced,2,0,11.00,1,1,0,117.00
50492,0,24,Mobile Phone,3,32,E wallet,Female,3.00,3,Grocery,3,Divorced,3,0,14.00,1,4,17,263.00
50493,0,17,Mobile Phone,1,10,Credit Card,Male,2.00,3,Laptop & Accessory,4,Single,10,0,12.00,1,2,3,159.00
50494,0,0,Phone,1,8,CC,Male,3.00,1,Mobile,5,Single,8,0,13.00,1,1,1,134.00
50495,0,6,Phone,3,6,Credit Card,Male,2.00,1,Laptop & Accessory,5,Married,2,0,22.00,0,1,8,140.00
50496,0,8,Phone,1,14,CC,Female,2.00,4,Mobile,5,Single,2,0,11.00,1,1,1,126.00
50497,0,9,Mobile Phone,3,6,Debit Card,Male,2.00,3,Laptop & Accessory,2,Divorced,2,1,14.00,2,4,11,162.00
50498,0,5,Phone,3,19,Debit Card,Male,3.00,3,Laptop & Accessory,2,Married,3,0,11.00,0,1,3,144.00
50499,0,3,Computer,1,11,Debit Card,Male,3.00,4,Mobile Phone,2,Married,10,0,12.00,0,1,3,138.00
50500,0,26,Mobile Phone,3,13,E wallet,Female,3.00,4,Fashion,2,Divorced,8,1,18.00,0,1,3,209.00
50501,0,18,Mobile Phone,3,15,E wallet,Male,3.00,3,Fashion,5,Married,5,1,12.00,1,1,2,208.00
50502,0,5,Mobile Phone,1,14,Credit Card,Female,3.00,1,Laptop & Accessory,3,Divorced,6,0,12.00,1,1,3,152.00
50503,0,25,Computer,1,31,Credit Card,Female,2.00,4,Grocery,2,Divorced,4,0,22.00,0,2,0,238.00
50504,0,10,Mobile Phone,3,22,E wallet,Male,3.00,4,Laptop & Accessory,3,Married,5,0,19.00,1,1,0,163.00
50505,0,1,Phone,2,14,Credit Card,Male,3.00,4,Mobile Phone,2,Married,2,0,13.00,0,1,4,149.00
50506,0,0,Phone,1,6,Debit Card,Male,2.00,4,Laptop & Accessory,2,Divorced,7,0,22.00,2,2,2,148.00
50507,0,17,Phone,1,14,Debit Card,Male,3.00,1,Mobile,2,Divorced,3,1,24.00,1,1,2,128.00
50508,0,15,Computer,1,14,CC,Male,2.00,3,Mobile,2,Single,6,1,14.00,0,2,2,125.00
50509,0,9,Phone,2,14,Debit Card,Male,3.00,4,Mobile,5,Divorced,1,0,21.00,1,1,3,123.00
50510,0,0,Phone,3,9,UPI,Male,3.00,3,Laptop & Accessory,5,Divorced,2,1,18.00,1,1,3,142.00
50511,0,8,Mobile Phone,1,15,Debit Card,Female,3.00,4,Fashion,3,Divorced,2,1,20.00,2,5,15,207.00
50512,1,9,Computer,1,31,Debit Card,Female,3.00,3,Mobile,4,Married,2,1,19.00,0,7,8,120.00
50513,0,5,Computer,1,6,Debit Card,Male,3.00,3,Mobile,2,Married,1,0,12.00,0,1,2,123.00
50514,0,0,Phone,3,10,E wallet,Male,2.00,4,Laptop & Accessory,5,Divorced,2,0,12.00,1,1,3,143.00
50515,0,22,Phone,1,6,COD,Female,2.00,3,Mobile Phone,5,Divorced,3,0,16.00,1,1,2,136.00
50516,0,0,Computer,1,10,Debit Card,Male,3.00,4,Mobile,2,Divorced,1,0,17.00,0,3,4,132.00
50517,0,5,Computer,3,11,Debit Card,Male,2.00,3,Laptop & Accessory,4,Divorced,2,0,14.00,2,5,3,165.00
50518,0,11,Phone,3,15,E wallet,Male,3.00,4,Mobile,4,Divorced,1,0,19.00,0,1,2,129.00
50519,0,15,Mobile Phone,1,9,Debit Card,Female,3.00,1,Laptop & Accessory,2,Divorced,3,1,13.00,0,1,3,152.00
50520,0,4,Phone,1,14,Debit Card,Male,2.00,3,Mobile,2,Divorced,4,1,19.00,1,1,2,124.00
50521,1,0,Phone,3,6,CC,Female,3.00,4,Mobile,3,Married,7,1,19.00,0,1,2,128.00
50522,0,26,Mobile Phone,3,14,E wallet,Male,3.00,3,Grocery,2,Divorced,6,0,14.00,0,2,3,218.00
50523,0,8,Mobile Phone,1,31,Cash on Delivery,Male,3.00,4,Fashion,4,Divorced,4,0,16.00,3,4,8,209.00
50524,0,10,Computer,3,27,CC,Female,3.00,3,Mobile,2,Divorced,6,0,15.00,1,1,0,130.00
50525,0,26,Mobile Phone,1,29,Debit Card,Female,3.00,3,Grocery,2,Single,7,0,18.00,2,2,8,243.00
50526,0,16,Computer,1,6,Debit Card,Female,2.00,3,Laptop & Accessory,2,Divorced,5,0,13.00,1,2,2,156.00
50527,0,20,Phone,3,8,E wallet,Female,2.00,3,Laptop & Accessory,2,Divorced,1,1,22.00,5,7,7,145.00
50528,0,10,Computer,3,25,Credit Card,Male,2.00,3,Fashion,4,Single,2,1,13.00,0,1,9,176.00
50529,0,23,Computer,1,8,Debit Card,Male,3.00,3,Grocery,5,Married,2,0,11.00,1,14,7,279.00
50530,0,12,Mobile Phone,2,8,Debit Card,Female,2.00,4,Laptop & Accessory,2,Divorced,9,0,11.00,0,1,4,152.00
50531,0,9,Phone,2,9,UPI,Male,2.00,3,Mobile,4,Married,4,1,11.00,0,1,3,123.00
50532,1,0,Phone,1,31,Debit Card,Male,3.00,3,Mobile,2,Single,2,1,24.00,1,1,1,128.00
50533,0,2,Phone,1,14,CC,Female,3.00,4,Mobile,2,Married,7,0,14.00,1,1,3,125.00
50534,0,17,Phone,1,14,Debit Card,Male,3.00,3,Mobile,5,Divorced,2,1,13.00,2,7,1,126.00
50535,0,1,Phone,3,11,Credit Card,Male,3.00,3,Laptop & Accessory,2,Single,2,0,14.00,1,1,2,149.00
50536,1,20,Computer,1,14,Debit Card,Male,2.00,4,Mobile,2,Married,10,1,14.00,0,1,0,124.00
50537,0,16,Phone,1,14,Debit Card,Female,2.00,3,Laptop & Accessory,4,Married,5,0,21.00,1,1,0,148.00
50538,1,9,Phone,3,8,CC,Female,2.00,4,Mobile,3,Single,2,0,13.00,0,1,2,120.00
50539,1,0,Phone,1,24,UPI,Female,3.00,3,Mobile,2,Single,2,0,19.00,1,1,0,127.00
50540,0,9,Mobile Phone,1,20,Debit Card,Male,3.00,3,Laptop & Accessory,2,Divorced,1,1,17.00,4,4,11,166.00
50541,0,20,Phone,3,8,Debit Card,Female,3.00,4,Mobile,2,Single,2,1,18.00,1,1,2,133.00
50542,1,0,Phone,1,9,Debit Card,Female,2.00,3,Laptop & Accessory,3,Divorced,1,1,19.00,1,1,2,142.00
50543,1,4,Phone,1,8,Debit Card,Female,3.00,5,Mobile,2,Married,5,1,13.00,0,1,0,128.00
50544,0,1,Phone,1,14,CC,Female,3.00,3,Mobile,3,Married,6,0,18.00,2,2,2,124.00
50545,1,2,Phone,1,14,CC,Male,3.00,3,Mobile,5,Divorced,8,1,21.00,1,2,2,124.00
50546,0,0,Phone,1,14,Debit Card,Female,3.00,3,Mobile,3,Single,2,0,19.00,1,1,0,123.00
50547,0,9,Mobile Phone,1,16,Debit Card,Male,2.00,3,Mobile,4,Married,2,0,14.00,1,1,0,120.00
50548,0,15,Mobile Phone,3,20,Credit Card,Female,3.00,4,Laptop & Accessory,3,Single,8,0,17.00,0,1,3,162.00
50549,0,6,Phone,1,6,UPI,Male,3.00,4,Mobile,5,Single,4,1,11.00,0,1,2,128.00
50550,0,30,Mobile Phone,1,11,Cash on Delivery,Female,2.00,4,Fashion,4,Married,3,1,13.00,1,1,4,206.00
50551,0,4,Phone,3,14,Debit Card,Male,2.00,4,Mobile,3,Divorced,4,0,15.00,3,5,2,123.00
50552,0,8,Phone,1,27,Debit Card,Female,2.00,3,Laptop & Accessory,2,Divorced,2,1,25.00,0,1,7,140.00
50553,0,22,Mobile Phone,1,14,UPI,Female,2.00,3,Fashion,4,Divorced,5,0,11.00,0,1,7,174.00
50554,0,9,Phone,1,26,CC,Male,2.00,3,Mobile,3,Divorced,5,0,17.00,0,1,0,123.00
50555,0,4,Computer,3,26,E wallet,Female,2.00,3,Laptop & Accessory,3,Divorced,2,0,13.00,1,1,0,169.00
50556,0,9,Phone,1,13,UPI,Male,3.00,3,Mobile Phone,2,Single,3,0,18.00,0,1,1,147.00
50557,0,11,Mobile Phone,1,6,Cash on Delivery,Female,3.00,3,Fashion,5,Divorced,2,0,13.00,3,2,11,236.00
50558,0,5,Computer,1,14,Debit Card,Female,3.00,4,Mobile,4,Divorced,7,0,20.00,1,1,2,123.00
50559,1,0,Phone,3,14,E wallet,Male,2.00,4,Mobile,4,Divorced,2,1,18.00,0,1,0,124.00
50560,0,13,Mobile Phone,3,16,E wallet,Male,3.00,4,Fashion,4,Married,3,0,12.00,1,1,0,197.00
50561,0,0,Computer,3,6,Credit Card,Male,2.00,4,Laptop & Accessory,5,Single,2,0,12.00,1,1,7,143.00
50562,0,14,Phone,1,12,Credit Card,Male,2.00,3,Mobile Phone,5,Single,3,1,13.00,1,2,17,147.00
50563,0,9,Phone,1,14,CC,Male,3.00,3,Mobile,3,Single,5,0,21.00,2,3,9,125.00
50564,1,9,Phone,3,27,UPI,Male,2.00,4,Mobile,4,Single,2,1,13.00,0,1,0,121.00
50565,1,0,Phone,1,10,COD,Male,3.00,3,Mobile,5,Single,2,0,19.00,1,1,0,130.00
50566,0,4,Mobile Phone,1,18,Credit Card,Female,2.00,3,Laptop & Accessory,2,Divorced,1,1,11.00,0,8,5,159.00
50567,0,13,Computer,1,15,Credit Card,Male,2.00,3,Mobile Phone,4,Married,9,1,14.00,0,1,0,136.00
50568,0,5,Mobile Phone,1,9,Credit Card,Female,3.00,3,Laptop & Accessory,5,Divorced,2,0,12.00,6,6,3,167.00
50569,1,0,Mobile Phone,3,9,Debit Card,Male,2.00,4,Fashion,2,Divorced,2,1,11.00,3,3,7,203.00
50570,0,6,Mobile Phone,1,6,Debit Card,Female,2.00,4,Laptop & Accessory,2,Single,1,0,14.00,0,1,4,169.00
50571,1,0,Mobile Phone,3,6,Debit Card,Male,2.00,4,Fashion,3,Divorced,6,0,11.00,1,11,7,206.00
50572,0,18,Computer,1,10,Debit Card,Male,2.00,3,Laptop & Accessory,4,Divorced,2,0,12.00,1,1,8,144.00
50573,0,9,Computer,3,26,Cash on Delivery,Female,2.00,3,Mobile,2,Divorced,2,0,15.00,0,1,2,122.00
50574,0,8,Phone,3,24,Credit Card,Female,2.00,3,Laptop & Accessory,3,Divorced,2,0,16.00,1,1,0,146.00
50575,0,25,Mobile Phone,1,6,Debit Card,Male,3.00,3,Grocery,2,Divorced,3,0,15.00,1,7,8,271.00
50576,1,20,Phone,1,14,COD,Male,2.00,3,Mobile,3,Single,5,0,24.00,1,1,0,125.00
50577,0,26,Mobile Phone,3,8,Credit Card,Male,2.00,3,Grocery,3,Married,7,0,13.00,2,2,2,249.00
50578,0,3,Mobile Phone,3,14,UPI,Male,3.00,3,Fashion,3,Married,6,0,11.00,4,7,7,173.00
50579,0,11,Computer,3,16,COD,Female,2.00,3,Laptop & Accessory,2,Single,2,1,13.00,0,1,3,157.00
50580,0,8,Mobile Phone,3,9,Debit Card,Male,3.00,3,Fashion,2,Married,7,0,13.00,0,1,8,178.00
50581,0,12,Mobile Phone,3,8,Debit Card,Male,2.00,1,Fashion,3,Single,1,0,18.00,1,1,7,179.00
50582,1,3,Computer,3,30,Debit Card,Female,3.00,1,Grocery,4,Single,5,1,16.00,1,2,0,232.00
50583,0,20,Computer,1,22,Credit Card,Male,3.00,1,Laptop & Accessory,3,Married,2,1,19.00,0,2,7,151.00
50584,0,9,Computer,3,14,COD,Male,2.00,3,Laptop & Accessory,2,Married,5,0,13.00,1,1,7,151.00
50585,1,0,Computer,1,14,CC,Male,2.00,4,Mobile,5,Single,1,1,22.00,1,1,2,123.00
50586,0,6,Computer,3,23,Debit Card,Male,2.00,3,Grocery,3,Single,2,0,11.00,1,6,0,274.00
50587,1,0,Phone,1,14,Debit Card,Female,3.00,4,Mobile,5,Single,7,1,20.00,1,1,0,124.00
50588,0,6,Phone,1,19,Debit Card,Female,2.00,3,Mobile,2,Single,4,0,18.00,1,1,2,135.00
50589,0,9,Phone,1,6,CC,Female,3.00,3,Mobile,2,Married,4,0,14.00,0,1,2,123.00
50590,0,23,Mobile Phone,1,6,Credit Card,Male,3.00,3,Grocery,2,Married,10,0,22.00,1,1,3,274.00
50591,0,6,Computer,1,6,UPI,Female,2.00,1,Laptop & Accessory,4,Divorced,2,1,13.00,0,1,2,155.00
50592,0,14,Computer,1,15,Credit Card,Male,3.00,3,Others,3,Married,3,0,15.00,1,1,11,294.00
50593,0,0,Phone,1,22,COD,Female,3.00,3,Mobile,4,Divorced,10,0,14.00,2,2,2,128.00
50594,0,18,Computer,1,29,Debit Card,Male,2.00,3,Laptop & Accessory,5,Divorced,2,1,15.00,1,1,8,136.00
50595,0,20,Phone,3,10,Debit Card,Female,2.00,3,Laptop & Accessory,2,Single,2,1,17.00,1,1,7,142.00
50596,1,9,Phone,1,28,Debit Card,Female,2.00,3,Mobile,3,Divorced,5,1,11.00,0,1,1,121.00
50597,0,23,Mobile Phone,1,30,Debit Card,Male,3.00,3,Grocery,3,Divorced,4,1,18.00,0,2,5,240.00
50598,0,11,Computer,1,16,CC,Male,3.00,3,Mobile,3,Divorced,1,0,17.00,0,1,2,127.00
50599,0,19,Mobile Phone,1,13,Credit Card,Male,3.00,3,Fashion,3,Married,7,0,13.00,0,1,7,208.00
50600,0,0,Phone,1,23,Credit Card,Female,2.00,4,Laptop & Accessory,3,Married,2,0,15.00,2,3,2,144.00
50601,1,0,Phone,1,20,UPI,Male,2.00,4,Mobile Phone,4,Married,2,1,24.00,1,1,2,137.00
50602,0,4,Computer,1,6,Debit Card,Female,3.00,3,Laptop & Accessory,5,Divorced,2,0,12.00,1,1,3,141.00
50603,0,0,Computer,1,11,Debit Card,Male,3.00,3,Mobile Phone,2,Single,2,0,15.00,1,1,0,111.00
50604,0,27,Mobile Phone,1,23,Cash on Delivery,Female,2.00,3,Fashion,3,Divorced,9,0,11.00,1,1,8,207.00
50605,0,8,Mobile Phone,1,31,Credit Card,Female,2.00,3,Fashion,3,Married,2,1,11.00,2,10,1,204.00
50606,0,3,Mobile Phone,1,14,Debit Card,Female,3.00,1,Fashion,5,Divorced,1,1,12.00,0,1,3,214.00
50607,1,0,Phone,1,14,CC,Female,3.00,4,Mobile,5,Single,2,1,15.00,0,1,0,126.00
50608,1,0,Computer,1,14,CC,Female,2.00,3,Mobile,4,Single,1,0,17.00,0,1,2,124.00
50609,0,0,Mobile Phone,1,8,Credit Card,Male,2.00,1,Laptop & Accessory,2,Divorced,2,0,12.00,1,1,3,155.00
50610,0,0,Phone,1,14,Debit Card,Male,3.00,5,Mobile,5,Divorced,2,0,15.00,1,1,1,125.00
50611,0,21,Phone,1,12,Debit Card,Male,3.00,4,Laptop & Accessory,3,Single,3,0,13.00,0,2,2,142.00
50612,0,21,Mobile Phone,1,10,Debit Card,Male,3.00,4,Fashion,3,Single,8,0,14.00,1,4,3,210.00
50613,0,14,Mobile Phone,1,13,Credit Card,Female,2.00,3,Laptop & Accessory,3,Single,7,0,14.00,1,2,1,150.00
50614,0,12,Mobile Phone,1,6,Debit Card,Female,3.00,4,Grocery,2,Divorced,2,0,16.00,0,11,3,227.00
50615,0,0,Phone,1,8,Debit Card,Female,2.00,3,Laptop & Accessory,2,Divorced,1,0,18.00,0,2,2,142.00
50616,0,8,Phone,1,16,UPI,Male,2.00,3,Mobile Phone,2,Married,2,0,20.00,1,1,2,139.00
50617,0,15,Mobile Phone,3,11,E wallet,Male,2.00,3,Others,3,Divorced,7,0,13.00,1,1,0,283.00
50618,0,23,Phone,1,14,Debit Card,Male,3.00,3,Mobile,2,Divorced,5,0,18.00,1,1,0,124.00
50619,0,30,Mobile Phone,1,8,Debit Card,Female,3.00,4,Grocery,2,Single,4,1,13.00,0,2,3,237.00
50620,1,0,Phone,1,17,Credit Card,Female,3.00,5,Laptop & Accessory,4,Divorced,6,0,15.00,1,1,0,148.00
50621,0,28,Computer,1,24,Credit Card,Male,3.00,3,Laptop & Accessory,4,Divorced,4,1,14.00,6,6,7,164.00
50622,0,14,Computer,1,13,Debit Card,Female,2.00,5,Others,3,Married,2,0,15.00,1,5,10,300.00
50623,0,11,Mobile Phone,3,9,Debit Card,Male,2.00,3,Laptop & Accessory,2,Single,9,1,12.00,1,1,0,169.00
50624,1,0,Computer,3,35,Credit Card,Male,3.00,5,Laptop & Accessory,5,Single,9,0,18.00,0,2,2,150.00
50625,1,15,Mobile Phone,3,8,E wallet,Female,2.00,5,Others,2,Divorced,2,0,15.00,5,6,9,298.00
50626,0,17,Mobile Phone,3,34,Credit Card,Female,2.00,1,Grocery,2,Divorced,4,1,18.00,1,2,11,233.00
50627,0,23,Computer,3,6,Debit Card,Female,3.00,3,Laptop & Accessory,3,Divorced,1,0,12.00,1,1,13,163.00
50628,1,0,Phone,1,22,Debit Card,Female,3.00,1,Mobile,5,Single,2,0,16.00,15,15,14,127.00
50629,0,12,Computer,1,28,Credit Card,Female,2.00,3,Fashion,5,Single,2,1,13.00,1,2,8,209.00
50630,0,6,Computer,3,14,Debit Card,Female,2.00,4,Mobile,2,Single,1,0,19.00,2,2,2,123.00
50631,0,18,Mobile Phone,3,17,Debit Card,Female,2.00,3,Grocery,2,Divorced,4,0,13.00,1,1,1,277.00
50632,0,5,Computer,1,35,Credit Card,Female,3.00,3,Mobile Phone,3,Single,10,0,12.00,5,7,7,140.00
50633,0,7,Mobile Phone,3,6,E wallet,Male,3.00,1,Laptop & Accessory,2,Married,1,0,11.00,1,1,9,197.00
50634,0,30,Mobile Phone,3,6,Cash on Delivery,Male,3.00,3,Fashion,2,Divorced,4,1,14.00,0,1,3,219.00
50635,0,9,Phone,2,30,CC,Male,2.00,3,Mobile,4,Single,2,0,16.00,0,1,4,122.00
50636,0,26,Computer,3,8,E wallet,Female,2.00,4,Fashion,4,Divorced,3,0,12.00,0,6,12,175.00
50637,1,0,Phone,1,21,UPI,Male,2.00,3,Laptop & Accessory,3,Married,8,0,14.00,0,1,0,148.00
50638,1,9,Computer,1,8,Debit Card,Male,2.00,3,Mobile,5,Divorced,7,1,14.00,1,1,2,120.00
50639,0,9,Phone,3,16,Debit Card,Female,2.00,3,Mobile,3,Divorced,2,1,19.00,0,1,0,122.00
50640,0,1,Mobile Phone,3,16,Credit Card,Male,3.00,3,Mobile Phone,4,Divorced,2,0,22.00,1,1,0,111.00
50641,0,11,Computer,1,9,UPI,Male,3.00,3,Mobile,3,Divorced,4,0,16.00,2,2,2,128.00
50642,0,23,Mobile Phone,1,8,Credit Card,Male,3.00,3,Others,3,Divorced,3,1,15.00,7,7,7,292.00
50643,0,10,Phone,1,9,UPI,Female,2.00,3,Laptop & Accessory,4,Single,4,0,15.00,1,1,1,141.00
50644,0,13,Mobile Phone,3,32,E wallet,Male,3.00,3,Laptop & Accessory,5,Divorced,2,0,14.00,5,7,5,184.00
50645,0,9,Computer,1,6,CC,Female,3.00,4,Mobile,3,Married,2,0,13.00,1,1,3,120.00
50646,0,19,Mobile Phone,1,6,Credit Card,Male,2.00,3,Others,2,Married,10,0,15.00,1,2,2,296.00
50647,0,27,Mobile Phone,3,8,Debit Card,Female,2.00,4,Fashion,3,Divorced,7,0,11.00,6,7,0,207.00
50648,0,29,Computer,1,15,CC,Female,3.00,3,Mobile,3,Divorced,3,0,19.00,0,1,3,129.00
50649,0,9,Mobile Phone,1,18,Credit Card,Female,2.00,4,Fashion,2,Single,1,0,11.00,5,7,8,189.00
50650,0,28,Computer,1,8,Credit Card,Male,2.00,4,Grocery,5,Single,8,0,15.00,1,6,2,268.00
50651,0,16,Mobile Phone,3,31,Credit Card,Male,3.00,4,Fashion,2,Married,6,0,13.00,1,2,0,234.00
50652,1,0,Computer,3,14,E wallet,Female,2.00,3,Mobile,2,Single,2,1,14.00,0,1,2,123.00
50653,1,9,Mobile Phone,1,16,Debit Card,Female,2.00,4,Mobile Phone,5,Single,2,0,13.00,1,1,0,114.00
50654,0,19,Phone,1,14,Debit Card,Female,3.00,4,Laptop & Accessory,5,Married,9,1,23.00,1,1,7,146.00
50655,1,14,Phone,1,14,Debit Card,Male,2.00,3,Mobile,3,Divorced,10,1,12.00,1,2,7,125.00
50656,1,0,Computer,1,30,COD,Male,3.00,4,Fashion,5,Single,2,0,12.00,0,1,9,187.00
50657,0,0,Phone,1,6,Credit Card,Male,2.00,4,Mobile Phone,5,Divorced,2,0,16.00,0,1,3,140.00
50658,0,3,Mobile Phone,1,26,UPI,Male,2.00,3,Laptop & Accessory,5,Divorced,1,0,15.00,1,1,2,200.00
50659,0,14,Phone,1,13,COD,Female,2.00,1,Mobile,3,Divorced,2,0,13.00,1,1,8,134.00
50660,0,11,Mobile Phone,1,23,Debit Card,Female,3.00,4,Fashion,3,Divorced,1,0,18.00,0,1,9,188.00
50661,0,13,Mobile Phone,1,26,Cash on Delivery,Male,3.00,3,Fashion,2,Divorced,5,0,20.00,4,11,1,203.00
50662,0,0,Computer,1,14,Debit Card,Male,2.00,5,Mobile Phone,3,Divorced,2,0,19.00,1,1,2,146.00
50663,0,28,Computer,1,8,Debit Card,Male,3.00,3,Fashion,4,Divorced,4,0,18.00,1,1,3,210.00
50664,0,1,Phone,1,16,UPI,Female,2.00,3,Laptop & Accessory,3,Single,4,0,13.00,1,1,7,137.00
50665,1,7,Mobile Phone,2,6,Credit Card,Male,3.00,4,Fashion,5,Divorced,10,0,14.00,2,3,6,205.00
50666,0,6,Mobile Phone,1,11,Debit Card,Male,2.00,4,Fashion,2,Married,5,0,15.00,0,1,2,171.00
50667,1,0,Mobile Phone,3,10,Cash on Delivery,Male,2.00,3,Fashion,5,Single,1,1,22.00,3,4,7,196.00
50668,1,0,Computer,1,35,Credit Card,Female,2.00,4,Laptop & Accessory,3,Single,2,0,22.00,3,3,8,145.00
50669,0,9,Phone,1,21,Debit Card,Male,2.00,3,Mobile,3,Married,2,0,16.00,2,2,2,122.00
50670,0,7,Computer,1,9,Debit Card,Male,2.00,3,Laptop & Accessory,2,Single,1,0,17.00,1,1,4,178.00
50671,0,10,Mobile Phone,3,16,Debit Card,Female,2.00,4,Laptop & Accessory,2,Married,3,1,14.00,0,1,0,167.00
50672,1,0,Phone,1,10,COD,Male,2.00,3,Mobile Phone,2,Divorced,2,1,15.00,5,5,6,137.00
50674,1,9,Phone,1,31,CC,Male,2.00,4,Mobile,4,Single,5,1,20.00,0,2,2,123.00
50675,0,15,Mobile Phone,1,8,Credit Card,Male,2.00,3,Grocery,5,Divorced,1,0,17.00,1,13,7,277.00
50676,1,0,Computer,1,14,CC,Male,2.00,4,Mobile,4,Married,2,0,15.00,0,1,0,126.00
50677,1,13,Computer,3,6,UPI,Male,2.00,3,Laptop & Accessory,3,Single,4,1,14.00,0,1,0,147.00
50678,0,6,Computer,3,13,Debit Card,Female,1.00,3,Laptop & Accessory,4,Divorced,1,0,17.00,1,1,2,143.00
50679,0,7,Computer,1,9,Debit Card,Male,3.00,4,Mobile,2,Divorced,4,0,17.00,1,1,0,130.00
50680,0,21,Computer,1,6,Credit Card,Male,2.00,1,Grocery,2,Single,3,0,22.00,1,2,1,269.00
50681,0,18,Computer,3,15,Debit Card,Female,3.00,4,Laptop & Accessory,3,Divorced,2,0,13.00,0,4,12,156.00
50682,0,25,Mobile Phone,1,13,Debit Card,Male,2.00,3,Fashion,4,Single,8,0,19.00,3,4,0,204.00
50683,0,11,Mobile Phone,3,16,E wallet,Male,3.00,4,Fashion,3,Married,1,1,14.00,2,2,7,187.00
50684,0,2,Phone,1,14,Debit Card,Female,3.00,3,Mobile,2,Married,5,0,22.00,0,1,7,125.00
50685,0,1,Mobile Phone,1,9,Credit Card,Female,3.00,3,Fashion,4,Married,1,0,17.00,0,1,7,177.00
50686,0,19,Mobile Phone,3,9,E wallet,Male,2.00,3,Grocery,3,Divorced,4,0,12.00,1,4,9,275.00
50687,0,11,Mobile Phone,3,8,E wallet,Male,2.00,3,Fashion,4,Single,8,0,16.00,1,1,0,174.00
50688,0,16,Computer,1,33,Debit Card,Female,2.00,3,Fashion,5,Divorced,9,0,11.00,0,1,1,208.00
50689,1,2,Computer,1,8,Debit Card,Male,2.00,3,Grocery,2,Married,8,0,11.00,7,11,3,222.00
50690,0,13,Mobile Phone,1,20,Credit Card,Male,2.00,4,Others,3,Single,2,0,15.00,4,4,9,296.00
50691,0,9,Phone,1,6,Cash on Delivery,Female,3.00,4,Mobile,4,Single,2,1,11.00,0,2,2,121.00
50692,0,12,Computer,1,15,Debit Card,Male,3.00,3,Laptop & Accessory,4,Single,21,0,15.00,1,1,3,168.00
50693,0,9,Computer,1,24,Debit Card,Male,3.00,3,Laptop & Accessory,2,Single,3,0,20.00,1,1,9,178.00
50694,0,4,Computer,3,26,Debit Card,Male,3.00,1,Mobile,2,Divorced,1,0,12.00,1,2,2,128.00
50695,0,1,Phone,1,8,Debit Card,Male,3.00,4,Mobile,4,Divorced,1,0,17.00,0,1,4,132.00
50696,0,8,Computer,3,17,E wallet,Male,2.00,3,Laptop & Accessory,2,Married,2,0,11.00,0,1,2,150.00
50697,0,22,Mobile Phone,3,14,Cash on Delivery,Male,2.00,4,Grocery,4,Divorced,7,0,17.00,1,2,3,231.00
50698,0,7,Computer,1,8,Debit Card,Male,3.00,3,Laptop & Accessory,3,Single,3,0,11.00,1,1,2,140.00
50699,0,2,Computer,1,16,Debit Card,Female,3.00,3,Mobile,4,Married,1,0,14.00,1,1,1,133.00
50700,0,15,Phone,1,35,Credit Card,Male,2.00,5,Laptop & Accessory,2,Single,5,0,19.00,1,1,0,143.00
50701,0,2,Mobile Phone,1,14,Credit Card,Male,3.00,4,Laptop & Accessory,2,Divorced,2,1,13.00,0,1,2,151.00
50702,0,11,Phone,2,6,UPI,Male,3.00,1,Mobile,3,Divorced,2,0,13.00,1,5,0,128.00
50703,0,4,Computer,1,12,Debit Card,Male,3.00,4,Mobile,3,Married,2,1,14.00,1,1,2,127.00
50704,1,9,Computer,1,14,CC,Male,3.00,3,Mobile Phone,3,Single,2,0,12.00,0,1,0,119.00
50705,1,0,Mobile Phone,3,15,E wallet,Female,3.00,3,Laptop & Accessory,5,Single,1,1,17.00,0,1,3,182.00
50706,0,14,Phone,1,18,Debit Card,Male,2.00,3,Mobile Phone,2,Divorced,4,1,11.00,1,1,0,148.00
50707,1,0,Computer,1,14,CC,Male,3.00,3,Mobile,3,Divorced,2,0,12.00,2,2,2,126.00
50708,0,10,Mobile Phone,1,31,Credit Card,Female,2.00,4,Laptop & Accessory,2,Married,8,0,13.00,0,1,3,157.00
50709,0,0,Phone,1,14,Debit Card,Male,2.00,4,Mobile,3,Divorced,2,0,13.00,2,2,2,125.00
50710,0,7,Mobile Phone,3,15,Debit Card,Female,3.00,3,Laptop & Accessory,3,Divorced,2,0,20.00,1,1,3,157.00
50711,0,8,Phone,2,14,COD,Male,3.00,3,Mobile Phone,3,Single,2,0,17.00,0,1,4,143.00
50712,1,0,Mobile Phone,3,29,Debit Card,Female,2.00,4,Fashion,5,Divorced,2,0,13.00,0,3,10,173.00
50713,0,13,Computer,1,15,Credit Card,Female,2.00,3,Fashion,3,Single,10,0,17.00,0,2,13,235.00
50714,1,5,Computer,3,18,Debit Card,Male,2.00,3,Grocery,5,Single,1,1,12.00,7,2,14,238.00
50715,0,15,Mobile Phone,3,10,E wallet,Male,2.00,3,Laptop & Accessory,5,Single,8,0,13.00,1,1,5,152.00
50716,0,9,Phone,1,6,CC,Male,2.00,4,Mobile,3,Divorced,7,0,12.00,1,1,7,123.00
50717,0,0,Phone,1,30,Credit Card,Male,2.00,3,Mobile Phone,4,Single,9,0,22.00,1,1,2,136.00
50718,1,0,Phone,1,14,Debit Card,Female,3.00,3,Mobile,2,Divorced,2,1,11.00,1,1,0,125.00
50719,0,0,Phone,1,9,Credit Card,Male,2.00,1,Mobile Phone,2,Divorced,2,0,22.00,1,1,7,144.00
50720,0,3,Mobile Phone,3,16,E wallet,Male,3.00,4,Laptop & Accessory,3,Divorced,2,0,18.00,1,1,4,166.00
50721,0,13,Computer,1,32,Credit Card,Female,3.00,4,Laptop & Accessory,2,Divorced,4,1,13.00,1,1,0,144.00
50722,0,8,Mobile Phone,1,8,Debit Card,Male,2.00,4,Fashion,4,Married,3,0,18.00,6,6,4,203.00
50723,0,7,Computer,1,6,Credit Card,Male,3.00,4,Laptop & Accessory,5,Single,1,0,20.00,1,4,9,153.00
50724,0,8,Computer,1,14,UPI,Male,2.00,4,Mobile,2,Divorced,2,0,13.00,2,2,2,124.00
50725,1,6,Mobile Phone,3,15,E wallet,Female,2.00,5,Laptop & Accessory,3,Single,9,0,13.00,1,1,3,153.00
50726,0,5,Computer,3,8,Debit Card,Female,3.00,3,Mobile,5,Married,2,0,12.00,0,1,0,128.00
50727,0,29,Mobile Phone,1,10,Cash on Delivery,Female,3.00,3,Others,5,Married,5,0,15.00,0,4,2,299.00
50728,0,2,Phone,1,12,CC,Female,3.00,3,Mobile,2,Divorced,2,0,13.00,0,1,8,131.00
50729,0,0,Phone,1,14,Debit Card,Male,2.00,3,Mobile,5,Single,2,0,25.00,0,1,0,126.00
50730,0,18,Phone,1,13,Credit Card,Female,2.00,3,Mobile Phone,3,Divorced,5,1,19.00,1,1,2,145.00
50731,0,10,Mobile Phone,1,6,Debit Card,Female,2.00,4,Laptop & Accessory,2,Divorced,2,0,13.00,3,3,11,165.00
50732,0,0,Phone,1,9,Debit Card,Male,3.00,4,Mobile,3,Single,2,0,12.00,0,1,2,130.00
50733,1,7,Phone,1,16,Debit Card,Male,3.00,3,Mobile,3,Single,2,1,11.00,1,1,2,129.00
50734,0,26,Mobile Phone,1,13,Credit Card,Female,2.00,3,Others,3,Married,4,0,18.00,1,4,7,286.00
50735,0,9,Phone,1,21,Debit Card,Female,3.00,5,Mobile,2,Divorced,1,1,18.00,1,1,3,122.00
50736,1,0,Computer,1,9,Debit Card,Male,3.00,4,Mobile,2,Divorced,1,1,11.00,0,1,0,129.00
50737,0,19,Mobile Phone,3,8,E wallet,Female,3.00,3,Grocery,5,Divorced,9,0,23.00,1,15,9,270.00
50738,0,9,Computer,1,23,Debit Card,Male,3.00,5,Mobile,3,Single,3,0,13.00,1,1,0,123.00
50739,0,6,Phone,2,8,UPI,Male,2.00,3,Mobile Phone,3,Divorced,2,0,13.00,0,1,4,136.00
50740,1,9,Computer,1,11,Debit Card,Male,3.00,4,Mobile,5,Married,7,0,17.00,1,1,0,121.00
50741,0,3,Phone,3,35,Debit Card,Male,3.00,3,Laptop & Accessory,5,Married,9,0,19.00,1,1,3,141.00
50742,0,13,Computer,3,8,Credit Card,Male,3.00,3,Laptop & Accessory,4,Divorced,6,0,12.00,1,1,0,143.00
50743,0,23,Computer,1,8,Credit Card,Female,1.00,3,Grocery,5,Divorced,3,0,22.00,1,2,2,279.00
50744,0,1,Phone,1,25,CC,Male,3.00,4,Mobile,5,Divorced,2,0,12.00,1,3,3,132.00
50745,0,19,Mobile Phone,1,21,Debit Card,Male,2.00,3,Others,4,Divorced,6,0,11.00,1,1,3,291.00
50746,0,8,Mobile Phone,3,23,Debit Card,Male,3.00,3,Laptop & Accessory,5,Divorced,4,1,15.00,1,1,7,190.00
50747,1,9,Phone,1,23,Debit Card,Female,3.00,3,Mobile,4,Divorced,2,0,13.00,0,1,0,122.00
50748,0,6,Computer,3,31,Credit Card,Female,2.00,3,Laptop & Accessory,3,Divorced,2,0,12.00,0,1,1,145.00
50749,0,9,Phone,1,12,Debit Card,Male,3.00,5,Mobile,3,Married,2,0,14.00,0,1,7,127.00
50750,0,3,Phone,1,13,Debit Card,Male,2.00,3,Laptop & Accessory,3,Married,2,0,13.00,8,8,9,135.00
50751,0,17,Phone,1,35,UPI,Male,2.00,3,Laptop & Accessory,2,Single,2,0,25.00,1,1,17,145.00
50752,0,0,Phone,3,27,E wallet,Male,3.00,1,Mobile,2,Single,2,0,17.00,0,2,2,127.00
50753,0,19,Mobile Phone,1,8,COD,Male,2.00,3,Laptop & Accessory,2,Married,3,0,11.00,1,1,4,174.00
50754,0,15,Computer,2,8,Credit Card,Male,3.00,1,Laptop & Accessory,5,Divorced,8,0,16.00,0,1,3,163.00
50755,0,30,Mobile Phone,3,13,E wallet,Male,2.00,1,Laptop & Accessory,2,Married,1,1,18.00,0,1,9,152.00
50756,0,5,Computer,1,19,UPI,Female,3.00,4,Mobile,4,Divorced,2,0,20.00,0,2,2,127.00
50757,0,5,Computer,1,8,Debit Card,Female,2.00,3,Laptop & Accessory,3,Single,5,1,14.00,1,1,7,150.00
50758,0,9,Mobile Phone,1,6,Cash on Delivery,Female,3.00,5,Fashion,5,Married,3,1,21.00,5,7,7,203.00
50759,0,6,Phone,1,15,CC,Male,3.00,3,Mobile,2,Divorced,1,0,13.00,1,4,10,128.00
50760,0,13,Mobile Phone,3,16,COD,Female,2.00,4,Laptop & Accessory,4,Married,8,0,12.00,1,1,3,169.00
50761,0,0,Phone,3,16,Debit Card,Male,2.00,3,Laptop & Accessory,2,Single,1,0,14.00,0,1,1,150.00
50762,0,3,Phone,1,6,Credit Card,Male,3.00,3,Mobile Phone,4,Divorced,1,1,21.00,1,5,7,136.00
50763,0,15,Computer,1,32,Credit Card,Female,2.00,3,Fashion,5,Divorced,4,1,17.00,0,2,0,232.00
50764,0,8,Computer,3,14,E wallet,Female,3.00,4,Fashion,2,Divorced,5,1,11.00,2,4,12,204.00
50765,0,9,Phone,1,20,Debit Card,Male,2.00,3,Mobile,5,Divorced,2,1,14.00,2,6,8,122.00
50766,0,27,Computer,1,6,Debit Card,Female,2.00,3,Fashion,3,Married,8,0,17.00,1,1,4,205.00
50767,0,9,Mobile Phone,1,8,Debit Card,Female,3.00,1,Mobile,2,Divorced,2,0,13.00,6,7,7,120.00
50768,1,9,Computer,1,16,CC,Female,3.00,4,Mobile Phone,4,Single,2,1,25.00,1,1,0,119.00
50769,0,2,Phone,1,6,Debit Card,Female,3.00,3,Mobile Phone,2,Married,2,0,15.00,0,1,2,138.00
50770,0,27,Mobile Phone,1,9,Debit Card,Male,2.00,3,Grocery,2,Divorced,4,0,14.00,1,1,9,278.00
50771,0,4,Mobile Phone,1,17,Credit Card,Male,3.00,3,Laptop & Accessory,5,Divorced,2,1,12.00,0,1,1,168.00
50772,0,4,Mobile Phone,1,30,Credit Card,Female,3.00,4,Laptop & Accessory,5,Single,2,0,19.00,0,1,8,168.00
50773,0,30,Mobile Phone,3,9,Debit Card,Female,2.00,4,Laptop & Accessory,2,Single,6,0,17.00,0,1,5,152.00
50774,0,16,Mobile Phone,1,9,Debit Card,Male,3.00,5,Others,2,Divorced,4,0,15.00,1,1,7,297.00
50775,0,22,Mobile Phone,1,10,Credit Card,Male,2.00,4,Others,3,Divorced,3,0,13.00,1,1,0,287.00
50776,0,9,Computer,1,9,COD,Male,2.00,3,Mobile Phone,4,Divorced,2,0,12.00,1,1,7,137.00
50777,0,21,Phone,1,14,COD,Male,3.00,1,Mobile,4,Single,6,0,11.00,0,1,0,126.00
50778,0,0,Phone,1,14,Debit Card,Male,3.00,3,Mobile,3,Married,2,0,11.00,1,1,3,125.00
50779,0,2,Mobile Phone,1,13,Debit Card,Male,2.00,3,Laptop & Accessory,2,Married,2,1,11.00,0,1,0,166.00
50780,0,21,Mobile Phone,1,6,Debit Card,Male,3.00,4,Others,2,Single,7,0,12.00,1,1,0,283.00
50781,0,2,Mobile Phone,1,6,Debit Card,Female,2.00,4,Grocery,2,Married,4,0,14.00,1,1,7,261.00
50782,0,7,Phone,1,14,COD,Female,2.00,1,Mobile,3,Divorced,1,0,17.00,1,1,0,126.00
50783,0,17,Mobile Phone,3,11,E wallet,Male,2.00,3,Others,4,Divorced,8,0,11.00,1,3,10,282.00
50784,0,6,Mobile Phone,3,16,E wallet,Male,2.00,1,Fashion,3,Married,1,1,14.00,1,1,8,184.00
50785,0,0,Phone,1,31,Debit Card,Female,3.00,1,Mobile,2,Single,2,1,12.00,1,1,1,130.00
50786,0,9,Mobile Phone,1,6,Debit Card,Male,2.00,3,Mobile Phone,3,Divorced,2,0,22.00,0,1,1,112.00
50787,1,0,Computer,3,30,Debit Card,Male,3.00,5,Mobile Phone,2,Single,2,1,14.00,1,1,0,111.00
50788,0,0,Phone,1,10,Debit Card,Male,3.00,3,Mobile,2,Single,2,1,20.00,0,2,2,129.00
50789,1,8,Mobile Phone,3,8,E wallet,Female,3.00,5,Others,4,Single,3,1,16.00,1,1,11,288.00
50790,0,28,Computer,1,14,Credit Card,Male,2.00,4,Grocery,4,Married,2,1,15.00,3,2,0,236.00
50791,1,0,Computer,1,14,Debit Card,Female,2.00,4,Mobile,3,Single,2,0,20.00,2,2,2,126.00
50792,0,19,Mobile Phone,3,10,E wallet,Female,2.00,4,Others,4,Divorced,3,0,14.00,1,1,8,288.00
50793,0,7,Phone,3,8,E wallet,Female,2.00,3,Laptop & Accessory,5,Single,1,1,12.00,1,1,2,145.00
50794,0,24,Computer,3,15,Debit Card,Male,2.00,3,Others,4,Married,5,1,15.00,2,11,10,298.00
50795,0,30,Mobile Phone,1,24,Credit Card,Male,3.00,3,Fashion,2,Single,7,0,12.00,1,5,4,205.00
50796,0,7,Computer,1,25,Credit Card,Female,2.00,3,Laptop & Accessory,4,Married,5,0,13.00,3,5,10,144.00
50797,0,9,Computer,1,6,CC,Male,2.00,3,Mobile,3,Single,1,1,11.00,0,1,2,122.00
50798,0,17,Mobile Phone,1,10,Debit Card,Male,3.00,1,Others,5,Married,2,0,14.00,1,14,13,292.00
50799,0,7,Computer,2,17,Debit Card,Male,2.00,4,Laptop & Accessory,4,Divorced,5,0,11.00,0,1,8,145.00
50800,0,8,Phone,1,12,Debit Card,Male,3.00,3,Mobile,3,Divorced,1,1,14.00,1,2,2,135.00
50801,0,15,Phone,1,14,CC,Female,3.00,1,Laptop & Accessory,4,Divorced,7,1,16.00,0,1,0,124.00
50802,0,16,Mobile Phone,3,10,E wallet,Female,2.00,4,Fashion,2,Single,4,0,14.00,10,15,17,202.00
50803,0,9,Mobile Phone,1,8,Debit Card,Female,2.00,3,Laptop & Accessory,4,Single,10,1,11.00,4,5,12,154.00
50804,1,7,Mobile Phone,1,21,Credit Card,Female,3.00,3,Fashion,2,Divorced,2,0,11.00,0,1,5,180.00
50805,0,1,Computer,1,8,Debit Card,Male,2.00,4,Mobile Phone,2,Divorced,2,1,12.00,2,2,2,139.00
50806,0,24,Computer,1,12,CC,Female,3.00,4,Mobile,3,Single,1,0,14.00,7,7,7,128.00
50807,0,3,Computer,1,15,Credit Card,Female,3.00,3,Laptop & Accessory,3,Single,8,1,18.00,1,1,7,147.00
50808,1,0,Phone,1,13,COD,Female,2.00,3,Mobile,3,Married,4,1,13.00,1,7,7,133.00
50809,0,9,Phone,1,6,Cash on Delivery,Male,2.00,3,Mobile,5,Single,3,0,11.00,0,1,2,121.00
50810,0,9,Phone,1,6,CC,Female,2.00,3,Mobile,4,Single,2,0,18.00,1,2,1,121.00
50811,0,5,Mobile Phone,3,14,Credit Card,Male,2.00,1,Laptop & Accessory,2,Divorced,2,0,15.00,0,1,8,162.00
50812,0,18,Computer,1,31,Credit Card,Female,2.00,3,Others,4,Single,4,0,22.00,1,1,0,281.00
50813,0,12,Mobile Phone,1,19,Credit Card,Female,3.00,4,Grocery,4,Married,7,1,13.00,1,15,2,271.00
50814,0,30,Phone,1,14,Debit Card,Male,2.00,3,Mobile,3,Married,2,0,12.00,2,2,2,124.00
50815,1,0,Phone,1,13,Debit Card,Male,3.00,3,Laptop & Accessory,3,Divorced,2,0,18.00,1,1,1,149.00
50816,1,2,Phone,1,29,Credit Card,Male,3.00,3,Mobile Phone,5,Single,1,0,13.00,0,1,3,139.00
50817,0,3,Phone,1,12,COD,Female,2.00,4,Laptop & Accessory,2,Divorced,1,0,12.00,5,6,7,146.00
50818,0,9,Mobile Phone,1,16,COD,Female,3.00,3,Fashion,3,Divorced,4,0,12.00,0,1,7,171.00
50819,0,19,Phone,2,6,Debit Card,Female,2.00,3,Mobile,5,Single,7,0,12.00,3,5,7,134.00
50820,0,1,Computer,1,6,Debit Card,Female,2.00,5,Laptop & Accessory,2,Divorced,1,0,11.00,7,7,5,167.00
50821,0,23,Mobile Phone,1,34,Debit Card,Female,2.00,3,Grocery,5,Divorced,5,1,11.00,1,1,2,269.00
50822,1,3,Mobile Phone,3,31,E wallet,Male,2.00,4,Fashion,4,Single,3,1,12.00,0,1,0,191.00
50823,1,15,Mobile Phone,3,11,Debit Card,Male,3.00,3,Fashion,4,Single,10,1,19.00,5,7,7,184.00
50824,0,3,Mobile Phone,1,23,Credit Card,Female,3.00,3,Fashion,5,Divorced,2,1,23.00,0,1,3,219.00
50825,0,12,Phone,1,24,Debit Card,Male,2.00,3,Laptop & Accessory,3,Single,1,0,11.00,0,1,7,145.00
50826,0,4,Computer,3,8,Debit Card,Female,2.00,3,Fashion,3,Married,2,1,19.00,3,9,6,199.00
50827,0,14,Computer,3,16,Credit Card,Male,2.00,5,Laptop & Accessory,4,Single,2,0,13.00,3,11,9,162.00
50828,1,9,Computer,3,6,Debit Card,Female,2.00,3,Mobile,4,Single,2,1,11.00,1,2,2,123.00
50829,1,7,Phone,1,14,Debit Card,Male,2.00,3,Mobile,5,Divorced,5,0,12.00,1,1,2,124.00
50830,0,15,Computer,1,8,Debit Card,Male,2.00,3,Grocery,3,Divorced,1,1,13.00,1,2,10,279.00
50831,0,28,Mobile Phone,1,8,Credit Card,Female,2.00,5,Others,3,Divorced,5,0,14.00,1,9,11,292.00
50832,0,29,Mobile Phone,2,14,Debit Card,Male,2.00,3,Others,4,Single,7,0,15.00,1,7,7,297.00
50833,0,13,Computer,1,22,Debit Card,Male,3.00,3,Mobile,3,Married,10,0,16.00,1,1,0,135.00
50834,0,7,Mobile Phone,1,15,Debit Card,Male,2.00,3,Fashion,2,Married,1,0,11.00,1,1,6,185.00
50835,0,13,Phone,1,8,Debit Card,Male,3.00,3,Laptop & Accessory,2,Single,2,0,13.00,3,8,8,147.00
50836,0,14,Computer,3,6,E wallet,Female,3.00,3,Laptop & Accessory,5,Married,1,0,17.00,0,1,7,141.00
50837,0,8,Computer,1,10,Debit Card,Male,2.00,3,Laptop & Accessory,3,Single,2,1,11.00,1,1,1,142.00
50838,0,24,Mobile Phone,2,11,Debit Card,Male,2.00,3,Grocery,4,Married,2,1,11.00,1,2,10,240.00
50839,0,11,Mobile Phone,3,8,Debit Card,Female,2.00,3,Laptop & Accessory,5,Married,4,0,15.00,0,1,7,169.00
50840,0,7,Mobile Phone,3,21,Credit Card,Female,3.00,3,Laptop & Accessory,5,Single,2,0,12.00,1,9,6,161.00
50841,0,0,Phone,1,25,Credit Card,Male,3.00,3,Mobile Phone,2,Divorced,4,0,11.00,1,1,2,137.00
50842,1,20,Mobile Phone,1,13,Credit Card,Female,2.00,4,Fashion,5,Divorced,8,1,14.00,4,5,9,200.00
50843,0,13,Phone,1,14,Debit Card,Male,2.00,3,Mobile,4,Divorced,4,0,22.00,1,1,3,124.00
50844,0,9,Computer,3,13,E wallet,Female,2.00,1,Laptop & Accessory,5,Divorced,3,0,16.00,5,6,13,146.00
50845,0,21,Mobile Phone,1,10,Debit Card,Male,2.00,3,Fashion,2,Single,2,0,11.00,1,1,8,179.00
50846,0,0,Phone,3,14,CC,Female,3.00,1,Mobile,2,Divorced,9,0,14.00,1,1,0,125.00
50847,0,24,Mobile Phone,1,17,Cash on Delivery,Female,2.00,4,Grocery,4,Single,4,0,16.00,0,1,3,231.00
50848,0,9,Computer,1,6,Debit Card,Female,3.00,3,Mobile Phone,2,Single,2,0,15.00,1,1,0,116.00
50849,0,8,Mobile Phone,1,6,Credit Card,Female,2.00,4,Laptop & Accessory,2,Divorced,1,0,12.00,1,1,0,154.00
50850,0,0,Computer,3,8,Debit Card,Male,2.00,5,Laptop & Accessory,2,Single,4,0,20.00,1,1,0,151.00
50851,1,18,Mobile Phone,3,19,E wallet,Male,2.00,1,Grocery,3,Single,7,1,17.00,2,2,8,237.00
50852,0,29,Mobile Phone,1,29,Debit Card,Male,3.00,3,Grocery,4,Divorced,5,1,12.00,11,2,9,234.00
50853,0,9,Computer,1,32,Cash on Delivery,Female,3.00,4,Mobile,3,Married,2,0,20.00,1,1,0,120.00
50854,0,13,Mobile Phone,1,8,Credit Card,Female,2.00,1,Laptop & Accessory,3,Married,6,0,20.00,5,11,8,164.00
50855,0,7,Mobile Phone,1,35,Credit Card,Male,2.00,3,Laptop & Accessory,3,Divorced,5,0,13.00,0,7,7,154.00
50856,1,0,Computer,3,8,Debit Card,Female,3.00,4,Mobile,2,Single,8,0,14.00,0,1,0,128.00
50857,1,0,Computer,3,24,E wallet,Female,3.00,3,Laptop & Accessory,3,Divorced,1,1,18.00,3,3,2,146.00
50858,0,11,Computer,1,14,Debit Card,Male,2.00,1,Mobile,3,Married,2,0,11.00,0,1,3,126.00
50859,0,7,Mobile Phone,1,8,COD,Female,3.00,3,Laptop & Accessory,2,Single,2,0,11.00,1,4,11,167.00
50860,0,1,Phone,3,32,Debit Card,Male,2.00,4,Laptop & Accessory,5,Divorced,2,0,11.00,1,1,4,147.00
50861,1,0,Mobile Phone,1,28,Credit Card,Male,3.00,3,Laptop & Accessory,3,Divorced,2,1,15.00,3,6,7,162.00
50862,0,12,Mobile Phone,3,27,Debit Card,Male,2.00,4,Laptop & Accessory,2,Divorced,4,1,12.00,0,1,4,161.00
50863,0,24,Computer,3,8,E wallet,Male,2.00,3,Fashion,4,Divorced,3,0,11.00,0,3,2,206.00
50864,0,14,Computer,1,28,Debit Card,Female,3.00,3,Laptop & Accessory,2,Married,4,1,14.00,0,3,3,155.00
50865,0,10,Phone,1,10,Debit Card,Male,3.00,3,Mobile,3,Divorced,8,1,15.00,1,1,3,130.00
50866,0,6,Computer,3,11,Debit Card,Male,3.00,3,Laptop & Accessory,2,Divorced,7,0,13.00,1,1,2,200.00
50867,0,5,Phone,3,8,E wallet,Male,2.00,3,Laptop & Accessory,4,Divorced,1,1,13.00,0,1,2,141.00
50868,0,12,Computer,1,31,Debit Card,Male,3.00,3,Fashion,3,Divorced,4,0,21.00,0,1,5,209.00
50869,0,0,Mobile Phone,3,24,Debit Card,Male,3.00,1,Laptop & Accessory,3,Divorced,3,0,11.00,0,1,2,162.00
50870,0,25,Computer,1,34,Credit Card,Female,2.00,1,Grocery,3,Divorced,3,1,11.00,0,2,2,232.00
50871,0,16,Phone,1,12,Credit Card,Female,3.00,4,Laptop & Accessory,3,Single,2,1,14.00,1,1,8,141.00
50872,0,0,Mobile Phone,3,16,E wallet,Female,3.00,4,Laptop & Accessory,2,Divorced,2,1,11.00,2,4,4,158.00
50873,1,0,Phone,1,14,Debit Card,Female,2.00,3,Mobile,3,Single,2,1,13.00,3,7,7,124.00
52781,0,17,Phone,1,14,CC,Male,2.00,3,Mobile,1,Single,7,1,12.00,1,1,2,124.00
50874,0,0,Phone,1,8,Credit Card,Male,2.00,4,Mobile Phone,2,Single,1,0,12.00,0,1,1,139.00
50875,0,15,Mobile Phone,2,16,UPI,Female,2.00,3,Grocery,5,Divorced,1,0,14.00,1,1,9,268.00
50876,0,25,Phone,1,14,UPI,Female,3.00,3,Mobile,5,Divorced,10,0,13.00,1,1,4,130.00
50877,0,10,Phone,1,17,Credit Card,Female,3.00,3,Mobile Phone,3,Single,5,0,18.00,0,1,2,136.00
50878,0,8,Computer,1,24,Debit Card,Male,2.00,3,Fashion,2,Single,3,0,11.00,0,2,2,194.00
50879,0,0,Phone,1,6,COD,Male,2.00,3,Mobile,2,Divorced,5,0,11.00,1,1,2,132.00
50880,0,0,Phone,1,13,UPI,Male,3.00,1,Mobile Phone,5,Single,1,0,12.00,1,1,7,136.00
50881,0,2,Mobile Phone,2,23,UPI,Male,2.00,4,Fashion,5,Single,2,0,13.00,0,1,9,180.00
50882,1,0,Computer,1,34,Debit Card,Male,3.00,4,Laptop & Accessory,5,Single,4,0,20.00,0,1,3,143.00
50883,1,0,Computer,1,20,UPI,Female,2.00,3,Fashion,2,Single,1,1,12.00,2,7,7,176.00
50884,0,27,Mobile Phone,1,6,Credit Card,Female,2.00,3,Grocery,2,Single,7,0,19.00,1,12,7,273.00
50885,0,30,Mobile Phone,1,6,Credit Card,Female,3.00,3,Others,5,Divorced,4,1,15.00,1,1,5,297.00
50886,0,28,Mobile Phone,1,6,Credit Card,Male,2.00,1,Grocery,2,Married,3,0,13.00,1,2,0,247.00
50887,0,9,Mobile Phone,3,9,E wallet,Female,2.00,3,Laptop & Accessory,4,Single,4,1,16.00,0,1,1,193.00
50888,1,9,Computer,3,6,Debit Card,Female,2.00,5,Mobile Phone,3,Single,2,0,12.00,1,1,0,114.00
50889,0,3,Phone,3,13,E wallet,Female,3.00,3,Laptop & Accessory,5,Married,8,0,14.00,1,1,2,148.00
50890,0,4,Mobile Phone,1,14,Debit Card,Female,3.00,3,Grocery,4,Single,4,0,11.00,1,1,0,264.00
50891,0,7,Computer,1,6,UPI,Male,3.00,3,Mobile,5,Married,6,0,14.00,1,1,3,130.00
50892,1,9,Mobile Phone,1,14,Debit Card,Female,2.00,4,Mobile Phone,4,Single,2,0,12.00,0,1,0,113.00
50893,0,9,Phone,1,17,Debit Card,Male,3.00,3,Mobile,5,Divorced,1,0,14.00,1,1,4,121.00
50894,0,9,Mobile Phone,1,10,Debit Card,Male,2.00,4,Laptop & Accessory,2,Single,2,0,16.00,1,1,8,158.00
50895,0,9,Mobile Phone,3,22,E wallet,Female,3.00,4,Laptop & Accessory,5,Divorced,5,0,13.00,1,1,2,156.00
50896,0,20,Phone,1,6,COD,Male,3.00,3,Mobile,2,Divorced,8,0,12.00,1,1,2,134.00
50897,1,0,Phone,3,15,Debit Card,Male,3.00,4,Mobile Phone,5,Divorced,4,0,12.00,1,2,2,144.00
50898,0,10,Computer,1,11,COD,Male,2.00,1,Mobile,3,Single,1,0,14.00,1,1,3,135.00
50899,0,9,Phone,1,6,Debit Card,Female,2.00,3,Mobile,5,Divorced,3,0,22.00,1,1,0,121.00
50900,0,20,Mobile Phone,1,8,Credit Card,Female,2.00,3,Grocery,3,Divorced,4,0,19.00,1,5,6,272.00
50901,0,0,Phone,3,10,Credit Card,Female,2.00,3,Laptop & Accessory,3,Divorced,2,1,12.00,1,1,3,142.00
50902,0,5,Mobile Phone,3,13,E wallet,Male,3.00,3,Laptop & Accessory,2,Divorced,5,0,12.00,1,1,3,192.00
50903,0,7,Phone,1,6,Debit Card,Female,2.00,4,Mobile,4,Divorced,6,0,17.00,1,1,2,133.00
50904,0,9,Phone,1,11,CC,Male,2.00,1,Mobile,3,Divorced,3,1,12.00,1,1,3,121.00
50905,0,13,Computer,1,15,UPI,Male,2.00,3,Laptop & Accessory,3,Married,4,0,11.00,1,1,7,140.00
50906,0,4,Mobile Phone,3,14,Debit Card,Male,2.00,3,Fashion,2,Married,2,0,18.00,2,9,9,208.00
50907,1,9,Mobile Phone,3,15,E wallet,Male,2.00,3,Fashion,1,Married,5,0,11.00,0,4,3,201.00
50908,1,2,Computer,1,8,Debit Card,Female,2.00,4,Mobile Phone,5,Single,3,1,23.00,0,1,0,136.00
50909,1,0,Computer,1,6,Debit Card,Female,3.00,1,Fashion,4,Single,2,0,11.00,3,4,7,174.00
50910,0,18,Mobile Phone,1,26,Credit Card,Male,3.00,5,Fashion,5,Married,3,1,18.00,0,1,7,209.00
50911,0,9,Phone,2,14,CC,Female,3.00,1,Mobile,4,Single,10,0,18.00,0,1,2,121.00
50912,1,0,Computer,1,8,Debit Card,Male,3.00,3,Mobile Phone,1,Divorced,7,1,13.00,2,2,2,137.00
50913,0,18,Mobile Phone,1,35,Cash on Delivery,Male,2.00,3,Fashion,1,Divorced,5,1,18.00,1,1,2,194.00
50914,0,21,Mobile Phone,3,13,E wallet,Male,3.00,3,Laptop & Accessory,5,Married,5,0,11.00,1,2,2,155.00
50915,1,0,Phone,2,15,COD,Female,3.00,3,Mobile,3,Divorced,2,0,15.00,1,2,2,127.00
50916,0,13,Computer,1,14,Credit Card,Male,2.00,4,Fashion,4,Married,3,0,11.00,1,2,8,238.00
50917,0,1,Mobile Phone,3,11,Credit Card,Male,2.00,3,Laptop & Accessory,5,Single,1,0,18.00,1,1,3,185.00
50918,0,17,Computer,1,11,Debit Card,Male,3.00,4,Mobile,3,Single,4,0,14.00,0,1,3,132.00
50919,0,26,Mobile Phone,1,8,Credit Card,Male,2.00,1,Grocery,4,Single,5,0,12.00,1,8,8,266.00
50920,0,22,Mobile Phone,1,11,COD,Male,3.00,3,Laptop & Accessory,3,Divorced,3,0,14.00,0,1,2,167.00
50921,0,13,Phone,1,14,CC,Male,3.00,3,Mobile,3,Married,3,0,14.00,0,1,2,123.00
50922,0,17,Phone,1,26,Debit Card,Male,2.00,3,Mobile,4,Single,2,0,13.00,1,1,3,134.00
50923,0,6,Computer,3,13,Credit Card,Male,2.00,3,Laptop & Accessory,5,Divorced,1,0,14.00,0,1,3,144.00
50924,0,7,Phone,3,9,UPI,Male,2.00,5,Laptop & Accessory,5,Single,4,0,18.00,2,3,12,148.00
50925,0,3,Mobile Phone,3,22,Debit Card,Male,3.00,3,Laptop & Accessory,3,Divorced,9,0,15.00,0,2,2,153.00
50926,0,15,Computer,1,15,Credit Card,Female,3.00,3,Mobile Phone,1,Single,2,0,13.00,4,5,8,137.00
50927,0,17,Computer,3,6,E wallet,Female,3.00,3,Laptop & Accessory,3,Divorced,8,0,12.00,1,1,0,148.00
50928,0,9,Computer,1,13,Cash on Delivery,Male,3.00,3,Mobile Phone,3,Married,2,0,13.00,0,1,0,113.00
50929,0,50,Phone,1,6,Debit Card,Male,3.00,1,Laptop & Accessory,3,Divorced,1,0,24.00,1,2,8,149.00
50930,0,22,Mobile Phone,1,13,Debit Card,Male,2.00,3,Fashion,4,Married,4,0,14.00,0,1,7,205.00
50931,0,7,Computer,1,21,Credit Card,Male,3.00,3,Grocery,5,Married,8,0,14.00,1,6,9,270.00
50932,1,0,Computer,3,6,COD,Male,3.00,3,Mobile,3,Divorced,4,0,15.00,1,1,2,129.00
50933,1,0,Computer,3,19,COD,Female,2.00,3,Laptop & Accessory,4,Single,6,0,11.00,0,1,0,158.00
50934,1,0,Phone,3,30,Credit Card,Female,2.00,4,Laptop & Accessory,4,Single,1,1,23.00,2,10,10,146.00
50935,0,8,Phone,3,14,Debit Card,Male,3.00,3,Mobile,3,Divorced,2,0,13.00,1,1,0,124.00
50936,1,0,Computer,1,15,CC,Male,2.00,3,Mobile,5,Single,3,1,11.00,0,1,0,132.00
50937,0,9,Computer,3,19,Debit Card,Female,3.00,3,Mobile,4,Divorced,2,0,13.00,0,1,0,120.00
50938,0,17,Computer,1,8,Credit Card,Male,2.00,3,Fashion,3,Single,6,1,18.00,0,2,2,202.00
50939,0,2,Mobile Phone,3,25,Debit Card,Male,3.00,4,Laptop & Accessory,3,Married,2,0,14.00,1,1,4,186.00
50940,0,9,Phone,2,6,Debit Card,Male,2.00,3,Mobile,3,Married,1,0,21.00,0,1,3,121.00
50941,0,28,Phone,1,10,Debit Card,Male,1.00,3,Laptop & Accessory,3,Divorced,1,1,16.00,0,1,2,140.00
50942,0,6,Phone,1,10,Credit Card,Female,2.00,4,Mobile Phone,4,Divorced,9,0,11.00,0,1,2,138.00
50943,0,20,Phone,3,20,Credit Card,Female,3.00,3,Laptop & Accessory,3,Divorced,4,1,17.00,1,1,2,146.00
50944,1,0,Computer,1,14,CC,Male,2.00,4,Mobile,5,Single,8,0,11.00,0,1,0,126.00
50945,0,9,Mobile Phone,1,6,Debit Card,Male,3.00,4,Mobile Phone,3,Married,2,0,14.00,0,1,0,116.00
50946,0,1,Computer,3,13,Debit Card,Male,2.00,3,Laptop & Accessory,5,Single,1,0,14.00,1,1,3,149.00
50947,0,22,Phone,1,9,Credit Card,Female,2.00,4,Laptop & Accessory,5,Divorced,5,0,25.00,1,1,2,148.00
50948,0,2,Computer,1,8,Debit Card,Female,3.00,3,Mobile,4,Divorced,1,0,13.00,0,1,2,132.00
50949,0,1,Mobile Phone,1,35,Debit Card,Male,3.00,5,Laptop & Accessory,4,Divorced,2,0,14.00,1,1,7,165.00
50950,0,6,Mobile Phone,1,14,Debit Card,Male,3.00,3,Laptop & Accessory,3,Single,3,1,17.00,0,1,0,164.00
50951,0,5,Mobile Phone,1,16,Credit Card,Male,0.00,3,Fashion,1,Single,3,0,25.00,0,1,3,212.00
50952,0,27,Computer,1,17,Credit Card,Female,2.00,3,Grocery,1,Married,4,0,20.00,1,2,12,260.00
50953,1,0,Phone,1,14,COD,Male,3.00,4,Mobile,5,Single,7,0,13.00,0,1,7,124.00
50954,0,17,Mobile Phone,1,34,Debit Card,Male,2.00,3,Grocery,5,Divorced,4,0,13.00,1,14,17,263.00
50955,0,12,Mobile Phone,1,12,Debit Card,Female,2.00,3,Fashion,4,Single,5,0,18.00,0,2,2,184.00
50956,0,19,Mobile Phone,3,9,Debit Card,Female,2.00,3,Grocery,4,Divorced,9,0,12.00,1,5,1,266.00
50957,0,8,Mobile Phone,1,22,Debit Card,Female,3.00,4,Fashion,4,Single,2,0,19.00,1,3,3,186.00
50958,0,9,Phone,1,26,Debit Card,Male,3.00,3,Laptop & Accessory,3,Single,1,0,14.00,1,1,2,123.00
50959,1,9,Mobile Phone,1,15,Debit Card,Male,2.00,3,Mobile,5,Single,4,0,14.00,1,1,0,120.00
50960,0,7,Mobile Phone,3,6,COD,Male,3.00,4,Fashion,3,Divorced,2,1,14.00,7,8,6,171.00
50961,1,0,Computer,1,9,Debit Card,Female,2.00,3,Mobile Phone,3,Single,2,0,12.00,6,7,7,141.00
50962,0,23,Computer,1,28,Credit Card,Male,2.00,5,Grocery,1,Single,2,1,13.00,13,2,9,244.00
50964,0,15,Phone,1,8,Credit Card,Male,3.00,4,Mobile Phone,4,Married,5,0,14.00,1,1,0,148.00
50965,0,10,Phone,1,19,Credit Card,Male,2.00,3,Laptop & Accessory,1,Married,2,0,17.00,0,3,7,143.00
50966,0,2,Mobile Phone,1,14,UPI,Female,2.00,5,Laptop & Accessory,5,Married,4,0,13.00,0,1,7,197.00
50967,0,6,Phone,1,31,Debit Card,Male,2.00,4,Laptop & Accessory,4,Single,2,0,13.00,0,1,2,143.00
50968,0,9,Phone,1,34,Cash on Delivery,Male,3.00,3,Mobile,1,Married,5,0,20.00,1,1,3,121.00
50969,0,15,Computer,1,8,Debit Card,Male,2.00,3,Fashion,1,Married,3,1,14.00,12,13,9,201.00
50970,0,13,Mobile Phone,3,15,Credit Card,Male,2.00,3,Laptop & Accessory,5,Married,1,0,12.00,2,7,1,155.00
50971,0,6,Mobile Phone,1,34,Debit Card,Male,3.00,3,Laptop & Accessory,3,Married,2,1,12.00,1,5,7,152.00
50972,0,13,Mobile Phone,2,12,Credit Card,Male,2.00,3,Grocery,1,Single,2,1,21.00,1,7,7,264.00
50973,0,9,Phone,1,27,COD,Male,2.00,4,Mobile,5,Married,1,0,14.00,0,1,0,123.00
50974,0,13,Computer,1,14,Debit Card,Male,3.00,3,Laptop & Accessory,1,Married,4,1,18.00,2,2,2,141.00
50975,0,18,Mobile Phone,1,6,COD,Male,3.00,3,Fashion,4,Married,2,0,12.00,6,7,7,174.00
50976,0,8,Phone,3,14,Debit Card,Female,3.00,4,Mobile,3,Married,1,0,23.00,2,4,2,124.00
50977,0,5,Mobile Phone,1,11,Debit Card,Female,3.00,4,Laptop & Accessory,4,Married,4,0,12.00,1,2,5,159.00
50978,0,9,Phone,3,14,Debit Card,Male,3.00,3,Mobile,1,Single,4,1,21.00,0,1,2,126.00
50979,0,21,Mobile Phone,3,22,Debit Card,Female,3.00,3,Laptop & Accessory,3,Married,9,0,14.00,1,7,7,164.00
50980,0,2,Phone,1,14,Debit Card,Male,3.00,1,Mobile,3,Married,7,0,18.00,1,1,0,125.00
50981,0,6,Mobile Phone,3,14,Debit Card,Male,2.00,3,Laptop & Accessory,5,Married,3,0,13.00,2,2,2,164.00
52782,0,0,Phone,3,14,CC,Male,2.00,3,Mobile,5,Single,2,1,11.00,1,1,2,124.00
50982,1,0,Mobile Phone,3,6,Debit Card,Male,3.00,4,Laptop & Accessory,5,Married,2,0,11.00,3,6,7,197.00
50983,0,11,Computer,2,16,UPI,Male,3.00,3,Laptop & Accessory,3,Married,4,0,11.00,0,1,2,161.00
50984,0,8,Phone,1,14,CC,Male,3.00,4,Mobile,5,Single,2,0,19.00,0,1,2,125.00
50985,0,3,Mobile Phone,3,35,COD,Male,2.00,3,Fashion,4,Married,4,0,12.00,0,1,3,193.00
50986,1,9,Phone,1,8,Debit Card,Female,3.00,3,Mobile,5,Married,2,1,12.00,1,1,0,121.00
50987,1,16,Mobile Phone,1,8,Cash on Delivery,Female,3.00,4,Fashion,1,Married,1,0,16.00,1,1,9,202.00
50988,1,1,Phone,1,8,Credit Card,Male,2.00,3,Laptop & Accessory,4,Married,5,0,11.00,0,1,4,149.00
50989,0,5,Computer,1,6,COD,Male,3.00,3,Laptop & Accessory,5,Married,5,0,14.00,1,1,2,141.00
50990,0,21,Phone,1,14,UPI,Female,3.00,3,Mobile,5,Married,9,0,12.00,7,7,6,124.00
50991,0,7,Phone,1,13,CC,Male,3.00,3,Mobile,1,Single,2,0,13.00,0,1,0,130.00
50992,0,28,Mobile Phone,3,32,E wallet,Male,2.00,4,Others,1,Married,2,0,15.00,2,2,13,296.00
50993,0,7,Mobile Phone,1,6,Debit Card,Male,2.00,3,Laptop & Accessory,1,Married,10,0,17.00,1,2,1,155.00
50994,0,9,Phone,1,9,Debit Card,Female,2.00,3,Mobile,1,Married,2,0,21.00,1,1,0,121.00
50995,0,11,Mobile Phone,3,20,Debit Card,Male,3.00,3,Laptop & Accessory,4,Married,1,0,11.00,5,7,7,199.00
50996,0,11,Phone,3,22,Debit Card,Female,2.00,3,Laptop & Accessory,4,Single,3,0,12.00,0,1,2,142.00
50997,0,9,Mobile Phone,3,6,Debit Card,Female,3.00,3,Laptop & Accessory,3,Single,7,0,13.00,1,1,0,168.00
50998,0,2,Phone,1,9,Credit Card,Male,2.00,3,Mobile Phone,5,Single,2,1,18.00,0,1,5,147.00
50999,0,8,Mobile Phone,1,16,Credit Card,Female,2.00,3,Laptop & Accessory,3,Single,4,1,16.00,1,1,4,161.00
51000,0,12,Mobile Phone,3,12,Credit Card,Male,2.00,1,Fashion,3,Married,3,0,11.00,4,7,6,182.00
51001,0,2,Computer,1,8,Debit Card,Male,2.00,3,Laptop & Accessory,1,Married,2,0,19.00,0,1,3,189.00
51002,0,23,Mobile Phone,3,5,E wallet,Male,2.00,3,Others,3,Married,5,1,15.00,0,1,0,293.00
51003,0,9,Phone,1,16,Cash on Delivery,Male,2.00,1,Mobile,3,Married,3,0,16.00,2,2,2,121.00
51004,0,9,Computer,1,12,Debit Card,Male,3.00,1,Laptop & Accessory,5,Married,4,1,13.00,1,1,2,156.00
51005,0,15,Mobile Phone,1,15,UPI,Male,3.00,4,Others,1,Single,9,0,15.00,1,1,1,296.00
51006,0,8,Phone,1,34,Debit Card,Male,2.00,1,Laptop & Accessory,3,Married,2,0,17.00,5,6,8,134.00
51007,0,7,Computer,1,16,COD,Male,3.00,4,Laptop & Accessory,3,Married,2,0,14.00,2,7,7,151.00
51008,0,13,Phone,3,20,Debit Card,Female,2.00,3,Laptop & Accessory,5,Married,2,0,15.00,0,1,2,146.00
51009,0,16,Phone,1,33,COD,Male,2.00,1,Mobile Phone,4,Married,6,0,12.00,1,1,2,149.00
51010,0,8,Phone,1,13,Debit Card,Male,3.00,4,Mobile,1,Married,2,0,18.00,1,1,1,127.00
51011,0,19,Mobile Phone,3,6,Debit Card,Male,2.00,1,Grocery,5,Single,2,0,15.00,1,1,12,276.00
51013,0,0,Computer,1,32,UPI,Female,3.00,4,Mobile,3,Married,2,1,14.00,0,1,3,128.00
51014,0,23,Computer,1,26,Credit Card,Male,2.00,3,Grocery,3,Married,3,1,15.00,3,12,3,212.00
51015,0,5,Phone,1,11,UPI,Female,2.00,1,Mobile,1,Married,4,0,17.00,1,1,2,133.00
51016,0,17,Mobile Phone,1,13,Credit Card,Female,2.00,3,Others,1,Married,1,1,14.00,1,1,10,290.00
51017,0,9,Phone,1,13,CC,Male,2.00,4,Mobile,4,Married,2,0,12.00,0,1,1,121.00
51018,0,18,Mobile Phone,1,11,Credit Card,Female,2.00,5,Laptop & Accessory,5,Single,2,1,14.00,1,1,4,158.00
51019,0,18,Computer,3,32,E wallet,Male,2.00,4,Laptop & Accessory,5,Married,2,0,15.00,0,4,5,144.00
51020,0,4,Computer,3,8,UPI,Male,2.00,3,Laptop & Accessory,5,Single,8,0,13.00,0,1,3,153.00
51021,0,9,Phone,1,18,Debit Card,Female,3.00,3,Laptop & Accessory,3,Married,10,1,12.00,0,1,1,147.00
51022,0,7,Computer,1,16,Debit Card,Male,2.00,1,Laptop & Accessory,1,Married,2,0,13.00,5,7,2,147.00
51023,0,22,Phone,1,31,Debit Card,Female,2.00,3,Mobile,5,Married,2,0,14.00,0,1,4,132.00
51024,0,12,Mobile Phone,1,16,Credit Card,Male,3.00,3,Laptop & Accessory,5,Married,3,0,13.00,4,7,7,154.00
51025,0,0,Phone,1,25,UPI,Male,3.00,4,Mobile Phone,5,Married,2,0,11.00,0,1,7,141.00
51026,0,8,Mobile Phone,1,24,Debit Card,Male,2.00,1,Laptop & Accessory,5,Married,2,0,11.00,0,1,10,152.00
51027,0,1,Mobile Phone,1,33,Credit Card,Female,2.00,5,Laptop & Accessory,5,Married,1,0,21.00,1,1,0,0.00
51028,0,0,Phone,1,11,CC,Male,3.00,3,Mobile,1,Single,2,0,18.00,1,2,2,131.00
51029,1,9,Computer,3,9,Credit Card,Female,3.00,3,Mobile Phone,1,Single,2,1,12.00,0,1,0,116.00
51030,0,20,Mobile Phone,2,32,Debit Card,Female,3.00,3,Others,3,Married,4,0,15.00,1,1,0,297.00
51031,0,12,Phone,1,9,CC,Male,3.00,4,Laptop & Accessory,3,Married,1,0,15.00,0,1,7,131.00
51032,0,13,Mobile Phone,1,21,Debit Card,Female,3.00,4,Fashion,3,Married,2,0,13.00,1,14,12,204.00
51033,0,8,Computer,1,14,Debit Card,Female,2.00,3,Laptop & Accessory,3,Married,2,0,12.00,2,2,9,141.00
51034,0,10,Mobile Phone,1,25,Debit Card,Male,2.00,3,Laptop & Accessory,3,Married,4,0,17.00,0,1,2,158.00
51035,0,12,Computer,1,10,Credit Card,Female,2.00,3,Laptop & Accessory,3,Single,1,0,13.00,3,3,8,150.00
51036,0,18,Mobile Phone,1,8,UPI,Female,2.00,4,Laptop & Accessory,1,Married,2,0,19.00,2,3,9,158.00
51037,0,11,Mobile Phone,1,8,Credit Card,Female,2.00,4,Fashion,3,Married,4,1,19.00,1,1,2,178.00
51038,1,0,Mobile Phone,3,16,Credit Card,Male,2.00,4,Fashion,5,Married,10,0,17.00,4,6,0,203.00
51039,0,10,Phone,1,16,Credit Card,Female,3.00,3,Mobile Phone,4,Married,2,0,11.00,1,7,7,139.00
51040,0,13,Mobile Phone,1,22,Debit Card,Female,2.00,3,Fashion,1,Single,7,1,15.00,1,3,3,179.00
51041,0,17,Computer,2,6,UPI,Male,2.00,3,Laptop & Accessory,1,Married,5,1,11.00,1,1,2,157.00
51042,0,21,Computer,1,10,Credit Card,Male,2.00,4,Grocery,1,Married,3,0,25.00,2,2,2,252.00
51043,1,0,Mobile Phone,3,21,Credit Card,Male,2.00,5,Laptop & Accessory,1,Married,7,1,14.00,1,2,2,154.00
51044,0,0,Computer,1,8,COD,Female,2.00,3,Mobile Phone,1,Single,2,1,13.00,1,1,3,138.00
51045,0,0,Phone,1,14,Credit Card,Female,2.00,1,Mobile,3,Married,8,0,17.00,0,1,2,135.00
51046,0,0,Computer,1,14,CC,Male,2.00,3,Mobile,1,Single,3,0,13.00,0,1,2,126.00
51047,1,9,Phone,1,13,Debit Card,Male,3.00,3,Mobile,5,Single,4,1,14.00,0,1,3,122.00
51048,0,2,Mobile Phone,3,16,Credit Card,Male,2.00,4,Laptop & Accessory,3,Single,10,0,11.00,1,1,4,159.00
51049,0,9,Mobile Phone,1,11,Debit Card,Female,2.00,3,Fashion,5,Married,5,0,12.00,1,1,2,180.00
51050,0,0,Computer,1,8,Debit Card,Male,3.00,1,Laptop & Accessory,3,Married,2,0,17.00,0,1,7,152.00
51051,0,12,Mobile Phone,1,18,Credit Card,Male,3.00,3,Laptop & Accessory,4,Married,5,0,21.00,1,1,0,153.00
51052,0,22,Mobile Phone,1,28,UPI,Female,3.00,3,Grocery,4,Married,4,0,16.00,1,1,2,264.00
51053,0,23,Mobile Phone,1,23,Debit Card,Female,2.00,4,Fashion,5,Married,6,0,15.00,1,2,11,233.00
51054,0,0,Phone,3,8,CC,Female,3.00,3,Mobile,3,Single,2,0,19.00,0,2,2,128.00
51055,0,7,Mobile Phone,1,9,Debit Card,Female,3.00,3,Laptop & Accessory,4,Married,2,0,12.00,7,7,9,154.00
51056,0,9,Mobile Phone,1,13,Debit Card,Male,3.00,3,Mobile,4,Single,3,0,11.00,0,1,3,120.00
51057,0,22,Mobile Phone,1,12,Debit Card,Female,2.00,4,Grocery,3,Married,3,1,19.00,1,2,12,240.00
51058,0,9,Computer,1,6,Credit Card,Female,2.00,4,Laptop & Accessory,3,Married,1,0,15.00,1,1,2,144.00
51059,0,9,Mobile Phone,1,9,Debit Card,Male,3.00,1,Laptop & Accessory,5,Married,7,0,20.00,1,1,4,168.00
51060,0,27,Mobile Phone,1,28,Credit Card,Female,3.00,3,Grocery,3,Married,4,0,25.00,1,4,7,274.00
51061,0,16,Mobile Phone,1,21,Debit Card,Male,3.00,4,Grocery,3,Married,2,0,24.00,1,6,11,276.00
51062,1,0,Computer,3,18,UPI,Male,2.00,3,Laptop & Accessory,1,Single,4,1,24.00,3,6,7,146.00
51063,0,11,Computer,1,6,Debit Card,Male,2.00,3,Laptop & Accessory,1,Married,8,0,15.00,2,2,9,147.00
51064,0,2,Phone,3,11,Credit Card,Male,2.00,4,Laptop & Accessory,4,Married,2,1,13.00,0,1,9,142.00
51065,0,6,Mobile Phone,3,8,Credit Card,Male,3.00,3,Laptop & Accessory,1,Married,2,0,14.00,1,1,4,155.00
51066,0,5,Mobile Phone,1,8,Credit Card,Male,2.00,3,Laptop & Accessory,4,Married,1,0,13.00,0,1,6,155.00
51067,0,4,Mobile Phone,3,11,Debit Card,Female,3.00,3,Laptop & Accessory,1,Married,2,0,11.00,0,1,2,155.00
51068,0,22,Phone,1,14,CC,Female,3.00,3,Mobile,5,Married,5,1,16.00,1,2,2,126.00
51069,0,11,Computer,1,14,CC,Female,2.00,4,Mobile,4,Single,2,0,22.00,1,3,3,124.00
51070,0,20,Mobile Phone,3,8,Debit Card,Female,2.00,1,Grocery,4,Married,7,0,14.00,0,2,2,260.00
51071,0,22,Mobile Phone,1,6,Debit Card,Male,2.00,3,Grocery,3,Single,5,0,14.00,1,2,0,254.00
51072,0,14,Mobile Phone,3,29,Debit Card,Male,3.00,3,Fashion,3,Single,4,1,16.00,0,1,2,171.00
51073,0,0,Phone,3,15,Debit Card,Male,3.00,3,Mobile,5,Single,2,0,11.00,0,1,2,127.00
51074,0,6,Computer,3,22,Debit Card,Female,2.00,3,Laptop & Accessory,1,Married,2,1,25.00,0,1,2,154.00
51075,0,9,Mobile Phone,1,32,Debit Card,Male,3.00,3,Laptop & Accessory,3,Married,7,0,14.00,1,1,2,153.00
51076,0,17,Phone,2,6,Debit Card,Female,2.00,3,Mobile,1,Married,5,1,18.00,2,2,2,132.00
51077,1,0,Phone,1,14,Credit Card,Male,3.00,4,Mobile Phone,3,Single,2,1,11.00,1,1,2,140.00
51078,0,11,Phone,1,10,CC,Female,2.00,3,Mobile,3,Married,8,0,19.00,0,1,0,133.00
51079,0,26,Mobile Phone,1,30,Credit Card,Male,2.00,1,Fashion,1,Married,4,0,15.00,0,1,2,170.00
51080,1,11,Computer,3,14,CC,Female,3.00,3,Mobile,3,Married,3,1,11.00,4,7,7,127.00
51081,1,9,Mobile Phone,1,8,Debit Card,Male,3.00,3,Mobile Phone,4,Single,2,0,12.00,1,1,0,114.00
51082,0,0,Computer,1,14,CC,Male,3.00,3,Mobile,1,Single,2,0,20.00,5,5,7,126.00
51083,0,28,Phone,1,28,COD,Male,3.00,4,Mobile,4,Married,6,0,12.00,1,1,2,135.00
51084,0,7,Phone,1,11,Credit Card,Male,2.00,4,Laptop & Accessory,1,Married,2,0,14.00,4,4,13,140.00
51085,0,30,Mobile Phone,1,6,Credit Card,Male,3.00,5,Fashion,1,Married,4,0,20.00,0,1,0,209.00
51086,0,9,Phone,1,27,CC,Male,3.00,1,Mobile,4,Married,2,0,18.00,2,2,13,120.00
51087,0,10,Computer,3,6,Credit Card,Male,2.00,5,Laptop & Accessory,1,Married,2,0,14.00,0,1,3,195.00
51088,0,7,Phone,1,25,Debit Card,Female,3.00,4,Mobile,1,Married,2,0,12.00,3,8,7,129.00
51089,1,9,Phone,3,13,Debit Card,Male,2.00,3,Mobile,1,Married,2,1,21.00,1,1,2,123.00
51090,0,17,Mobile Phone,1,8,Debit Card,Female,3.00,1,Fashion,1,Married,2,1,19.00,6,6,7,179.00
51091,0,8,Computer,1,8,Credit Card,Male,3.00,4,Mobile Phone,1,Single,1,1,14.00,1,1,4,149.00
51092,0,16,Mobile Phone,3,8,Credit Card,Male,3.00,3,Laptop & Accessory,1,Married,2,1,17.00,0,8,8,178.00
51093,0,0,Phone,1,15,Credit Card,Male,3.00,1,Mobile Phone,3,Married,2,0,16.00,0,1,4,144.00
51094,0,14,Mobile Phone,3,12,E wallet,Male,2.00,3,Fashion,3,Single,2,0,12.00,6,8,7,192.00
51095,0,2,Phone,1,15,CC,Female,3.00,3,Mobile,3,Married,10,0,17.00,1,1,2,130.00
51096,0,9,Phone,3,8,Debit Card,Female,2.00,3,Laptop & Accessory,1,Single,4,0,15.00,3,6,7,145.00
51097,0,18,Computer,1,6,Debit Card,Male,3.00,4,Fashion,3,Married,4,0,23.00,3,14,4,207.00
51098,1,9,Mobile Phone,2,28,UPI,Male,2.00,5,Mobile Phone,3,Married,2,0,11.00,0,1,0,116.00
51099,1,10,Computer,3,15,Debit Card,Male,2.00,5,Grocery,3,Married,8,0,11.00,1,14,3,229.00
51100,0,9,Phone,1,23,CC,Male,3.00,5,Mobile,3,Married,2,0,15.00,0,1,2,123.00
51101,0,18,Mobile Phone,1,34,Cash on Delivery,Female,2.00,4,Grocery,4,Single,2,0,11.00,1,8,6,267.00
51102,0,5,Computer,1,16,Debit Card,Male,2.00,3,Mobile,3,Married,7,0,13.00,0,1,3,134.00
51103,0,4,Phone,1,8,Debit Card,Male,3.00,3,Mobile,3,Married,2,0,14.00,0,1,3,135.00
51104,0,14,Computer,2,10,UPI,Male,2.00,5,Laptop & Accessory,4,Married,7,0,19.00,0,1,2,164.00
51105,0,13,Mobile Phone,1,14,Debit Card,Female,3.00,3,Laptop & Accessory,5,Married,3,1,16.00,0,1,0,165.00
51106,0,0,Phone,1,35,Credit Card,Male,3.00,3,Mobile Phone,5,Married,2,0,13.00,1,1,2,139.00
51107,0,19,Mobile Phone,1,19,Debit Card,Male,2.00,3,Laptop & Accessory,4,Single,7,0,14.00,1,1,9,156.00
51108,0,8,Mobile Phone,1,33,Debit Card,Male,2.00,3,Laptop & Accessory,3,Married,3,0,16.00,0,1,7,169.00
51109,0,3,Phone,1,22,Debit Card,Male,3.00,3,Mobile,1,Married,2,0,12.00,0,1,8,129.00
51110,0,20,Computer,3,8,E wallet,Male,2.00,3,Laptop & Accessory,4,Married,8,0,11.00,0,1,0,150.00
51111,0,19,Mobile Phone,3,8,Debit Card,Male,3.00,3,Fashion,1,Married,5,1,12.00,0,1,3,204.00
51112,1,0,Mobile Phone,3,19,E wallet,Male,3.00,4,Laptop & Accessory,5,Married,6,1,13.00,2,2,2,161.00
51113,1,0,Mobile Phone,3,6,Debit Card,Male,2.00,5,Laptop & Accessory,4,Single,7,0,15.00,0,1,0,167.00
51114,0,0,Phone,1,10,CC,Female,2.00,3,Mobile,4,Single,2,0,13.00,1,1,2,133.00
51115,0,4,Computer,1,30,COD,Female,1.00,3,Laptop & Accessory,1,Single,3,0,20.00,1,1,4,152.00
51116,0,12,Computer,1,6,Debit Card,Male,3.00,3,Laptop & Accessory,1,Married,2,1,15.00,3,5,8,165.00
51117,0,5,Mobile Phone,3,25,Debit Card,Male,3.00,5,Fashion,3,Married,4,0,13.00,1,1,2,196.00
51118,0,13,Mobile Phone,3,13,Credit Card,Male,2.00,3,Others,4,Single,2,0,15.00,1,12,8,298.00
51119,0,18,Mobile Phone,2,10,Debit Card,Female,2.00,5,Fashion,3,Married,5,0,21.00,1,1,3,198.00
51120,0,3,Computer,1,8,COD,Female,3.00,4,Mobile Phone,5,Single,1,0,16.00,0,1,7,150.00
51121,0,9,Computer,2,16,CC,Male,2.00,3,Mobile,1,Married,1,0,14.00,1,2,1,121.00
51122,1,9,Computer,2,14,UPI,Female,3.00,4,Mobile,1,Married,7,0,11.00,1,1,2,122.00
51123,0,4,Mobile Phone,3,11,COD,Male,2.00,3,Laptop & Accessory,3,Married,2,0,19.00,0,1,2,183.00
51124,0,0,Phone,1,14,CC,Female,3.00,3,Mobile,1,Single,2,0,11.00,1,1,4,134.00
51125,1,0,Phone,3,15,E wallet,Female,3.00,5,Mobile,4,Single,2,0,13.00,1,2,2,128.00
51126,0,2,Computer,1,6,Debit Card,Male,3.00,1,Laptop & Accessory,3,Single,9,1,12.00,0,1,2,163.00
51127,0,3,Mobile Phone,3,21,E wallet,Male,3.00,4,Fashion,5,Married,3,0,11.00,0,1,7,171.00
51128,0,7,Phone,1,8,CC,Male,3.00,1,Mobile,1,Married,1,1,14.00,0,1,2,129.00
51129,0,6,Computer,3,8,E wallet,Female,3.00,3,Laptop & Accessory,4,Single,9,0,15.00,0,1,7,151.00
51130,0,22,Phone,3,17,E wallet,Female,3.00,3,Laptop & Accessory,1,Single,4,0,12.00,0,1,4,145.00
51131,1,0,Mobile Phone,3,22,Debit Card,Female,3.00,3,Fashion,5,Single,3,1,20.00,0,1,0,186.00
51132,0,11,Computer,1,14,CC,Female,3.00,4,Mobile,4,Married,5,0,14.00,0,1,5,125.00
51133,1,0,Mobile Phone,3,22,E wallet,Male,3.00,3,Fashion,3,Married,3,0,13.00,1,1,0,182.00
51134,0,9,Phone,1,10,Cash on Delivery,Female,3.00,4,Mobile,5,Married,2,0,13.00,0,1,0,121.00
51135,0,0,Mobile Phone,1,22,Debit Card,Male,2.00,1,Laptop & Accessory,3,Married,4,0,16.00,1,1,7,153.00
51136,0,5,Computer,1,11,COD,Male,3.00,3,Mobile,4,Single,3,0,14.00,1,1,7,127.00
51137,0,11,Mobile Phone,1,24,Credit Card,Male,2.00,5,Laptop & Accessory,1,Married,4,1,16.00,0,1,0,158.00
51138,1,6,Computer,1,14,COD,Male,2.00,4,Mobile,3,Married,10,1,16.00,1,1,0,124.00
51139,0,15,Phone,1,18,CC,Male,3.00,3,Mobile,4,Married,9,0,22.00,1,1,4,128.00
51140,0,28,Mobile Phone,1,8,Credit Card,Male,2.00,4,Others,5,Married,9,0,12.00,1,1,0,290.00
51141,0,6,Computer,1,10,COD,Male,3.00,3,Laptop & Accessory,4,Married,6,0,15.00,0,1,7,131.00
51142,0,9,Phone,1,15,Debit Card,Male,3.00,3,Mobile,5,Married,2,0,20.00,1,1,4,123.00
51143,0,7,Computer,3,16,Debit Card,Male,2.00,3,Laptop & Accessory,3,Married,2,1,14.00,1,1,7,140.00
51144,0,26,Computer,1,6,Credit Card,Female,2.00,4,Grocery,3,Married,5,1,20.00,0,1,3,230.00
51145,0,16,Phone,2,8,Debit Card,Male,3.00,3,Mobile,1,Single,1,0,13.00,0,1,8,135.00
51146,0,7,Mobile Phone,3,9,Debit Card,Female,2.00,5,Laptop & Accessory,1,Single,6,0,12.00,1,2,2,160.00
51147,1,0,Phone,3,13,E wallet,Male,3.00,3,Mobile,4,Single,2,0,13.00,1,1,0,127.00
51148,0,11,Phone,1,12,UPI,Female,2.00,4,Mobile Phone,3,Married,2,0,11.00,0,1,4,137.00
51149,1,0,Phone,1,14,CC,Female,3.00,3,Mobile,5,Married,2,1,17.00,0,1,0,124.00
51150,0,4,Mobile Phone,3,35,E wallet,Female,3.00,4,Laptop & Accessory,1,Married,2,0,14.00,2,5,7,155.00
51151,0,24,Mobile Phone,1,9,Cash on Delivery,Female,2.00,3,Fashion,3,Married,3,0,11.00,2,2,3,231.00
51152,0,10,Phone,3,15,E wallet,Male,2.00,4,Laptop & Accessory,4,Married,2,0,14.00,0,1,3,142.00
51153,0,19,Mobile Phone,1,8,Credit Card,Male,2.00,3,Others,1,Married,8,1,15.00,1,2,2,293.00
51154,0,9,Mobile Phone,1,16,Debit Card,Male,2.00,3,Fashion,5,Married,8,1,13.00,1,5,7,183.00
51155,1,7,Computer,1,14,CC,Male,2.00,3,Mobile,4,Married,2,1,12.00,1,2,3,123.00
51156,0,10,Phone,2,14,UPI,Male,2.00,3,Laptop & Accessory,4,Married,3,0,13.00,4,4,7,141.00
51157,1,0,Mobile Phone,3,33,Debit Card,Male,2.00,3,Laptop & Accessory,1,Single,2,1,18.00,0,7,7,158.00
51158,0,6,Phone,1,14,Debit Card,Male,3.00,1,Mobile,5,Married,7,0,19.00,6,7,6,131.00
51159,0,9,Phone,1,6,Debit Card,Male,2.00,3,Mobile,1,Married,2,0,11.00,0,1,3,120.00
51160,0,12,Mobile Phone,1,16,Credit Card,Male,3.00,3,Fashion,3,Single,8,0,21.00,2,2,2,235.00
51161,0,19,Computer,3,32,Debit Card,Male,3.00,4,Laptop & Accessory,4,Single,9,0,15.00,2,2,2,180.00
51162,0,13,Phone,1,8,Debit Card,Female,2.00,3,Mobile,5,Married,5,0,17.00,1,1,2,134.00
51163,0,15,Mobile Phone,1,19,Credit Card,Male,3.00,1,Laptop & Accessory,5,Married,6,0,18.00,1,1,0,155.00
51164,0,8,Computer,1,8,Credit Card,Male,2.00,3,Laptop & Accessory,1,Married,3,0,14.00,0,1,7,158.00
51165,0,11,Computer,2,14,UPI,Male,3.00,3,Mobile,4,Married,6,0,13.00,3,3,8,126.00
51166,1,0,Computer,1,15,Debit Card,Male,3.00,3,Laptop & Accessory,5,Married,5,0,17.00,0,1,7,153.00
51167,1,0,Phone,1,16,Credit Card,Male,2.00,3,Laptop & Accessory,5,Single,2,0,15.00,0,1,8,142.00
51168,0,12,Computer,3,26,Debit Card,Male,2.00,3,Laptop & Accessory,1,Married,3,0,18.00,1,2,2,141.00
51169,0,16,Computer,1,14,Debit Card,Male,2.00,3,Mobile,3,Single,5,0,13.00,0,1,2,124.00
51170,0,14,Mobile Phone,1,11,Debit Card,Male,2.00,1,Laptop & Accessory,4,Single,4,0,12.00,1,1,2,169.00
51171,0,14,Mobile Phone,3,10,E wallet,Female,2.00,3,Fashion,3,Married,1,1,13.00,0,13,5,204.00
51172,0,3,Mobile Phone,1,16,Credit Card,Female,3.00,3,Fashion,3,Single,10,0,14.00,0,1,2,197.00
51173,1,9,Phone,2,26,CC,Female,3.00,3,Mobile,4,Married,1,1,11.00,0,1,4,121.00
51174,1,9,Mobile Phone,1,27,Credit Card,Female,3.00,3,Laptop & Accessory,4,Married,5,0,22.00,1,3,7,189.00
51175,0,13,Mobile Phone,1,6,Debit Card,Female,2.00,3,Laptop & Accessory,1,Married,5,0,17.00,0,1,3,165.00
51176,0,7,Mobile Phone,3,14,COD,Male,3.00,1,Laptop & Accessory,3,Married,2,0,21.00,0,4,8,168.00
51177,0,30,Computer,3,8,Credit Card,Male,2.00,3,Grocery,4,Married,5,0,22.00,10,14,14,0.00
51178,0,8,Phone,1,29,CC,Male,3.00,5,Mobile,3,Married,1,0,16.00,1,1,3,127.00
51179,0,20,Mobile Phone,1,10,Debit Card,Female,3.00,4,Fashion,4,Married,9,1,12.00,2,14,10,203.00
51180,0,13,Phone,1,18,Debit Card,Female,2.00,3,Laptop & Accessory,5,Married,3,0,12.00,7,7,7,144.00
51181,0,27,Mobile Phone,1,13,Credit Card,Female,3.00,3,Laptop & Accessory,1,Married,5,0,15.00,1,1,7,169.00
51182,0,4,Computer,3,13,E wallet,Female,3.00,3,Fashion,5,Married,3,0,14.00,2,2,2,196.00
51183,0,1,Phone,1,6,Credit Card,Female,3.00,3,Mobile Phone,5,Married,2,0,25.00,1,1,2,136.00
51184,0,11,Mobile Phone,3,8,E wallet,Female,3.00,5,Laptop & Accessory,1,Married,3,1,20.00,0,1,3,154.00
51185,0,0,Phone,3,16,Credit Card,Male,2.00,3,Laptop & Accessory,1,Single,2,0,13.00,0,1,2,147.00
51186,0,30,Computer,1,21,Debit Card,Male,2.00,3,Grocery,3,Married,3,1,14.00,1,2,2,258.00
51187,0,9,Computer,1,20,Credit Card,Female,2.00,3,Mobile Phone,3,Single,2,0,16.00,1,1,0,115.00
51188,1,0,Phone,2,24,UPI,Male,3.00,1,Mobile,5,Married,1,0,17.00,1,1,0,130.00
51189,1,0,Phone,2,14,UPI,Male,2.00,4,Mobile,5,Married,5,1,15.00,1,2,0,123.00
51190,0,18,Computer,3,8,Debit Card,Female,3.00,3,Laptop & Accessory,3,Married,5,0,22.00,3,5,7,152.00
51191,0,9,Mobile Phone,1,8,UPI,Female,3.00,3,Laptop & Accessory,4,Married,5,1,22.00,0,1,0,170.00
51192,0,16,Computer,3,8,Debit Card,Male,3.00,3,Laptop & Accessory,1,Married,2,0,20.00,5,7,7,157.00
51193,0,0,Computer,1,14,Debit Card,Female,2.00,3,Mobile,1,Single,1,1,14.00,1,1,2,124.00
51194,0,2,Computer,1,26,Credit Card,Male,2.00,3,Mobile Phone,1,Married,2,0,13.00,1,3,10,138.00
51195,0,5,Computer,3,16,E wallet,Male,3.00,3,Laptop & Accessory,1,Single,9,0,13.00,1,1,0,146.00
51196,0,15,Computer,1,16,COD,Male,3.00,3,Mobile,3,Married,4,0,22.00,1,3,3,129.00
51197,0,9,Phone,1,15,Debit Card,Female,3.00,3,Mobile,3,Single,5,0,12.00,1,2,0,121.00
51198,0,19,Mobile Phone,1,8,Debit Card,Male,2.00,3,Fashion,1,Married,4,0,14.00,1,4,7,186.00
51199,0,1,Computer,2,6,Debit Card,Male,3.00,3,Mobile,1,Married,2,0,15.00,0,2,2,127.00
51200,0,2,Mobile Phone,1,35,Debit Card,Male,3.00,5,Laptop & Accessory,3,Married,9,0,17.00,1,1,6,164.00
51201,0,15,Phone,1,14,Debit Card,Male,2.00,3,Mobile Phone,3,Single,5,0,13.00,1,1,0,140.00
51202,1,0,Mobile Phone,3,8,E wallet,Male,2.00,4,Laptop & Accessory,4,Single,8,1,12.00,2,2,2,199.00
51203,0,19,Mobile Phone,3,9,Cash on Delivery,Female,2.00,1,Grocery,5,Married,3,0,12.00,1,2,8,232.00
51204,0,0,Phone,3,29,Credit Card,Female,2.00,4,Laptop & Accessory,3,Married,2,0,21.00,4,5,8,135.00
51205,0,2,Phone,2,12,CC,Male,3.00,4,Mobile,4,Married,2,0,11.00,1,1,0,128.00
51206,0,16,Mobile Phone,1,12,Credit Card,Female,2.00,4,Others,3,Married,8,0,15.00,3,6,14,294.00
51207,0,21,Mobile Phone,1,16,Debit Card,Male,3.00,4,Others,4,Married,5,0,15.00,3,12,9,297.00
51208,1,0,Computer,1,14,Debit Card,Male,3.00,4,Mobile,1,Single,2,1,24.00,1,1,0,124.00
51209,1,9,Mobile Phone,3,16,Debit Card,Female,3.00,3,Fashion,4,Married,6,0,21.00,0,1,7,173.00
51210,0,0,Computer,1,21,Debit Card,Female,3.00,4,Mobile Phone,5,Married,1,0,19.00,7,7,3,148.00
51211,0,12,Phone,1,25,UPI,Male,2.00,3,Laptop & Accessory,1,Married,9,0,14.00,1,2,2,139.00
51212,0,28,Phone,1,8,COD,Male,3.00,4,Mobile,1,Married,9,0,20.00,0,1,4,127.00
51213,0,1,Phone,3,9,CC,Female,3.00,3,Mobile,4,Married,2,0,19.00,1,1,0,129.00
51214,1,0,Mobile Phone,3,15,Credit Card,Male,2.00,3,Mobile Phone,1,Single,2,0,13.00,0,1,0,111.00
51215,1,0,Phone,1,14,Debit Card,Male,3.00,3,Mobile,4,Single,2,1,23.00,1,1,0,125.00
51216,0,9,Mobile Phone,3,16,COD,Female,3.00,4,Laptop & Accessory,3,Married,2,1,13.00,1,1,7,157.00
51217,0,4,Phone,1,26,Debit Card,Male,2.00,3,Laptop & Accessory,3,Married,2,0,11.00,0,1,2,142.00
51218,0,7,Mobile Phone,3,10,Debit Card,Male,3.00,3,Fashion,1,Married,3,1,13.00,0,1,0,197.00
51219,0,9,Phone,1,13,Debit Card,Male,2.00,3,Mobile,5,Single,4,0,14.00,0,1,2,121.00
51220,0,10,Phone,1,13,Credit Card,Male,3.00,3,Laptop & Accessory,5,Married,6,1,22.00,0,1,4,143.00
51221,0,8,Phone,1,22,UPI,Female,2.00,4,Laptop & Accessory,4,Married,1,1,11.00,1,1,2,148.00
51222,0,18,Mobile Phone,1,31,Debit Card,Female,3.00,4,Laptop & Accessory,1,Married,1,0,13.00,0,3,8,159.00
51223,0,9,Computer,2,8,UPI,Male,3.00,4,Laptop & Accessory,1,Single,2,0,21.00,1,1,8,139.00
51224,0,13,Mobile Phone,1,6,Debit Card,Male,3.00,3,Grocery,5,Married,3,0,11.00,1,11,16,268.00
51225,0,0,Phone,1,6,Debit Card,Female,3.00,4,Mobile,3,Married,2,1,13.00,0,1,0,129.00
51226,0,0,Mobile Phone,3,8,Credit Card,Female,2.00,1,Laptop & Accessory,3,Single,1,0,14.00,0,1,7,165.00
51227,0,21,Computer,1,28,Credit Card,Female,2.00,3,Grocery,1,Married,4,0,11.00,1,4,7,272.00
51228,0,17,Mobile Phone,1,6,Debit Card,Male,3.00,1,Laptop & Accessory,5,Married,3,0,15.00,2,2,2,150.00
51229,1,9,Computer,1,22,COD,Male,2.00,5,Mobile,5,Married,2,1,23.00,3,3,0,123.00
51230,1,19,Phone,1,14,Debit Card,Male,3.00,3,Mobile,1,Single,2,0,16.00,0,1,0,126.00
51231,0,9,Mobile Phone,3,23,E wallet,Male,2.00,4,Laptop & Accessory,4,Married,3,0,16.00,1,1,3,155.00
51232,0,14,Phone,3,14,E wallet,Female,2.00,3,Laptop & Accessory,4,Married,6,0,21.00,1,1,4,144.00
51233,0,15,Mobile Phone,1,12,Credit Card,Male,2.00,3,Fashion,5,Married,10,0,13.00,3,2,7,233.00
51234,0,4,Mobile Phone,3,16,Credit Card,Female,2.00,3,Laptop & Accessory,1,Married,3,1,11.00,0,1,4,166.00
51235,0,7,Mobile Phone,3,9,Credit Card,Female,3.00,4,Laptop & Accessory,1,Married,4,1,12.00,0,1,1,181.00
51236,0,4,Phone,1,10,Credit Card,Female,3.00,1,Mobile Phone,3,Married,9,0,12.00,2,2,2,140.00
51237,0,0,Computer,1,14,UPI,Male,3.00,1,Mobile,1,Married,1,0,18.00,2,7,7,125.00
51238,0,18,Computer,1,6,Credit Card,Male,2.00,3,Laptop & Accessory,3,Single,5,0,12.00,1,1,3,154.00
51239,0,6,Mobile Phone,3,16,E wallet,Male,2.00,3,Laptop & Accessory,3,Single,2,0,14.00,0,1,9,155.00
51240,0,1,Computer,3,6,Debit Card,Male,2.00,4,Laptop & Accessory,1,Married,2,1,12.00,0,1,7,168.00
51241,1,0,Computer,3,30,Cash on Delivery,Male,2.00,1,Mobile Phone,5,Single,2,0,17.00,1,1,0,111.00
51242,0,12,Computer,3,27,Debit Card,Female,2.00,5,Laptop & Accessory,3,Married,7,0,19.00,0,1,2,157.00
51243,0,9,Phone,1,8,COD,Male,2.00,3,Mobile,4,Married,2,0,11.00,1,1,2,122.00
51244,0,7,Computer,1,28,UPI,Male,2.00,4,Laptop & Accessory,1,Married,2,1,15.00,3,6,11,157.00
51245,1,0,Mobile Phone,3,19,E wallet,Female,2.00,3,Laptop & Accessory,3,Single,4,1,11.00,2,2,2,199.00
51246,0,20,Computer,1,20,COD,Male,3.00,3,Laptop & Accessory,4,Married,9,0,18.00,0,1,7,155.00
51247,0,29,Mobile Phone,3,17,E wallet,Female,2.00,4,Laptop & Accessory,5,Married,5,0,16.00,0,1,0,154.00
51248,0,12,Mobile Phone,1,15,Credit Card,Male,2.00,3,Laptop & Accessory,5,Married,2,0,25.00,4,7,9,152.00
51249,0,9,Computer,1,14,CC,Female,2.00,4,Laptop & Accessory,4,Married,2,1,16.00,1,1,7,121.00
51250,0,30,Mobile Phone,3,27,Debit Card,Female,3.00,3,Grocery,1,Married,5,1,13.00,1,1,0,279.00
51251,1,0,Computer,1,14,Debit Card,Female,2.00,1,Mobile,3,Single,4,1,14.00,0,1,3,124.00
51252,0,11,Phone,1,15,Debit Card,Male,3.00,3,Mobile Phone,1,Married,3,0,19.00,1,1,3,148.00
51253,0,22,Computer,1,8,Debit Card,Male,2.00,3,Others,1,Married,4,0,15.00,1,4,3,292.00
51254,0,15,Mobile Phone,3,18,E wallet,Male,3.00,3,Laptop & Accessory,1,Married,4,1,12.00,0,1,0,151.00
51255,1,0,Computer,2,28,UPI,Female,3.00,4,Mobile,4,Married,2,0,12.00,1,1,0,129.00
51256,0,8,Mobile Phone,3,24,Credit Card,Male,3.00,3,Laptop & Accessory,5,Married,1,0,16.00,0,1,4,0.00
51257,0,9,Computer,1,22,CC,Male,2.00,3,Mobile,3,Single,2,0,14.00,0,1,4,121.00
51258,0,4,Computer,1,9,CC,Male,3.00,3,Mobile,5,Married,2,1,13.00,0,2,3,131.00
51259,0,9,Computer,1,15,Debit Card,Male,3.00,1,Mobile,4,Married,2,0,22.00,1,1,2,128.00
51260,0,7,Mobile Phone,3,6,E wallet,Male,2.00,3,Fashion,1,Single,2,0,21.00,1,2,1,199.00
51261,0,7,Mobile Phone,3,19,Credit Card,Male,2.00,3,Fashion,3,Married,2,0,18.00,1,1,1,186.00
51262,0,0,Phone,1,6,CC,Male,3.00,3,Mobile,5,Single,1,0,13.00,3,7,6,129.00
51263,0,2,Mobile Phone,1,6,Debit Card,Male,2.00,3,Laptop & Accessory,5,Married,1,0,12.00,1,1,2,154.00
51264,0,5,Computer,1,21,Credit Card,Female,2.00,3,Laptop & Accessory,1,Married,6,0,18.00,0,1,2,167.00
51265,0,4,Computer,1,6,Debit Card,Male,2.00,5,Laptop & Accessory,5,Married,2,0,21.00,1,8,7,150.00
51266,1,0,Phone,1,14,COD,Male,2.00,4,Mobile,1,Married,6,0,12.00,0,1,3,124.00
51267,0,11,Phone,3,6,Debit Card,Male,3.00,4,Mobile,5,Single,5,0,14.00,0,1,0,129.00
51268,0,8,Mobile Phone,3,13,Debit Card,Female,2.00,3,Laptop & Accessory,1,Married,2,1,11.00,1,1,9,152.00
51269,0,0,Phone,3,15,E wallet,Male,2.00,3,Laptop & Accessory,1,Single,2,0,14.00,0,1,7,141.00
51270,0,5,Mobile Phone,1,11,Debit Card,Male,2.00,4,Laptop & Accessory,1,Single,9,0,24.00,0,1,0,197.00
51271,1,0,Computer,3,32,E wallet,Male,3.00,3,Laptop & Accessory,1,Married,2,1,11.00,0,1,8,156.00
51272,1,16,Mobile Phone,3,30,Debit Card,Male,3.00,3,Fashion,5,Single,7,1,13.00,2,2,2,204.00
51273,0,27,Phone,1,15,Debit Card,Female,3.00,3,Laptop & Accessory,3,Married,4,0,11.00,0,2,3,129.00
51274,0,6,Computer,1,13,Debit Card,Male,2.00,3,Laptop & Accessory,3,Married,2,0,20.00,2,2,8,160.00
51275,0,16,Mobile Phone,1,17,Debit Card,Male,1.00,3,Fashion,3,Married,2,0,17.00,1,1,9,175.00
51276,0,11,Computer,2,6,UPI,Male,3.00,3,Mobile,4,Married,1,1,11.00,1,1,2,130.00
51277,0,28,Mobile Phone,2,32,UPI,Male,3.00,1,Others,4,Married,5,1,15.00,1,1,4,296.00
51278,0,4,Mobile Phone,1,8,Credit Card,Female,2.00,5,Mobile Phone,1,Married,2,1,11.00,1,1,0,111.00
51279,0,12,Mobile Phone,3,21,E wallet,Male,3.00,3,Grocery,5,Single,1,0,12.00,4,2,10,233.00
51280,0,15,Computer,1,29,Debit Card,Male,2.00,4,Laptop & Accessory,3,Single,2,0,12.00,2,3,7,143.00
51281,0,4,Computer,1,16,Credit Card,Female,2.00,3,Fashion,3,Married,5,0,20.00,3,4,3,210.00
51282,0,27,Phone,1,16,Credit Card,Female,3.00,3,Laptop & Accessory,5,Single,7,1,19.00,0,1,4,144.00
51283,0,0,Phone,1,6,Debit Card,Male,2.00,4,Laptop & Accessory,3,Single,2,0,12.00,1,1,2,146.00
51284,0,0,Phone,1,14,UPI,Male,3.00,3,Mobile,1,Single,2,0,13.00,1,1,4,126.00
51285,0,13,Computer,1,17,COD,Female,3.00,3,Laptop & Accessory,3,Married,2,0,11.00,2,9,4,163.00
51286,0,13,Mobile Phone,3,8,E wallet,Female,3.00,3,Laptop & Accessory,4,Married,4,0,14.00,1,5,10,157.00
51287,0,9,Phone,2,8,UPI,Female,2.00,3,Mobile,4,Married,5,0,14.00,0,1,2,122.00
51288,0,3,Phone,1,6,Credit Card,Male,3.00,3,Mobile Phone,4,Married,2,0,13.00,0,1,7,137.00
51289,0,0,Phone,1,8,UPI,Male,2.00,3,Mobile Phone,3,Married,7,1,19.00,0,1,2,140.00
51290,0,20,Mobile Phone,1,31,Credit Card,Male,2.00,3,Fashion,3,Single,3,0,23.00,1,12,11,186.00
51291,0,9,Computer,1,6,CC,Male,2.00,4,Mobile,3,Married,2,0,12.00,0,1,0,120.00
51292,0,11,Phone,3,6,Debit Card,Male,2.00,3,Laptop & Accessory,4,Married,1,0,15.00,4,5,8,144.00
51293,0,4,Phone,3,8,Debit Card,Male,3.00,3,Mobile,3,Married,1,0,19.00,1,1,2,131.00
51294,0,11,Computer,1,12,Debit Card,Male,3.00,4,Laptop & Accessory,3,Married,3,0,11.00,2,7,7,153.00
51295,0,15,Mobile Phone,1,24,Debit Card,Male,2.00,3,Laptop & Accessory,5,Married,7,1,17.00,0,1,2,154.00
51296,0,14,Phone,1,6,Debit Card,Male,3.00,3,Mobile,1,Married,4,0,22.00,0,1,0,128.00
51297,0,20,Computer,1,6,Credit Card,Female,3.00,3,Fashion,4,Married,1,0,18.00,0,5,3,220.00
51298,0,8,Phone,1,17,CC,Male,2.00,3,Mobile,3,Married,8,1,11.00,0,2,2,127.00
51299,0,0,Phone,1,6,Debit Card,Male,3.00,3,Mobile,3,Single,1,0,12.00,0,1,2,134.00
51300,0,8,Mobile Phone,1,15,Credit Card,Male,2.00,3,Laptop & Accessory,3,Single,2,0,19.00,0,1,8,151.00
51301,0,6,Mobile Phone,1,21,Credit Card,Female,3.00,3,Laptop & Accessory,1,Married,1,1,13.00,5,8,1,12.00
51302,0,5,Phone,1,35,Debit Card,Female,3.00,4,Mobile,4,Single,2,0,13.00,3,4,1,128.00
51303,0,13,Phone,1,14,Debit Card,Male,2.00,3,Mobile,1,Married,9,0,19.00,0,1,0,124.00
51304,0,9,Phone,3,6,CC,Male,3.00,4,Mobile,4,Married,1,0,14.00,0,2,2,123.00
51305,0,12,Phone,1,30,Debit Card,Male,2.00,3,Laptop & Accessory,1,Single,8,0,13.00,1,1,7,141.00
51306,0,11,Mobile Phone,1,16,Credit Card,Female,2.00,5,Fashion,3,Married,4,0,12.00,1,2,11,232.00
51307,0,5,Mobile Phone,3,6,E wallet,Female,2.00,3,Fashion,1,Married,2,0,19.00,3,5,7,204.00
51308,0,10,Mobile Phone,1,16,Debit Card,Female,2.00,1,Fashion,1,Married,2,1,25.00,0,2,8,237.00
51309,0,0,Phone,3,14,UPI,Female,2.00,3,Laptop & Accessory,3,Married,1,1,22.00,1,1,4,149.00
51310,0,25,Computer,3,126,Debit Card,Male,2.00,3,Mobile,1,Married,3,0,15.00,1,1,0,135.00
51311,0,17,Phone,1,14,CC,Male,2.00,3,Mobile,1,Single,7,1,12.00,0,1,2,124.00
51312,0,0,Phone,3,14,CC,Male,2.00,3,Mobile,5,Single,2,1,11.00,1,1,2,124.00
51313,0,12,Computer,1,15,Debit Card,Male,2.00,3,Others,1,Single,3,0,15.00,0,1,3,294.00
51314,1,9,Computer,3,15,E wallet,Male,2.00,3,Mobile Phone,5,Married,2,0,19.00,1,1,0,118.00
51315,0,9,Mobile Phone,3,9,Credit Card,Female,3.00,4,Fashion,1,Married,1,0,19.00,3,3,4,176.00
51316,0,9,Computer,1,10,Debit Card,Female,3.00,3,Laptop & Accessory,4,Married,8,0,13.00,1,1,2,151.00
51317,0,29,Computer,1,6,Debit Card,Male,2.00,3,Laptop & Accessory,3,Married,2,0,21.00,0,1,9,163.00
51318,1,0,Phone,1,6,Credit Card,Male,2.00,3,Mobile Phone,1,Married,10,1,14.00,2,2,2,148.00
51319,0,15,Mobile Phone,1,8,Debit Card,Male,2.00,3,Others,3,Married,6,0,11.00,1,4,14,289.00
51320,1,19,Phone,1,14,COD,Male,3.00,3,Mobile,3,Married,9,0,11.00,6,9,8,123.00
51321,0,14,Mobile Phone,1,34,Debit Card,Female,2.00,4,Grocery,4,Married,1,0,23.00,1,2,10,236.00
51322,0,7,Mobile Phone,3,34,E wallet,Female,3.00,4,Laptop & Accessory,3,Married,2,0,21.00,1,1,7,167.00
51323,0,9,Computer,3,21,E wallet,Male,2.00,5,Laptop & Accessory,1,Married,2,0,24.00,4,11,11,154.00
51324,0,14,Mobile Phone,3,9,Debit Card,Male,2.00,4,Laptop & Accessory,4,Married,3,0,11.00,0,1,4,189.00
51325,0,5,Phone,1,14,COD,Male,3.00,3,Mobile,5,Single,2,0,14.00,1,1,2,124.00
51326,0,8,Mobile Phone,2,32,Debit Card,Female,2.00,3,Fashion,1,Single,2,1,16.00,1,1,7,188.00
51327,0,11,Mobile Phone,3,16,Debit Card,Female,3.00,3,Laptop & Accessory,1,Married,2,0,11.00,0,1,9,153.00
51328,1,13,Computer,3,6,Debit Card,Male,3.00,3,Laptop & Accessory,3,Married,8,0,12.00,1,1,1,167.00
51329,0,9,Mobile Phone,3,17,E wallet,Female,3.00,4,Laptop & Accessory,1,Married,5,0,13.00,1,1,0,167.00
51330,0,18,Phone,3,26,Debit Card,Female,2.00,3,Laptop & Accessory,3,Single,9,0,15.00,1,1,1,149.00
51331,0,13,Phone,1,8,Debit Card,Male,3.00,4,Mobile,3,Single,3,0,14.00,0,2,2,128.00
51332,0,8,Computer,1,24,Debit Card,Male,3.00,3,Laptop & Accessory,3,Married,2,1,14.00,1,1,2,157.00
51334,0,8,Phone,1,6,Debit Card,Female,3.00,5,Mobile,1,Married,2,0,12.00,0,1,1,130.00
51335,0,2,Phone,1,19,UPI,Male,2.00,4,Laptop & Accessory,4,Married,5,1,13.00,1,1,3,140.00
51336,0,2,Phone,1,34,Credit Card,Female,3.00,4,Mobile Phone,5,Single,2,0,14.00,0,1,4,138.00
51337,1,13,Mobile Phone,3,34,E wallet,Male,2.00,4,Fashion,5,Married,5,1,13.00,0,2,0,209.00
51338,0,12,Mobile Phone,3,30,E wallet,Female,2.00,4,Grocery,1,Married,1,0,11.00,1,9,3,220.00
51339,0,4,Computer,1,11,Credit Card,Male,3.00,3,Laptop & Accessory,5,Single,1,0,19.00,0,1,7,199.00
51340,0,0,Phone,3,11,UPI,Female,3.00,4,Mobile,3,Single,1,0,18.00,0,1,0,130.00
51341,0,9,Computer,1,14,CC,Male,2.00,1,Laptop & Accessory,1,Married,5,0,17.00,0,1,3,126.00
51342,0,12,Mobile Phone,1,12,Credit Card,Male,2.00,4,Fashion,5,Married,5,0,15.00,1,1,7,200.00
51343,0,0,Mobile Phone,1,10,Debit Card,Male,2.00,1,Laptop & Accessory,4,Married,2,1,20.00,1,1,3,161.00
51344,0,22,Computer,3,8,Credit Card,Male,3.00,4,Laptop & Accessory,4,Married,3,0,14.00,1,1,8,154.00
51345,0,7,Phone,1,14,Credit Card,Male,2.00,1,Laptop & Accessory,3,Married,3,0,12.00,0,1,2,144.00
51346,1,4,Mobile Phone,3,6,Debit Card,Female,3.00,3,Laptop & Accessory,1,Single,9,1,11.00,0,1,5,160.00
51347,0,22,Computer,1,14,Debit Card,Male,3.00,4,Laptop & Accessory,4,Married,2,0,23.00,0,1,7,151.00
51348,1,9,Phone,1,8,UPI,Male,3.00,4,Mobile,3,Single,7,1,15.00,0,1,0,121.00
51349,0,6,Computer,1,9,Debit Card,Female,3.00,3,Mobile,3,Married,2,1,11.00,2,3,0,129.00
51350,0,0,Phone,1,8,CC,Male,2.00,3,Mobile,4,Married,10,0,12.00,1,2,2,135.00
51351,0,5,Computer,1,8,Debit Card,Male,3.00,3,Mobile,1,Single,1,0,13.00,1,3,6,131.00
51352,0,30,Phone,1,9,CC,Female,3.00,1,Mobile,5,Married,5,1,20.00,0,1,0,127.00
51353,0,3,Phone,1,30,Debit Card,Male,3.00,3,Mobile,3,Married,2,0,22.00,1,1,0,127.00
51354,0,11,Computer,1,29,Debit Card,Male,2.00,4,Fashion,3,Single,1,0,21.00,1,1,8,195.00
51355,0,9,Mobile Phone,1,33,Credit Card,Male,3.00,3,Laptop & Accessory,3,Married,7,0,13.00,0,7,7,152.00
51356,0,8,Phone,1,14,CC,Male,2.00,1,Mobile,4,Married,1,0,13.00,1,1,3,124.00
51357,0,2,Phone,1,21,Debit Card,Female,2.00,4,Laptop & Accessory,3,Single,1,1,12.00,1,1,8,142.00
51358,0,4,Phone,1,32,Debit Card,Male,3.00,3,Mobile,3,Married,2,0,17.00,3,4,3,129.00
51359,0,7,Phone,1,25,CC,Male,3.00,3,Mobile,1,Married,1,0,11.00,0,1,2,127.00
51360,1,9,Phone,1,30,Debit Card,Male,2.00,4,Mobile,3,Single,6,1,14.00,0,1,3,120.00
51361,0,2,Mobile Phone,1,27,Debit Card,Female,2.00,1,Fashion,5,Married,2,0,11.00,6,8,8,200.00
51362,0,5,Phone,1,11,Debit Card,Male,3.00,1,Mobile,4,Married,1,1,12.00,1,1,5,133.00
51363,0,0,Computer,1,22,CC,Male,3.00,1,Mobile,1,Married,2,1,13.00,0,1,0,129.00
51364,0,26,Mobile Phone,3,8,Debit Card,Female,3.00,4,Grocery,1,Married,3,0,16.00,0,2,7,254.00
51365,0,11,Phone,1,8,Debit Card,Male,2.00,3,Mobile Phone,1,Single,6,1,11.00,0,1,2,139.00
51366,0,0,Computer,1,17,UPI,Female,3.00,1,Laptop & Accessory,3,Married,1,0,18.00,0,1,3,140.00
51367,1,0,Phone,3,15,Debit Card,Male,2.00,4,Mobile,5,Single,8,0,23.00,0,1,3,134.00
51368,0,7,Mobile Phone,1,13,Debit Card,Female,2.00,3,Fashion,4,Single,1,0,11.00,0,2,3,220.00
51369,0,9,Mobile Phone,1,21,Debit Card,Male,3.00,3,Mobile Phone,1,Single,2,0,14.00,1,1,0,112.00
51370,1,0,Phone,1,12,CC,Male,3.00,3,Mobile,5,Single,3,0,11.00,0,1,3,130.00
51371,0,26,Mobile Phone,1,11,UPI,Female,2.00,3,Others,3,Married,5,0,11.00,1,4,8,291.00
51372,1,0,Computer,1,22,Debit Card,Female,3.00,5,Mobile Phone,5,Single,2,1,22.00,0,6,7,139.00
51373,0,15,Mobile Phone,3,14,E wallet,Male,2.00,3,Laptop & Accessory,4,Married,1,0,11.00,2,4,2,168.00
51374,0,17,Mobile Phone,1,13,Credit Card,Female,2.00,4,Fashion,1,Married,4,0,14.00,0,5,17,202.00
51375,0,19,Mobile Phone,3,8,E wallet,Female,2.00,3,Others,5,Single,4,0,12.00,1,2,1,289.00
51376,0,6,Phone,1,14,CC,Male,3.00,3,Mobile,1,Single,5,0,11.00,0,1,0,125.00
51377,0,17,Mobile Phone,1,16,UPI,Male,2.00,3,Laptop & Accessory,1,Married,3,1,13.00,0,1,3,165.00
51378,0,9,Phone,1,15,CC,Male,2.00,4,Mobile,3,Single,2,0,13.00,0,1,8,122.00
51379,1,9,Phone,3,11,Cash on Delivery,Male,2.00,3,Laptop & Accessory,1,Married,4,0,14.00,0,1,0,121.00
51380,1,9,Phone,1,6,CC,Male,3.00,3,Mobile,1,Married,3,1,16.00,0,2,0,123.00
51381,0,16,Phone,1,14,CC,Female,3.00,1,Mobile,3,Married,2,0,12.00,1,1,4,126.00
51382,1,13,Phone,3,9,E wallet,Male,3.00,4,Mobile,3,Married,2,1,14.00,1,1,2,127.00
51383,0,9,Mobile Phone,3,8,E wallet,Female,3.00,3,Mobile,1,Married,2,0,13.00,2,2,2,120.00
51384,0,9,Phone,1,11,Debit Card,Female,2.00,4,Mobile,5,Married,10,1,14.00,1,1,0,134.00
51385,0,6,Computer,3,6,Debit Card,Female,2.00,1,Laptop & Accessory,5,Married,3,0,19.00,0,1,3,154.00
51386,0,9,Mobile Phone,1,10,UPI,Male,3.00,3,Mobile,1,Married,2,0,12.00,1,1,0,120.00
51388,1,9,Phone,1,31,Debit Card,Male,2.00,5,Mobile,3,Single,2,0,12.00,0,1,1,123.00
51389,0,0,Computer,3,14,Debit Card,Male,2.00,3,Fashion,3,Single,2,0,15.00,1,1,7,187.00
51390,0,3,Computer,1,6,Credit Card,Female,2.00,3,Laptop & Accessory,1,Single,2,0,23.00,1,3,7,140.00
51391,1,4,Mobile Phone,1,18,Cash on Delivery,Female,2.00,3,Others,3,Married,2,0,15.00,1,15,8,295.00
51392,0,7,Computer,3,29,E wallet,Male,3.00,3,Laptop & Accessory,3,Single,1,0,20.00,0,8,7,146.00
51393,0,10,Phone,1,25,Debit Card,Male,3.00,3,Mobile,4,Married,5,0,21.00,0,1,0,130.00
51394,0,19,Computer,3,11,E wallet,Male,3.00,3,Laptop & Accessory,1,Single,5,1,21.00,1,1,8,158.00
51395,0,9,Phone,1,14,Debit Card,Male,2.00,1,Mobile,1,Married,2,0,19.00,1,1,1,123.00
51396,1,11,Mobile Phone,1,6,Debit Card,Male,3.00,4,Fashion,3,Single,10,1,13.00,0,1,0,154.00
51397,1,0,Phone,1,11,COD,Male,2.00,3,Mobile,3,Single,2,1,13.00,0,2,2,134.00
51398,0,17,Mobile Phone,3,6,E wallet,Female,3.00,3,Laptop & Accessory,5,Married,6,1,21.00,1,1,3,155.00
51399,0,8,Computer,1,17,Credit Card,Male,3.00,4,Fashion,5,Married,3,1,13.00,1,2,3,199.00
51400,0,0,Phone,3,29,E wallet,Female,2.00,4,Laptop & Accessory,1,Married,8,1,19.00,0,1,0,142.00
51401,0,6,Computer,1,29,Debit Card,Female,3.00,3,Fashion,1,Single,2,1,12.00,3,2,12,235.00
51402,0,8,Computer,3,5,Debit Card,Male,3.00,3,Fashion,5,Married,2,0,22.00,0,1,8,191.00
51403,0,8,Phone,1,29,Credit Card,Female,1.00,3,Mobile Phone,5,Married,4,1,15.00,0,2,2,140.00
51404,0,4,Mobile Phone,1,13,Debit Card,Male,2.00,3,Laptop & Accessory,1,Married,4,0,22.00,0,1,7,159.00
51405,0,10,Mobile Phone,1,6,Debit Card,Male,2.00,4,Laptop & Accessory,3,Married,2,0,18.00,0,1,7,160.00
51406,0,5,Mobile Phone,1,6,Credit Card,Male,2.00,3,Laptop & Accessory,1,Married,2,1,22.00,5,7,8,162.00
51407,0,11,Computer,1,14,Debit Card,Female,2.00,3,Laptop & Accessory,1,Single,2,0,11.00,6,9,9,124.00
51408,0,23,Mobile Phone,1,13,Credit Card,Female,2.00,4,Others,3,Married,6,1,12.00,1,13,8,287.00
51409,0,30,Mobile Phone,3,31,Debit Card,Female,4.00,3,Fashion,5,Single,8,0,11.00,6,7,9,176.00
51410,0,9,Mobile Phone,1,14,Cash on Delivery,Female,2.00,3,Fashion,3,Married,2,0,13.00,7,12,8,201.00
51411,0,28,Mobile Phone,1,14,Credit Card,Female,2.00,3,Grocery,3,Married,3,1,14.00,1,2,2,248.00
51412,0,9,Computer,1,17,Debit Card,Male,3.00,4,Laptop & Accessory,4,Single,2,0,13.00,1,1,3,165.00
51413,0,18,Mobile Phone,1,13,Debit Card,Male,2.00,3,Fashion,5,Married,3,0,17.00,0,1,0,197.00
51414,0,9,Computer,1,6,CC,Male,3.00,3,Mobile,5,Married,5,0,13.00,0,1,2,122.00
51415,1,0,Phone,1,15,CC,Male,3.00,4,Mobile,3,Married,1,1,17.00,1,1,0,134.00
51416,0,30,Computer,3,6,Debit Card,Female,2.00,4,Laptop & Accessory,3,Single,8,0,11.00,1,1,3,155.00
51417,0,2,Phone,1,8,Debit Card,Male,3.00,3,Mobile,4,Married,1,0,23.00,1,1,4,127.00
51418,0,4,Phone,1,14,CC,Male,2.00,3,Mobile,4,Single,2,0,17.00,1,1,0,125.00
51419,0,5,Mobile Phone,1,6,Debit Card,Male,3.00,3,Laptop & Accessory,4,Married,2,0,17.00,1,1,9,162.00
51420,0,9,Phone,1,12,Debit Card,Female,3.00,1,Mobile,1,Married,4,0,12.00,0,1,0,130.00
51421,0,4,Phone,1,14,Debit Card,Female,3.00,3,Laptop & Accessory,1,Single,2,0,23.00,1,1,8,144.00
51422,0,8,Phone,3,6,E wallet,Male,2.00,4,Laptop & Accessory,5,Single,1,0,14.00,1,2,8,143.00
51423,0,18,Mobile Phone,1,12,UPI,Male,2.00,3,Fashion,5,Married,5,1,14.00,1,2,0,232.00
51424,0,10,Mobile Phone,1,13,Credit Card,Male,1.00,3,Fashion,3,Single,5,0,13.00,0,2,2,237.00
51425,0,19,Mobile Phone,2,11,Credit Card,Male,3.00,3,Laptop & Accessory,4,Married,2,1,22.00,1,1,2,150.00
51426,0,3,Mobile Phone,1,6,Debit Card,Male,2.00,4,Laptop & Accessory,1,Married,2,1,12.00,1,3,0,151.00
51427,0,8,Phone,1,6,CC,Male,3.00,4,Mobile,3,Single,2,0,18.00,1,1,4,129.00
51428,0,28,Mobile Phone,3,6,Debit Card,Male,3.00,3,Fashion,1,Married,4,0,14.00,0,1,0,202.00
51429,0,11,Computer,1,12,Credit Card,Female,3.00,5,Laptop & Accessory,1,Married,8,1,12.00,0,1,9,153.00
51430,0,7,Phone,1,6,Credit Card,Male,3.00,3,Laptop & Accessory,4,Married,2,0,15.00,1,1,3,143.00
51431,0,29,Mobile Phone,1,13,Debit Card,Male,2.00,5,Fashion,1,Single,5,0,11.00,0,1,2,173.00
51432,0,0,Phone,3,14,COD,Male,3.00,3,Mobile,5,Married,4,0,13.00,1,1,0,123.00
51433,0,9,Phone,1,15,Debit Card,Male,3.00,3,Mobile,1,Married,4,0,23.00,1,1,3,121.00
51434,0,3,Phone,1,8,Debit Card,Male,4.00,4,Laptop & Accessory,1,Married,2,0,19.00,3,10,8,142.00
51435,1,9,Mobile Phone,3,15,Credit Card,Male,3.00,4,Fashion,1,Single,2,0,16.00,3,4,7,196.00
51436,0,13,Computer,1,6,Debit Card,Male,3.00,4,Grocery,4,Married,2,0,22.00,5,2,11,235.00
51437,0,24,Mobile Phone,3,27,E wallet,Male,3.00,3,Laptop & Accessory,1,Single,1,1,22.00,0,1,0,154.00
51438,0,3,Mobile Phone,3,10,Credit Card,Female,3.00,4,Laptop & Accessory,4,Married,2,1,12.00,2,2,7,152.00
51439,0,19,Computer,1,6,Credit Card,Male,2.00,4,Fashion,5,Married,3,1,13.00,4,9,5,207.00
51440,0,5,Mobile Phone,3,12,Credit Card,Male,2.00,3,Laptop & Accessory,3,Single,2,0,16.00,5,5,7,150.00
51441,0,27,Mobile Phone,1,8,Cash on Delivery,Female,2.00,3,Fashion,3,Married,10,0,12.00,0,2,3,235.00
51442,0,0,Mobile Phone,3,9,UPI,Female,2.00,3,Laptop & Accessory,3,Married,1,0,21.00,0,1,2,150.00
51443,0,1,Computer,3,10,Credit Card,Male,2.00,3,Laptop & Accessory,3,Married,2,0,15.00,0,1,4,142.00
51444,0,30,Mobile Phone,3,16,Credit Card,Male,2.00,3,Grocery,3,Single,1,0,13.00,0,2,8,239.00
51445,0,9,Computer,1,29,CC,Male,3.00,3,Laptop & Accessory,4,Married,5,0,12.00,0,1,2,120.00
51446,1,9,Phone,2,12,UPI,Male,3.00,3,Mobile,5,Married,5,1,22.00,0,1,2,121.00
51447,0,5,Phone,1,6,Debit Card,Male,3.00,3,Mobile,5,Single,2,0,13.00,0,1,0,130.00
51448,1,0,Computer,1,12,Debit Card,Female,3.00,4,Mobile,1,Single,2,1,18.00,0,1,0,129.00
51449,0,7,Phone,1,12,UPI,Female,2.00,3,Laptop & Accessory,3,Single,2,0,14.00,0,2,10,148.00
51450,0,10,Computer,1,8,Debit Card,Male,3.00,4,Laptop & Accessory,1,Married,6,0,14.00,1,1,0,152.00
51451,0,30,Computer,2,8,UPI,Female,2.00,4,Others,1,Married,10,0,21.00,1,2,2,288.00
51452,0,23,Computer,1,6,Debit Card,Female,3.00,3,Others,4,Married,4,1,19.00,1,1,7,282.00
51453,1,0,Mobile Phone,3,11,E wallet,Male,2.00,4,Laptop & Accessory,3,Single,2,1,11.00,0,1,3,157.00
51454,0,0,Phone,1,13,CC,Male,3.00,4,Mobile,1,Married,2,0,11.00,0,2,1,129.00
51455,0,0,Phone,1,21,CC,Female,3.00,3,Mobile,1,Single,2,0,15.00,1,1,0,129.00
51456,0,24,Computer,1,6,Credit Card,Female,1.00,4,Fashion,5,Single,4,0,20.00,4,12,8,175.00
51457,1,0,Computer,1,13,Debit Card,Male,3.00,5,Laptop & Accessory,3,Single,2,1,24.00,1,1,6,161.00
51458,0,27,Computer,2,32,UPI,Female,1.00,1,Grocery,1,Single,3,1,12.00,1,4,4,273.00
51459,0,0,Phone,1,24,Debit Card,Male,3.00,3,Mobile,3,Married,1,0,12.00,0,1,2,128.00
51460,0,7,Phone,1,12,Debit Card,Female,2.00,4,Laptop & Accessory,4,Married,7,0,15.00,1,1,0,145.00
51461,0,10,Mobile Phone,3,9,Debit Card,Male,2.00,3,Fashion,1,Single,3,0,12.00,0,1,3,174.00
51462,0,7,Mobile Phone,1,11,Credit Card,Female,2.00,4,Fashion,5,Single,3,0,12.00,2,5,3,216.00
51463,0,9,Computer,3,17,Cash on Delivery,Female,3.00,3,Fashion,1,Married,1,0,14.00,0,2,8,197.00
51464,0,9,Phone,1,9,Debit Card,Female,3.00,3,Mobile,1,Married,6,0,22.00,0,1,0,128.00
51465,0,16,Computer,3,32,Debit Card,Male,3.00,3,Grocery,1,Married,2,1,12.00,1,4,12,270.00
51466,0,3,Computer,1,14,Debit Card,Male,3.00,5,Mobile,3,Married,2,0,25.00,0,1,9,126.00
51467,0,6,Computer,3,28,E wallet,Male,3.00,3,Laptop & Accessory,4,Married,1,0,13.00,0,1,7,161.00
51468,1,19,Mobile Phone,1,20,Debit Card,Female,3.00,3,Mobile Phone,4,Married,10,1,18.00,3,4,3,150.00
51469,0,24,Mobile Phone,1,12,Debit Card,Male,2.00,3,Others,3,Single,8,0,15.00,8,15,15,295.00
51470,1,0,Mobile Phone,3,12,Debit Card,Male,3.00,5,Laptop & Accessory,3,Married,5,1,18.00,0,7,7,162.00
51471,0,0,Phone,1,14,UPI,Female,2.00,4,Mobile,4,Married,2,0,19.00,2,4,3,124.00
51472,1,20,Mobile Phone,1,29,Credit Card,Female,3.00,3,Fashion,1,Married,2,0,12.00,7,15,6,203.00
51473,1,9,Mobile Phone,3,28,E wallet,Male,2.00,3,Mobile Phone,3,Single,2,1,19.00,1,1,0,117.00
51474,0,0,Phone,1,14,COD,Male,3.00,3,Mobile,1,Married,1,0,14.00,2,2,1,125.00
51475,0,22,Mobile Phone,1,26,Credit Card,Female,3.00,3,Laptop & Accessory,5,Married,2,0,14.00,5,5,11,166.00
51476,0,16,Computer,1,34,Credit Card,Female,3.00,1,Mobile Phone,3,Single,5,0,12.00,0,1,2,147.00
51477,0,23,Computer,3,18,E wallet,Female,3.00,3,Fashion,1,Single,5,0,11.00,1,2,1,192.00
51478,1,0,Phone,3,26,Debit Card,Female,3.00,5,Laptop & Accessory,3,Married,4,1,11.00,0,2,2,146.00
51479,0,14,Mobile Phone,3,15,Debit Card,Male,3.00,3,Fashion,3,Married,4,1,13.00,0,1,7,182.00
51480,0,0,Phone,2,31,Debit Card,Female,3.00,3,Mobile,3,Married,2,0,23.00,2,5,7,129.00
51481,0,9,Phone,1,12,Credit Card,Male,2.00,3,Laptop & Accessory,4,Married,7,0,20.00,0,1,1,149.00
51482,1,14,Computer,1,14,Debit Card,Male,2.00,5,Fashion,1,Single,3,0,15.00,1,1,3,207.00
51483,0,12,Mobile Phone,3,10,Debit Card,Female,2.00,4,Laptop & Accessory,3,Married,5,0,14.00,5,5,9,159.00
51484,0,0,Mobile Phone,3,34,Debit Card,Male,2.00,4,Laptop & Accessory,3,Married,3,0,18.00,1,2,2,186.00
51485,0,3,Mobile Phone,2,15,UPI,Male,2.00,3,Laptop & Accessory,1,Married,1,1,19.00,4,4,7,163.00
51486,1,0,Phone,1,15,Credit Card,Female,2.00,3,Mobile Phone,5,Single,8,0,22.00,1,1,4,142.00
51487,0,18,Phone,1,35,CC,Male,2.00,3,Mobile,1,Single,6,0,13.00,1,1,3,135.00
51488,0,11,Phone,1,9,COD,Female,2.00,3,Laptop & Accessory,3,Single,4,1,20.00,2,2,2,143.00
51489,0,3,Phone,1,14,Debit Card,Female,3.00,3,Mobile,3,Single,2,0,14.00,1,1,4,126.00
51490,0,5,Computer,3,15,Credit Card,Male,2.00,5,Laptop & Accessory,1,Married,1,0,17.00,0,1,7,147.00
51491,0,3,Phone,1,11,COD,Female,2.00,3,Mobile,5,Married,6,0,14.00,0,2,30,132.00
51492,0,3,Phone,1,8,CC,Male,3.00,4,Mobile,1,Single,1,0,13.00,0,1,2,127.00
51493,0,14,Computer,1,16,Debit Card,Male,3.00,4,Grocery,5,Married,5,0,13.00,1,7,7,272.00
51494,0,9,Phone,1,15,Debit Card,Male,3.00,3,Mobile,5,Married,3,0,21.00,0,1,4,122.00
51495,0,9,Mobile Phone,1,9,Credit Card,Female,3.00,3,Mobile Phone,4,Single,2,0,14.00,1,1,0,115.00
51496,0,13,Computer,1,32,Credit Card,Female,2.00,3,Laptop & Accessory,4,Married,2,0,11.00,0,2,13,156.00
51497,0,8,Mobile Phone,3,6,E wallet,Male,3.00,3,Fashion,4,Married,2,0,13.00,0,1,6,173.00
51498,0,9,Phone,3,12,E wallet,Male,2.00,3,Laptop & Accessory,3,Married,3,1,20.00,0,4,5,123.00
51499,0,18,Phone,1,14,Debit Card,Male,2.00,3,Laptop & Accessory,4,Married,9,0,18.00,1,1,15,123.00
51500,0,5,Computer,3,14,E wallet,Female,2.00,3,Fashion,1,Single,2,0,14.00,2,3,7,190.00
51501,0,2,Computer,1,6,COD,Male,2.00,3,Laptop & Accessory,3,Married,2,0,13.00,0,1,9,143.00
51502,0,24,Mobile Phone,1,13,Credit Card,Male,2.00,4,Laptop & Accessory,3,Married,3,0,17.00,1,1,0,161.00
51503,0,30,Phone,1,15,CC,Female,3.00,4,Mobile,4,Married,5,1,20.00,1,1,0,133.00
51504,0,13,Mobile Phone,3,10,E wallet,Male,3.00,4,Fashion,1,Married,8,0,11.00,1,2,11,209.00
51505,0,9,Computer,3,8,E wallet,Female,3.00,3,Mobile,3,Married,7,0,18.00,0,1,2,122.00
51506,0,0,Phone,1,14,CC,Male,3.00,3,Mobile,1,Married,2,0,24.00,2,2,2,123.00
51507,0,9,Computer,1,15,CC,Male,2.00,3,Mobile,4,Married,7,0,18.00,2,2,2,120.00
51508,0,1,Phone,1,27,CC,Male,3.00,3,Mobile,1,Married,2,0,11.00,0,1,2,127.00
51509,0,30,Mobile Phone,1,30,Debit Card,Male,2.00,1,Fashion,1,Married,4,1,16.00,1,1,4,194.00
51510,0,0,Computer,1,14,CC,Male,3.00,4,Mobile,3,Married,2,1,15.00,0,1,1,126.00
51511,0,23,Mobile Phone,1,17,Debit Card,Female,2.00,3,Others,4,Single,4,0,15.00,0,4,4,299.00
51512,0,14,Phone,1,14,Debit Card,Male,2.00,3,Mobile,3,Married,5,0,12.00,1,1,8,125.00
51513,0,3,Mobile Phone,3,11,Debit Card,Female,2.00,3,Fashion,1,Married,3,0,12.00,1,7,4,194.00
51514,0,11,Mobile Phone,3,6,Debit Card,Female,2.00,4,Laptop & Accessory,1,Single,5,0,22.00,0,1,7,187.00
51515,0,5,Phone,1,12,Debit Card,Male,3.00,3,Mobile,3,Single,4,0,20.00,0,1,4,130.00
51516,0,0,Phone,1,23,COD,Male,3.00,3,Mobile,4,Married,1,1,16.00,0,1,1,131.00
51517,1,0,Computer,3,14,COD,Female,3.00,5,Mobile,5,Single,1,0,21.00,1,1,0,123.00
51518,0,9,Computer,1,9,CC,Male,1.00,3,Mobile,4,Single,5,0,12.00,2,7,2,121.00
51519,0,3,Computer,1,15,CC,Male,3.00,3,Laptop & Accessory,5,Married,2,0,11.00,5,6,10,131.00
51520,0,18,Mobile Phone,3,10,Debit Card,Female,1.00,3,Laptop & Accessory,5,Married,5,1,11.00,0,1,3,150.00
51521,0,29,Phone,1,14,Debit Card,Female,3.00,3,Mobile Phone,5,Married,5,1,18.00,2,2,2,143.00
51522,0,6,Phone,1,14,Debit Card,Male,2.00,3,Mobile,1,Single,1,0,14.00,1,1,2,125.00
51523,1,0,Mobile Phone,1,8,Debit Card,Male,2.00,4,Mobile Phone,1,Single,2,0,22.00,1,1,0,111.00
51524,0,19,Mobile Phone,3,6,E wallet,Female,3.00,3,Fashion,5,Married,2,0,25.00,8,15,7,205.00
51525,0,9,Phone,1,15,Debit Card,Female,3.00,3,Mobile,1,Single,2,0,12.00,1,2,1,123.00
51526,0,4,Phone,1,18,Credit Card,Female,3.00,3,Mobile Phone,1,Married,9,1,23.00,1,1,2,139.00
51527,0,9,Phone,1,33,CC,Female,3.00,3,Mobile,4,Single,3,0,15.00,0,1,2,123.00
51528,1,4,Phone,3,26,E wallet,Female,3.00,3,Mobile,4,Single,2,1,22.00,0,1,2,131.00
51529,0,23,Phone,1,6,Credit Card,Male,2.00,4,Mobile Phone,3,Married,3,0,15.00,1,1,2,137.00
51530,0,26,Phone,1,19,Credit Card,Female,2.00,1,Laptop & Accessory,5,Married,2,0,11.00,1,1,3,145.00
51531,0,6,Phone,1,20,CC,Female,3.00,3,Mobile,4,Married,2,0,13.00,1,1,6,128.00
51532,0,13,Mobile Phone,1,10,Credit Card,Female,2.00,3,Others,3,Married,2,0,14.00,1,9,9,290.00
51533,0,28,Mobile Phone,1,20,Credit Card,Male,3.00,1,Others,4,Single,9,0,11.00,1,2,15,287.00
51534,0,7,Computer,1,8,Debit Card,Male,2.00,4,Laptop & Accessory,3,Married,2,0,17.00,0,1,9,195.00
51535,0,24,Mobile Phone,1,9,Credit Card,Female,3.00,3,Grocery,4,Single,4,0,18.00,1,2,0,237.00
51536,0,25,Mobile Phone,1,6,Debit Card,Male,3.00,4,Others,3,Married,1,0,15.00,7,11,9,300.00
51537,0,9,Phone,1,15,CC,Female,4.00,3,Mobile,4,Single,2,0,16.00,0,1,3,123.00
51538,1,0,Mobile Phone,1,29,Debit Card,Male,2.00,4,Laptop & Accessory,3,Married,4,1,13.00,1,1,1,159.00
51539,0,9,Computer,1,13,CC,Male,2.00,1,Mobile,1,Married,5,0,14.00,1,2,2,121.00
51540,0,18,Computer,1,8,Credit Card,Male,3.00,4,Grocery,1,Married,10,0,23.00,1,11,8,268.00
51541,0,10,Phone,1,27,Debit Card,Male,3.00,1,Mobile Phone,5,Married,2,1,12.00,1,1,7,136.00
51542,0,8,Computer,1,8,Credit Card,Female,2.00,3,Laptop & Accessory,4,Single,6,0,11.00,0,1,2,144.00
51543,0,15,Computer,1,27,Credit Card,Female,2.00,3,Laptop & Accessory,3,Married,3,0,16.00,0,1,2,153.00
51544,0,11,Mobile Phone,1,8,Debit Card,Male,2.00,3,Laptop & Accessory,3,Married,10,0,14.00,1,1,0,166.00
51545,0,11,Mobile Phone,1,35,COD,Male,2.00,3,Laptop & Accessory,1,Married,4,0,18.00,0,1,7,163.00
51546,0,0,Computer,1,6,COD,Male,2.00,4,Laptop & Accessory,5,Married,6,0,19.00,2,2,0,143.00
51547,0,22,Computer,1,24,Debit Card,Male,3.00,3,Laptop & Accessory,1,Married,2,1,15.00,0,1,7,168.00
51548,0,7,Computer,1,16,Credit Card,Male,2.00,3,Mobile Phone,3,Married,2,1,17.00,2,2,0,138.00
51549,0,13,Phone,1,25,CC,Male,3.00,3,Laptop & Accessory,1,Married,9,1,15.00,3,3,7,127.00
51550,1,1,Mobile Phone,1,35,Credit Card,Male,3.00,3,Laptop & Accessory,5,Married,8,1,19.00,1,1,0,167.00
51551,1,0,Mobile Phone,3,33,E wallet,Female,2.00,3,Fashion,1,Married,2,0,22.00,0,1,9,176.00
51552,0,0,Phone,1,14,Debit Card,Male,2.00,1,Mobile,4,Married,2,1,16.00,2,2,2,123.00
51553,0,9,Computer,1,24,CC,Female,3.00,3,Mobile,1,Single,2,0,13.00,0,1,7,122.00
51554,0,13,Computer,1,15,Debit Card,Male,3.00,4,Laptop & Accessory,1,Married,10,0,14.00,0,1,2,149.00
51555,0,19,Mobile Phone,1,6,Credit Card,Male,3.00,3,Fashion,5,Married,8,0,16.00,0,1,3,194.00
51556,1,0,Mobile Phone,3,10,Credit Card,Male,2.00,5,Fashion,1,Married,2,0,11.00,6,9,8,204.00
51557,0,3,Computer,1,6,Debit Card,Male,2.00,4,Fashion,3,Single,2,0,22.00,4,5,8,185.00
51558,0,0,Computer,3,26,Debit Card,Female,2.00,3,Laptop & Accessory,3,Single,2,0,14.00,1,1,7,200.00
51559,0,24,Mobile Phone,1,14,Debit Card,Male,2.00,4,Fashion,4,Married,6,0,16.00,2,4,3,225.00
51560,1,0,Phone,1,14,COD,Female,2.00,3,Mobile,5,Single,6,1,11.00,0,1,4,127.00
51561,0,14,Mobile Phone,3,12,Debit Card,Female,3.00,3,Fashion,1,Single,4,1,18.00,0,2,0,236.00
51562,1,0,Computer,3,32,E wallet,Female,2.00,4,Laptop & Accessory,5,Single,6,0,15.00,1,1,1,167.00
51563,1,9,Phone,1,6,Cash on Delivery,Male,2.00,3,Mobile,3,Single,1,0,14.00,0,1,5,121.00
51564,0,18,Computer,3,12,Credit Card,Female,2.00,4,Fashion,1,Single,7,0,12.00,5,12,8,189.00
51565,0,27,Mobile Phone,3,9,E wallet,Female,2.00,3,Laptop & Accessory,5,Married,3,0,14.00,1,1,5,159.00
51566,0,9,Mobile Phone,1,11,Debit Card,Male,3.00,3,Laptop & Accessory,4,Single,9,0,16.00,2,3,7,159.00
51567,0,6,Phone,1,14,CC,Female,2.00,4,Mobile,4,Married,7,0,21.00,0,1,1,126.00
51568,0,10,Computer,1,17,UPI,Male,2.00,3,Fashion,1,Married,2,1,14.00,1,1,3,222.00
51569,0,11,Mobile Phone,3,9,Debit Card,Male,3.00,3,Fashion,3,Married,1,0,12.00,1,5,13,206.00
51570,0,4,Computer,1,6,Credit Card,Male,2.00,5,Laptop & Accessory,3,Married,1,0,12.00,0,1,4,143.00
51571,0,9,Phone,1,9,Debit Card,Male,3.00,4,Mobile,1,Married,4,0,17.00,0,1,0,122.00
51572,0,10,Computer,3,10,E wallet,Male,3.00,3,Mobile,1,Married,5,0,17.00,3,5,8,128.00
51573,0,2,Computer,3,6,Credit Card,Female,2.00,3,Fashion,1,Married,2,0,14.00,4,4,1,179.00
51574,0,8,Computer,3,6,E wallet,Female,3.00,3,Fashion,3,Single,2,0,14.00,1,1,8,188.00
51575,1,0,Phone,1,14,CC,Male,2.00,4,Mobile,1,Single,2,1,13.00,0,1,1,124.00
51576,0,25,Phone,1,8,Debit Card,Female,2.00,4,Mobile,1,Single,8,0,15.00,2,2,2,132.00
51577,0,15,Mobile Phone,1,10,Cash on Delivery,Male,2.00,3,Others,1,Married,2,0,15.00,0,11,15,292.00
51578,0,9,Phone,2,12,CC,Male,2.00,3,Mobile,3,Married,9,0,17.00,0,2,2,123.00
51579,0,23,Mobile Phone,3,6,Credit Card,Female,3.00,3,Others,1,Married,4,0,15.00,1,1,6,295.00
51580,1,0,Phone,1,14,CC,Male,2.00,3,Mobile,1,Married,6,1,13.00,1,1,4,124.00
51581,0,16,Mobile Phone,3,22,E wallet,Female,3.00,3,Grocery,1,Married,6,1,22.00,0,2,9,261.00
51582,1,0,Phone,1,8,Debit Card,Female,3.00,3,Mobile,5,Married,8,0,20.00,1,1,7,127.00
51583,0,25,Computer,3,8,Debit Card,Male,3.00,4,Others,3,Single,2,1,18.00,1,15,12,291.00
51584,0,5,Phone,3,10,Debit Card,Female,2.00,3,Mobile Phone,4,Married,3,0,11.00,1,1,2,139.00
51585,1,0,Phone,1,6,Debit Card,Male,3.00,4,Mobile Phone,3,Single,1,1,14.00,0,1,2,137.00
51586,0,9,Phone,1,6,CC,Female,3.00,3,Mobile,3,Married,8,0,14.00,1,1,2,122.00
51587,0,5,Computer,3,32,E wallet,Male,3.00,3,Laptop & Accessory,1,Married,1,0,18.00,2,2,2,145.00
51588,0,14,Phone,1,25,Debit Card,Male,3.00,3,Laptop & Accessory,5,Married,3,0,16.00,0,1,0,131.00
51589,0,13,Phone,1,30,COD,Male,3.00,3,Laptop & Accessory,1,Married,2,0,17.00,2,4,7,133.00
51590,0,18,Mobile Phone,1,6,UPI,Male,3.00,1,Others,1,Married,1,0,15.00,1,1,7,292.00
51591,0,4,Computer,1,9,Credit Card,Male,3.00,3,Fashion,3,Married,10,0,12.00,2,2,2,237.00
51592,0,6,Phone,1,11,Debit Card,Female,3.00,4,Mobile,1,Married,2,0,13.00,0,1,2,129.00
51593,0,7,Mobile Phone,1,8,Debit Card,Male,2.00,4,Laptop & Accessory,5,Married,7,0,13.00,0,5,9,160.00
51594,0,10,Phone,1,6,Credit Card,Female,2.00,4,Mobile Phone,5,Married,3,0,14.00,0,1,2,139.00
51595,0,18,Computer,1,13,Debit Card,Male,3.00,1,Laptop & Accessory,3,Married,5,0,17.00,1,1,2,164.00
51596,1,0,Computer,1,16,Credit Card,Male,3.00,3,Fashion,3,Married,7,0,11.00,0,1,0,200.00
51597,0,12,Computer,1,8,Cash on Delivery,Female,3.00,3,Fashion,3,Single,1,0,25.00,6,11,3,209.00
51598,0,2,Phone,1,14,Debit Card,Male,2.00,3,Mobile,1,Single,2,0,19.00,1,1,5,123.00
51599,0,15,Mobile Phone,1,23,Debit Card,Female,2.00,1,Laptop & Accessory,5,Single,4,1,13.00,1,1,2,165.00
51600,0,2,Mobile Phone,3,26,E wallet,Male,2.00,3,Laptop & Accessory,1,Married,3,0,14.00,1,1,2,169.00
51601,0,0,Phone,1,6,Debit Card,Female,3.00,3,Laptop & Accessory,3,Married,1,0,12.00,1,1,2,149.00
51602,0,15,Phone,1,14,CC,Female,2.00,4,Mobile,5,Married,1,1,11.00,7,7,8,126.00
51603,0,13,Mobile Phone,1,8,Credit Card,Male,2.00,3,Others,3,Married,1,0,15.00,3,3,9,294.00
51604,0,24,Phone,1,6,Debit Card,Male,3.00,3,Mobile,1,Married,2,0,11.00,1,1,0,127.00
51605,1,0,Computer,1,35,Credit Card,Male,3.00,4,Mobile,4,Single,1,0,11.00,0,1,4,135.00
51606,0,5,Computer,1,13,Debit Card,Male,3.00,1,Mobile,4,Married,2,0,20.00,0,1,3,128.00
51607,0,11,Computer,3,8,Debit Card,Male,2.00,4,Laptop & Accessory,1,Married,4,0,18.00,1,7,5,152.00
51608,0,9,Phone,1,8,Cash on Delivery,Male,2.00,4,Laptop & Accessory,5,Single,5,0,13.00,0,1,4,122.00
51609,0,19,Mobile Phone,3,8,Cash on Delivery,Female,3.00,5,Grocery,4,Married,4,1,12.00,1,7,7,269.00
51610,1,0,Phone,1,8,Debit Card,Male,3.00,3,Mobile,3,Single,3,0,11.00,0,1,0,135.00
51611,0,2,Mobile Phone,3,8,Credit Card,Male,3.00,4,Laptop & Accessory,4,Married,3,0,19.00,1,1,0,166.00
51612,0,4,Mobile Phone,1,29,Credit Card,Male,3.00,4,Laptop & Accessory,1,Married,1,0,21.00,0,7,8,156.00
51613,0,0,Computer,1,11,Debit Card,Male,2.00,1,Laptop & Accessory,5,Married,2,0,12.00,1,1,5,140.00
51614,0,18,Mobile Phone,1,26,Credit Card,Male,3.00,3,Grocery,1,Married,1,1,14.00,2,2,10,235.00
51615,0,9,Phone,1,12,Debit Card,Male,2.00,3,Mobile,1,Married,1,0,11.00,1,10,11,132.00
51616,0,28,Mobile Phone,1,6,Credit Card,Male,2.00,3,Others,5,Single,1,1,14.00,1,4,13,290.00
51617,1,10,Computer,1,35,Debit Card,Male,2.00,3,Fashion,4,Married,2,1,12.00,4,9,3,218.00
51618,0,9,Phone,1,15,CC,Male,3.00,3,Mobile,1,Married,2,0,23.00,1,1,4,121.00
51619,0,10,Mobile Phone,3,12,Credit Card,Male,3.00,3,Laptop & Accessory,1,Married,5,0,14.00,1,1,1,165.00
51620,0,0,Phone,1,9,CC,Male,3.00,4,Mobile,3,Single,2,0,17.00,1,1,0,132.00
51621,0,10,Computer,1,6,Credit Card,Female,3.00,3,Fashion,1,Married,3,1,18.00,0,2,2,236.00
51622,0,8,Mobile Phone,1,28,Debit Card,Female,3.00,1,Fashion,4,Married,8,0,18.00,5,6,3,220.00
51623,0,11,Mobile Phone,3,13,Credit Card,Female,2.00,1,Laptop & Accessory,5,Married,2,1,24.00,4,7,7,156.00
51624,0,0,Computer,1,6,Debit Card,Female,2.00,3,Laptop & Accessory,4,Married,2,0,20.00,1,1,4,164.00
51625,0,23,Mobile Phone,1,10,Debit Card,Male,3.00,3,Others,4,Married,4,0,14.00,1,1,6,291.00
51626,0,26,Mobile Phone,1,9,Credit Card,Male,2.00,3,Grocery,3,Married,4,1,16.00,1,1,3,276.00
51627,0,15,Phone,3,6,Debit Card,Male,1.00,3,Laptop & Accessory,3,Married,2,0,25.00,6,11,6,149.00
51628,0,2,Computer,3,8,Debit Card,Male,2.00,3,Laptop & Accessory,1,Single,2,0,18.00,0,1,9,146.00
51629,0,28,Mobile Phone,1,26,COD,Male,2.00,3,Laptop & Accessory,1,Married,4,1,19.00,0,1,8,154.00
51630,0,0,Computer,1,17,Credit Card,Male,2.00,3,Laptop & Accessory,5,Married,2,1,13.00,1,3,3,147.00
51631,0,9,Phone,1,6,Debit Card,Female,2.00,3,Mobile,1,Single,2,0,12.00,1,5,7,121.00
51632,1,7,Computer,1,30,Debit Card,Male,3.00,3,Mobile,3,Married,4,1,22.00,0,1,0,132.00
51633,0,11,Mobile Phone,1,29,Debit Card,Male,2.00,3,Laptop & Accessory,1,Married,10,0,14.00,0,1,2,157.00
51634,1,0,Phone,1,14,CC,Male,2.00,3,Mobile,4,Married,3,1,13.00,1,1,2,124.00
51635,0,1,Phone,1,14,Debit Card,Female,3.00,3,Mobile,1,Single,2,0,21.00,1,1,2,133.00
51636,0,22,Computer,1,16,Debit Card,Female,2.00,3,Others,5,Single,10,1,11.00,1,1,2,287.00
51637,0,9,Phone,1,9,COD,Male,1.00,3,Laptop & Accessory,4,Single,5,0,12.00,2,7,7,145.00
51638,0,4,Computer,3,11,E wallet,Female,3.00,3,Mobile,4,Married,2,0,11.00,0,2,2,128.00
51639,1,0,Mobile Phone,3,10,E wallet,Male,2.00,4,Laptop & Accessory,1,Single,2,1,12.00,4,7,4,158.00
51640,0,10,Computer,1,14,CC,Male,2.00,3,Mobile,1,Married,2,1,12.00,0,1,2,123.00
51641,0,15,Computer,3,32,E wallet,Female,3.00,3,Grocery,4,Married,6,0,14.00,3,2,8,235.00
51642,1,9,Mobile Phone,1,9,Debit Card,Male,2.00,3,Mobile Phone,3,Single,2,0,13.00,1,1,0,114.00
51643,0,8,Mobile Phone,3,22,E wallet,Male,3.00,3,Fashion,4,Married,1,0,15.00,3,6,9,180.00
51644,0,9,Computer,1,24,Debit Card,Male,2.00,1,Mobile Phone,1,Married,5,0,18.00,1,1,0,137.00
51645,0,24,Mobile Phone,1,8,Credit Card,Male,2.00,5,Laptop & Accessory,4,Married,6,0,18.00,0,1,2,155.00
51646,0,14,Mobile Phone,3,8,Debit Card,Male,2.00,3,Grocery,4,Single,2,0,19.00,1,2,4,260.00
51647,0,9,Mobile Phone,3,16,Credit Card,Female,3.00,4,Mobile Phone,3,Single,2,0,12.00,0,1,0,112.00
51648,0,1,Mobile Phone,1,22,Credit Card,Male,3.00,1,Laptop & Accessory,5,Single,1,0,19.00,0,1,7,157.00
51649,0,4,Mobile Phone,3,13,COD,Male,3.00,1,Laptop & Accessory,1,Married,5,0,11.00,3,7,7,169.00
51650,0,12,Mobile Phone,1,6,Credit Card,Male,2.00,1,Fashion,1,Married,1,0,17.00,1,3,7,196.00
51651,0,9,Computer,1,30,Debit Card,Female,2.00,3,Laptop & Accessory,4,Married,8,0,15.00,1,1,8,157.00
51652,0,5,Mobile Phone,3,13,Debit Card,Male,3.00,4,Laptop & Accessory,3,Married,2,0,14.00,3,4,8,155.00
51653,0,11,Mobile Phone,1,31,Debit Card,Female,2.00,4,Fashion,4,Married,4,0,17.00,0,1,3,221.00
51654,0,30,Computer,1,6,Debit Card,Male,2.00,5,Laptop & Accessory,3,Married,3,1,13.00,1,1,2,157.00
51655,0,4,Phone,1,11,COD,Male,2.00,3,Mobile Phone,1,Married,1,1,12.00,1,1,3,148.00
51656,0,4,Mobile Phone,2,8,UPI,Male,3.00,4,Laptop & Accessory,5,Married,4,0,12.00,0,1,0,164.00
51657,0,18,Computer,1,13,Debit Card,Male,3.00,3,Fashion,5,Married,2,0,18.00,2,9,11,152.00
51658,0,4,Phone,1,8,Debit Card,Male,3.00,3,Mobile,1,Married,1,1,18.00,2,2,2,127.00
51659,0,6,Computer,1,11,Debit Card,Female,3.00,3,Fashion,4,Married,7,0,11.00,7,8,3,219.00
51660,0,0,Mobile Phone,1,16,Credit Card,Male,3.00,3,Grocery,5,Married,2,1,14.00,1,11,10,271.00
51661,0,16,Computer,1,14,Debit Card,Female,2.00,3,Mobile,1,Single,1,0,19.00,0,1,7,125.00
51662,0,22,Mobile Phone,1,6,Cash on Delivery,Female,2.00,4,Grocery,3,Single,8,1,12.00,0,2,7,240.00
51663,1,15,Phone,1,14,Credit Card,Male,2.00,4,Laptop & Accessory,4,Married,3,0,15.00,7,7,7,149.00
51664,0,0,Phone,1,14,Debit Card,Female,2.00,3,Mobile,4,Single,2,1,12.00,0,1,2,125.00
51665,0,5,Mobile Phone,3,14,COD,Female,3.00,4,Laptop & Accessory,4,Married,2,1,11.00,11,11,9,152.00
51666,0,0,Phone,3,8,Debit Card,Male,3.00,3,Laptop & Accessory,3,Single,2,1,11.00,0,1,4,145.00
51667,0,4,Mobile Phone,3,13,E wallet,Male,3.00,3,Laptop & Accessory,1,Married,5,0,12.00,0,1,7,175.00
51668,0,5,Mobile Phone,1,8,Credit Card,Female,3.00,1,Laptop & Accessory,1,Single,8,0,16.00,0,1,7,151.00
51669,1,0,Phone,1,8,CC,Male,2.00,5,Mobile,1,Married,6,1,13.00,1,2,2,135.00
51670,0,3,Mobile Phone,1,34,Credit Card,Female,3.00,3,Laptop & Accessory,1,Married,2,0,13.00,1,1,9,158.00
51671,0,4,Computer,1,13,Debit Card,Female,2.00,4,Fashion,3,Married,2,0,24.00,7,8,9,189.00
51672,0,12,Computer,1,13,Credit Card,Male,2.00,4,Others,1,Married,2,0,15.00,6,13,3,293.00
51673,1,2,Mobile Phone,3,9,Credit Card,Female,2.00,3,Laptop & Accessory,3,Married,5,1,18.00,1,1,0,152.00
51674,0,6,Computer,3,16,E wallet,Male,2.00,4,Laptop & Accessory,1,Single,4,0,14.00,1,1,1,147.00
51675,0,20,Mobile Phone,1,11,Debit Card,Male,2.00,3,Others,3,Married,5,0,11.00,1,1,1,283.00
51676,0,16,Computer,1,16,Debit Card,Female,2.00,4,Laptop & Accessory,3,Married,2,0,11.00,1,1,0,153.00
51677,0,0,Computer,3,6,E wallet,Male,3.00,3,Laptop & Accessory,4,Married,1,1,13.00,0,1,4,163.00
51678,0,27,Computer,1,26,Debit Card,Female,2.00,3,Laptop & Accessory,3,Single,4,0,12.00,0,1,3,149.00
51679,0,16,Mobile Phone,1,13,Debit Card,Female,2.00,3,Fashion,5,Married,9,0,16.00,1,1,0,200.00
51680,0,18,Phone,1,14,UPI,Male,3.00,3,Laptop & Accessory,1,Married,10,0,14.00,8,9,8,137.00
51681,0,13,Mobile Phone,3,6,Credit Card,Male,2.00,5,Laptop & Accessory,1,Married,3,1,22.00,1,1,2,175.00
51682,1,9,Phone,1,14,UPI,Male,3.00,5,Mobile,5,Married,2,1,11.00,0,1,7,121.00
51683,0,2,Phone,1,15,UPI,Male,1.00,4,Mobile Phone,1,Single,1,0,17.00,1,2,2,140.00
51684,0,3,Mobile Phone,3,11,E wallet,Female,1.00,4,Laptop & Accessory,3,Married,2,0,13.00,1,1,2,161.00
51685,0,0,Mobile Phone,3,14,E wallet,Female,2.00,3,Laptop & Accessory,4,Married,2,0,18.00,0,1,7,162.00
51686,0,10,Mobile Phone,1,11,Credit Card,Male,3.00,3,Laptop & Accessory,1,Married,8,0,16.00,1,1,4,163.00
51687,0,11,Mobile Phone,1,21,Debit Card,Male,3.00,4,Fashion,1,Married,1,1,14.00,2,2,3,215.00
51688,0,4,Mobile Phone,1,13,Credit Card,Female,2.00,3,Fashion,1,Single,2,1,14.00,4,4,10,171.00
51689,0,2,Mobile Phone,3,16,E wallet,Female,2.00,4,Laptop & Accessory,4,Married,2,1,14.00,1,1,7,183.00
51690,0,8,Mobile Phone,1,11,COD,Male,3.00,3,Fashion,4,Single,1,0,13.00,1,1,13,181.00
51691,0,0,Phone,1,32,Debit Card,Male,3.00,3,Mobile,1,Married,2,0,12.00,0,1,2,129.00
51692,0,14,Mobile Phone,1,12,Credit Card,Male,3.00,4,Laptop & Accessory,4,Single,7,1,15.00,1,1,2,160.00
51693,0,20,Computer,3,10,CC,Male,3.00,3,Laptop & Accessory,3,Single,4,0,19.00,0,1,0,130.00
51694,0,15,Mobile Phone,1,29,Debit Card,Female,2.00,3,Grocery,1,Single,3,0,14.00,0,2,0,260.00
51695,0,2,Computer,3,8,Debit Card,Male,3.00,3,Laptop & Accessory,3,Married,2,0,14.00,1,1,2,146.00
51696,0,15,Phone,2,8,COD,Male,3.00,3,Mobile,3,Married,1,1,11.00,1,1,0,127.00
51697,0,5,Phone,1,14,CC,Female,3.00,3,Mobile,4,Married,2,0,13.00,0,1,7,124.00
51698,0,21,Mobile Phone,3,35,Credit Card,Female,3.00,3,Fashion,3,Married,4,0,21.00,0,1,3,225.00
51699,0,10,Mobile Phone,1,12,Credit Card,Male,2.00,1,Laptop & Accessory,5,Married,5,1,13.00,6,6,7,160.00
51700,0,3,Computer,3,31,COD,Female,2.00,3,Laptop & Accessory,3,Married,8,1,12.00,2,2,2,147.00
51701,0,0,Mobile Phone,3,6,Debit Card,Male,2.00,3,Laptop & Accessory,3,Married,2,0,17.00,0,7,7,153.00
51702,0,15,Mobile Phone,1,8,UPI,Male,3.00,4,Laptop & Accessory,1,Single,4,0,23.00,1,1,0,168.00
51703,1,9,Computer,3,6,Cash on Delivery,Female,3.00,4,Mobile,4,Single,2,1,11.00,1,1,2,122.00
51704,0,9,Computer,3,6,Credit Card,Female,2.00,3,Laptop & Accessory,1,Single,5,0,15.00,1,1,0,167.00
51705,0,9,Computer,3,9,Credit Card,Male,2.00,4,Fashion,1,Married,5,0,11.00,0,1,12,197.00
51706,0,30,Mobile Phone,1,6,Credit Card,Male,2.00,3,Laptop & Accessory,3,Married,3,0,11.00,0,1,2,168.00
51707,0,9,Phone,1,16,Debit Card,Female,2.00,1,Mobile,3,Married,4,1,13.00,0,1,7,122.00
51708,0,0,Computer,3,14,CC,Male,2.00,3,Mobile,1,Single,2,0,24.00,2,2,2,126.00
51709,1,0,Phone,3,11,E wallet,Female,3.00,3,Mobile,3,Single,2,1,13.00,0,1,0,129.00
51710,0,10,Phone,1,16,CC,Female,3.00,3,Mobile,5,Married,7,0,20.00,1,1,3,135.00
51711,0,19,Computer,1,13,Credit Card,Female,1.00,3,Laptop & Accessory,3,Married,3,0,14.00,1,1,0,153.00
51712,1,4,Computer,3,10,E wallet,Male,2.00,3,Laptop & Accessory,4,Single,2,0,18.00,4,7,7,194.00
51713,0,23,Mobile Phone,1,16,Cash on Delivery,Male,3.00,4,Fashion,1,Single,7,0,15.00,1,1,3,205.00
51714,1,3,Mobile Phone,3,28,E wallet,Male,3.00,4,Laptop & Accessory,3,Married,3,1,12.00,1,1,0,164.00
51715,0,4,Phone,1,14,Debit Card,Male,2.00,4,Mobile,4,Single,1,1,16.00,2,2,2,127.00
51716,1,0,Phone,3,18,Debit Card,Female,3.00,1,Mobile,4,Single,2,0,15.00,0,1,0,127.00
51717,0,9,Phone,1,29,Debit Card,Male,2.00,3,Mobile,1,Single,10,0,16.00,0,1,2,122.00
51718,0,8,Mobile Phone,1,15,Debit Card,Male,3.00,4,Laptop & Accessory,4,Single,10,0,19.00,0,1,0,165.00
51719,0,0,Phone,1,6,Credit Card,Male,2.00,3,Mobile Phone,4,Married,2,0,11.00,0,1,4,138.00
51720,0,1,Mobile Phone,3,15,Debit Card,Male,3.00,3,Laptop & Accessory,1,Single,2,0,16.00,1,1,7,153.00
51721,0,22,Mobile Phone,1,13,UPI,Male,2.00,4,Fashion,3,Single,9,0,24.00,1,1,3,210.00
51722,0,24,Phone,3,20,Debit Card,Female,2.00,3,Laptop & Accessory,1,Married,5,0,11.00,1,1,7,149.00
51723,0,9,Phone,1,14,Debit Card,Female,3.00,3,Mobile,3,Married,5,0,13.00,2,2,2,125.00
51724,1,0,Computer,3,25,E wallet,Male,3.00,1,Laptop & Accessory,1,Single,9,1,13.00,0,1,4,153.00
51725,0,28,Mobile Phone,1,8,Debit Card,Female,3.00,3,Grocery,1,Single,3,1,13.00,1,1,2,267.00
51726,0,0,Phone,3,16,E wallet,Female,3.00,3,Laptop & Accessory,3,Married,2,1,12.00,0,1,3,143.00
51727,0,3,Phone,3,14,COD,Male,3.00,3,Mobile,4,Married,2,0,18.00,1,1,0,125.00
51728,1,0,Computer,1,9,COD,Male,3.00,3,Mobile,5,Single,1,0,22.00,0,1,4,131.00
51729,0,9,Phone,1,17,CC,Female,2.00,3,Mobile,4,Married,2,0,13.00,1,1,2,122.00
51730,0,9,Mobile Phone,3,8,Credit Card,Male,3.00,4,Fashion,3,Married,2,0,13.00,8,9,0,176.00
51731,1,9,Computer,1,10,COD,Male,2.00,3,Mobile,1,Single,10,1,23.00,1,1,0,123.00
51732,0,10,Phone,1,20,Debit Card,Female,3.00,3,Mobile,5,Married,2,0,12.00,10,12,17,130.00
51733,0,13,Mobile Phone,3,8,E wallet,Female,2.00,3,Laptop & Accessory,4,Married,8,0,12.00,0,1,3,157.00
51734,0,15,Phone,1,14,Debit Card,Female,3.00,3,Mobile,5,Married,4,0,16.00,0,1,2,126.00
51735,0,10,Phone,1,16,Debit Card,Male,2.00,3,Laptop & Accessory,4,Single,3,1,12.00,0,1,1,142.00
51736,0,16,Mobile Phone,1,18,Debit Card,Male,2.00,4,Grocery,4,Married,2,0,11.00,3,2,9,243.00
51737,0,13,Phone,1,8,CC,Female,3.00,4,Laptop & Accessory,3,Married,7,0,22.00,1,1,0,134.00
51738,0,27,Mobile Phone,1,11,Credit Card,Male,2.00,3,Others,5,Married,5,0,15.00,1,1,2,294.00
51739,0,7,Computer,3,10,E wallet,Female,3.00,3,Laptop & Accessory,3,Married,10,0,15.00,0,1,2,165.00
51740,0,4,Phone,1,13,Credit Card,Female,2.00,3,Laptop & Accessory,5,Married,2,0,12.00,3,3,12,143.00
51741,0,9,Computer,1,27,CC,Male,3.00,3,Mobile,1,Married,8,0,20.00,1,1,2,123.00
51742,0,16,Phone,1,14,UPI,Female,3.00,3,Laptop & Accessory,3,Married,5,1,14.00,1,1,2,145.00
51743,0,0,Phone,3,10,Debit Card,Female,3.00,4,Laptop & Accessory,1,Single,2,1,11.00,0,1,3,145.00
51744,0,10,Computer,1,31,Credit Card,Female,3.00,3,Laptop & Accessory,3,Married,4,1,15.00,4,10,7,144.00
51745,0,9,Phone,1,6,Debit Card,Male,3.00,4,Mobile,5,Married,2,0,12.00,3,3,2,122.00
51746,0,12,Computer,1,6,Debit Card,Male,2.00,3,Others,3,Married,2,1,14.00,0,1,6,292.00
51747,0,29,Computer,3,12,Debit Card,Female,2.00,1,Grocery,5,Married,10,0,11.00,6,2,7,232.00
51748,0,3,Mobile Phone,3,18,COD,Female,2.00,3,Laptop & Accessory,3,Single,1,0,11.00,3,4,4,166.00
51749,0,14,Mobile Phone,3,6,E wallet,Male,2.00,1,Fashion,5,Married,2,0,16.00,1,1,7,184.00
51750,0,1,Phone,1,23,Credit Card,Male,3.00,3,Laptop & Accessory,5,Married,2,0,12.00,0,1,8,146.00
51751,1,0,Phone,1,9,Credit Card,Male,3.00,3,Mobile Phone,5,Married,6,0,13.00,1,1,2,140.00
51752,0,25,Mobile Phone,1,9,Credit Card,Male,2.00,4,Fashion,3,Married,3,1,14.00,1,1,4,180.00
51753,0,18,Phone,1,14,Debit Card,Male,3.00,3,Mobile,1,Married,4,0,21.00,0,1,2,127.00
51754,0,25,Mobile Phone,1,10,Debit Card,Female,1.00,3,Grocery,1,Married,3,0,13.00,1,1,4,266.00
51755,0,15,Computer,1,35,Debit Card,Female,3.00,3,Laptop & Accessory,3,Married,3,0,11.00,1,1,2,146.00
51756,0,3,Mobile Phone,1,8,Debit Card,Female,2.00,5,Laptop & Accessory,1,Single,3,0,20.00,1,1,2,161.00
51757,0,30,Mobile Phone,1,13,Debit Card,Female,2.00,3,Others,5,Married,6,0,15.00,1,11,10,296.00
51758,0,19,Phone,1,24,Credit Card,Female,2.00,3,Laptop & Accessory,3,Married,3,0,14.00,1,1,8,148.00
51759,0,15,Computer,1,34,COD,Female,2.00,4,Laptop & Accessory,1,Married,1,0,11.00,0,1,4,145.00
51760,1,0,Phone,3,6,COD,Female,3.00,3,Mobile,4,Single,2,1,16.00,0,1,4,132.00
51761,1,0,Computer,3,14,E wallet,Female,2.00,5,Mobile,3,Married,1,0,16.00,0,1,0,124.00
51762,0,9,Computer,1,8,Debit Card,Male,2.00,3,Mobile Phone,1,Married,2,1,23.00,1,1,0,117.00
51763,0,13,Mobile Phone,3,8,Debit Card,Female,3.00,3,Others,3,Married,1,0,14.00,1,1,12,280.00
51764,0,0,Phone,1,29,Debit Card,Female,3.00,3,Mobile,1,Married,2,0,22.00,0,1,2,129.00
51765,0,9,Computer,1,9,Debit Card,Male,2.00,3,Mobile,1,Married,5,0,15.00,1,1,4,121.00
51766,0,2,Mobile Phone,1,9,Credit Card,Male,3.00,4,Fashion,3,Married,2,0,18.00,0,1,3,219.00
51767,1,0,Phone,1,14,COD,Female,3.00,4,Mobile,4,Married,6,0,16.00,1,1,1,125.00
51768,1,0,Phone,2,14,COD,Male,2.00,4,Mobile,1,Single,2,0,12.00,0,1,0,126.00
51769,0,3,Computer,3,28,UPI,Female,3.00,3,Fashion,5,Married,1,0,11.00,3,7,8,184.00
51770,0,30,Mobile Phone,3,35,E wallet,Male,2.00,4,Grocery,1,Married,4,0,12.00,1,2,0,241.00
51771,0,23,Mobile Phone,1,35,Debit Card,Male,2.00,4,Grocery,3,Married,1,0,15.00,1,15,7,270.00
51772,0,3,Computer,1,14,CC,Female,2.00,3,Mobile,1,Single,1,0,14.00,1,6,7,126.00
51773,0,30,Computer,3,34,E wallet,Female,3.00,4,Fashion,5,Married,5,0,19.00,3,13,11,203.00
51774,0,20,Mobile Phone,1,8,Credit Card,Female,3.00,3,Laptop & Accessory,1,Married,6,0,13.00,0,1,4,151.00
51775,0,19,Mobile Phone,1,8,Debit Card,Male,2.00,3,Grocery,3,Married,7,0,13.00,1,1,1,279.00
51776,0,8,Phone,1,28,Debit Card,Male,2.00,5,Mobile Phone,3,Single,1,0,15.00,1,4,3,142.00
51777,0,27,Phone,1,5,Debit Card,Female,2.00,3,Laptop & Accessory,3,Single,8,0,11.00,0,1,0,138.00
51778,0,7,Phone,1,8,Debit Card,Male,3.00,4,Mobile,3,Married,4,0,12.00,3,5,7,128.00
51779,0,5,Mobile Phone,3,16,E wallet,Female,3.00,4,Fashion,1,Married,3,1,19.00,0,1,2,191.00
51780,0,4,Mobile Phone,1,15,Debit Card,Male,2.00,3,Fashion,4,Married,2,0,25.00,0,1,8,206.00
51781,1,0,Mobile Phone,1,21,Credit Card,Male,2.00,3,Fashion,3,Married,8,1,12.00,3,2,7,236.00
51782,1,0,Phone,1,16,CC,Male,2.00,5,Mobile,1,Married,8,0,13.00,0,1,3,134.00
51783,0,3,Phone,3,13,E wallet,Male,3.00,3,Mobile,4,Single,1,0,14.00,0,1,2,130.00
51784,0,8,Mobile Phone,1,22,Debit Card,Male,3.00,3,Fashion,3,Married,5,1,12.00,0,1,0,176.00
51785,1,0,Computer,1,26,Debit Card,Male,3.00,3,Fashion,3,Married,4,0,12.00,1,1,0,198.00
51786,1,0,Computer,2,29,UPI,Female,2.00,3,Fashion,5,Married,10,1,15.00,1,1,2,200.00
51787,0,9,Computer,1,11,UPI,Male,3.00,3,Mobile,3,Married,5,0,17.00,0,2,0,121.00
51788,0,9,Computer,3,16,Credit Card,Male,2.00,3,Fashion,1,Single,2,0,14.00,8,9,7,200.00
51789,1,0,Computer,1,10,COD,Male,3.00,4,Mobile Phone,3,Single,6,0,16.00,0,1,2,139.00
51790,0,21,Phone,3,8,E wallet,Female,2.00,3,Laptop & Accessory,1,Married,3,0,14.00,6,6,7,141.00
51791,0,28,Mobile Phone,3,24,Debit Card,Female,2.00,3,Grocery,4,Single,4,0,23.00,1,7,8,268.00
51792,0,14,Computer,3,16,Debit Card,Male,2.00,3,Laptop & Accessory,1,Single,8,0,14.00,0,1,10,162.00
51793,0,8,Phone,3,6,E wallet,Male,2.00,3,Laptop & Accessory,3,Married,10,0,11.00,0,6,9,147.00
51794,0,13,Mobile Phone,1,12,Debit Card,Female,3.00,3,Grocery,3,Single,8,0,15.00,4,2,13,232.00
51795,0,12,Computer,1,14,Debit Card,Female,2.00,3,Mobile Phone,3,Married,2,0,11.00,1,1,7,138.00
51796,0,4,Mobile Phone,3,8,Debit Card,Male,3.00,3,Laptop & Accessory,1,Single,5,1,13.00,1,1,5,166.00
51797,0,15,Mobile Phone,1,30,Credit Card,Male,2.00,3,Fashion,5,Married,2,1,21.00,5,5,8,174.00
51798,0,18,Phone,3,8,UPI,Male,3.00,3,Laptop & Accessory,4,Married,1,0,19.00,3,3,7,148.00
51799,1,0,Computer,2,23,Debit Card,Female,3.00,3,Mobile,3,Married,1,1,11.00,0,1,0,127.00
51800,0,2,Phone,1,25,COD,Male,2.00,3,Laptop & Accessory,1,Married,5,0,12.00,1,1,2,143.00
51801,0,6,Mobile Phone,1,6,Credit Card,Female,3.00,1,Grocery,3,Married,5,0,19.00,1,1,5,262.00
51802,0,4,Mobile Phone,3,13,Debit Card,Male,2.00,4,Fashion,1,Married,10,0,21.00,1,1,3,216.00
51803,1,9,Computer,3,11,E wallet,Male,3.00,3,Mobile Phone,4,Single,2,1,14.00,1,1,0,119.00
51804,0,13,Computer,3,34,UPI,Male,2.00,5,Fashion,5,Married,4,0,15.00,0,1,3,209.00
51805,0,14,Computer,1,8,UPI,Female,3.00,4,Laptop & Accessory,3,Single,3,1,17.00,0,1,7,168.00
51806,0,0,Phone,3,35,Credit Card,Male,2.00,3,Laptop & Accessory,3,Married,6,0,12.00,0,1,0,143.00
51807,0,8,Phone,3,6,Credit Card,Female,3.00,3,Laptop & Accessory,3,Single,2,0,16.00,1,1,3,149.00
51808,0,7,Mobile Phone,3,27,Debit Card,Male,3.00,1,Laptop & Accessory,1,Single,2,0,12.00,0,5,7,153.00
51809,1,0,Phone,1,14,COD,Male,3.00,5,Mobile,1,Single,2,1,18.00,0,1,0,123.00
51810,0,10,Mobile Phone,1,6,COD,Female,2.00,3,Fashion,1,Single,5,0,17.00,1,1,2,175.00
51811,0,19,Computer,1,24,Credit Card,Female,2.00,3,Fashion,3,Married,6,0,11.00,0,1,2,205.00
51812,0,14,Mobile Phone,3,8,Debit Card,Female,3.00,3,Grocery,5,Married,8,0,16.00,1,11,8,266.00
51813,0,10,Computer,3,15,Credit Card,Male,3.00,3,Fashion,4,Married,2,0,13.00,1,7,7,188.00
51814,0,25,Mobile Phone,1,12,COD,Male,3.00,3,Laptop & Accessory,5,Married,4,1,12.00,2,6,9,156.00
51815,1,0,Computer,3,17,UPI,Male,2.00,1,Laptop & Accessory,3,Married,9,0,12.00,1,1,2,147.00
51816,0,0,Computer,3,14,CC,Male,2.00,3,Mobile,1,Married,1,0,13.00,1,2,1,124.00
51817,0,11,Mobile Phone,1,16,Credit Card,Female,3.00,3,Laptop & Accessory,3,Married,4,0,19.00,0,1,0,198.00
51818,0,10,Mobile Phone,1,6,Debit Card,Female,3.00,3,Laptop & Accessory,4,Married,7,0,12.00,4,4,3,164.00
51819,0,22,Mobile Phone,1,24,Debit Card,Male,2.00,4,Others,3,Married,2,1,15.00,1,1,9,295.00
51820,0,0,Phone,1,29,CC,Male,3.00,1,Mobile,1,Married,2,1,11.00,0,1,4,127.00
51821,0,0,Mobile Phone,3,34,E wallet,Male,3.00,3,Laptop & Accessory,4,Married,2,0,20.00,0,1,4,163.00
51822,0,9,Phone,1,23,UPI,Male,3.00,4,Mobile,4,Married,2,0,21.00,1,1,0,121.00
51823,0,23,Computer,2,9,Credit Card,Male,3.00,3,Others,4,Married,2,0,11.00,1,10,7,282.00
51824,0,9,Phone,3,19,CC,Male,2.00,3,Mobile,3,Married,2,0,11.00,1,1,6,121.00
51825,1,0,Computer,1,13,Debit Card,Female,3.00,3,Mobile,3,Married,2,1,16.00,0,1,2,129.00
51826,1,9,Computer,3,18,Debit Card,Male,3.00,4,Mobile,5,Married,2,0,18.00,1,1,0,120.00
51827,0,7,Phone,1,6,Debit Card,Male,2.00,4,Mobile Phone,1,Married,2,1,13.00,1,1,3,136.00
51828,1,0,Phone,3,19,Credit Card,Male,2.00,3,Laptop & Accessory,5,Married,3,0,17.00,0,1,2,142.00
51829,0,8,Phone,1,31,UPI,Male,2.00,4,Laptop & Accessory,1,Single,5,0,14.00,1,1,2,137.00
51830,0,4,Mobile Phone,3,12,Credit Card,Male,3.00,1,Laptop & Accessory,1,Married,5,0,22.00,5,5,7,155.00
51831,0,9,Phone,1,12,CC,Female,3.00,4,Mobile,3,Married,1,0,12.00,0,1,3,122.00
51832,0,10,Mobile Phone,3,8,E wallet,Male,3.00,3,Laptop & Accessory,3,Married,5,1,11.00,0,1,0,196.00
51833,0,0,Phone,1,6,Debit Card,Female,3.00,4,Mobile,4,Single,2,0,13.00,0,1,0,128.00
51834,0,15,Phone,1,8,Debit Card,Female,2.00,3,Laptop & Accessory,1,Married,2,0,13.00,0,2,2,141.00
51835,0,16,Mobile Phone,1,12,UPI,Male,2.00,4,Grocery,1,Married,5,1,14.00,1,1,0,266.00
51836,0,11,Phone,1,14,Debit Card,Female,2.00,3,Mobile,5,Single,4,0,17.00,0,1,0,126.00
51837,0,16,Computer,1,15,Credit Card,Male,3.00,3,Laptop & Accessory,3,Married,4,1,13.00,1,4,7,157.00
51838,0,21,Mobile Phone,1,6,Debit Card,Female,2.00,4,Grocery,5,Married,8,0,11.00,0,2,2,254.00
51839,0,17,Mobile Phone,2,6,Debit Card,Female,2.00,4,Laptop & Accessory,3,Single,5,0,11.00,1,1,2,160.00
51840,0,7,Phone,3,14,COD,Female,2.00,3,Mobile,3,Married,2,1,18.00,1,1,6,126.00
51841,1,0,Phone,3,8,E wallet,Male,3.00,3,Mobile,5,Married,1,0,11.00,1,1,2,130.00
51842,0,0,Phone,3,28,COD,Male,2.00,3,Mobile,3,Single,2,0,11.00,0,1,2,134.00
51843,0,17,Mobile Phone,1,9,UPI,Male,2.00,3,Others,1,Married,5,1,15.00,0,1,1,295.00
51844,0,0,Phone,1,12,CC,Male,3.00,3,Mobile,3,Married,1,0,20.00,1,2,2,128.00
51845,0,6,Mobile Phone,3,14,E wallet,Male,2.00,3,Laptop & Accessory,3,Married,1,0,12.00,0,1,2,171.00
51846,0,5,Mobile Phone,1,15,Debit Card,Female,3.00,3,Laptop & Accessory,1,Married,2,1,12.00,1,1,5,163.00
51847,0,9,Computer,1,9,CC,Female,3.00,3,Mobile,3,Married,2,0,20.00,1,1,0,121.00
51848,0,26,Mobile Phone,3,6,Credit Card,Female,2.00,3,Laptop & Accessory,5,Single,8,0,20.00,4,8,10,184.00
51849,0,7,Phone,1,6,Debit Card,Male,3.00,3,Mobile,1,Married,2,0,12.00,1,8,8,127.00
51850,1,8,Computer,3,32,Debit Card,Female,3.00,3,Laptop & Accessory,5,Married,3,0,14.00,0,1,0,143.00
51851,0,0,Mobile Phone,1,12,Debit Card,Female,3.00,3,Mobile Phone,1,Married,2,1,13.00,0,1,2,56.00
51852,0,10,Mobile Phone,1,9,UPI,Male,2.00,3,Fashion,3,Married,2,0,15.00,7,7,8,194.00
51853,0,2,Mobile Phone,3,9,Credit Card,Female,3.00,3,Laptop & Accessory,3,Married,2,0,14.00,0,1,2,156.00
51854,0,8,Mobile Phone,1,12,Debit Card,Male,2.00,5,Laptop & Accessory,1,Single,2,0,13.00,0,11,8,166.00
51855,0,6,Computer,1,12,Debit Card,Male,1.00,3,Laptop & Accessory,1,Married,4,0,23.00,3,4,7,177.00
51856,0,27,Mobile Phone,2,25,Credit Card,Male,2.00,3,Fashion,4,Married,3,0,15.00,2,7,1,207.00
51857,0,9,Mobile Phone,1,15,Credit Card,Male,2.00,4,Laptop & Accessory,4,Married,3,1,11.00,0,1,2,188.00
51858,0,9,Phone,1,9,CC,Male,2.00,4,Mobile,1,Single,1,0,13.00,1,1,1,120.00
51859,1,0,Mobile Phone,1,16,Credit Card,Male,2.00,3,Mobile Phone,3,Single,2,1,11.00,1,1,1,110.00
51860,1,0,Computer,1,9,Debit Card,Male,3.00,3,Mobile,5,Single,2,1,11.00,5,9,7,133.00
51861,0,9,Computer,1,9,Debit Card,Male,2.00,4,Mobile Phone,3,Married,2,0,18.00,1,1,0,113.00
51862,0,0,Phone,1,10,CC,Male,3.00,1,Mobile,5,Married,3,0,16.00,0,1,2,128.00
51863,0,0,Phone,3,14,Debit Card,Male,2.00,1,Laptop & Accessory,4,Married,1,0,22.00,1,1,2,149.00
51864,0,11,Phone,3,13,E wallet,Female,2.00,4,Laptop & Accessory,1,Single,1,0,20.00,1,1,5,140.00
51865,0,2,Computer,1,6,Debit Card,Male,3.00,5,Mobile,1,Married,2,0,18.00,0,2,8,127.00
51866,0,21,Mobile Phone,3,8,E wallet,Male,2.00,1,Laptop & Accessory,4,Married,4,0,12.00,0,2,2,181.00
51867,0,0,Computer,3,9,Credit Card,Female,3.00,1,Laptop & Accessory,1,Married,2,1,20.00,1,1,4,146.00
51868,0,10,Phone,1,16,Debit Card,Male,3.00,1,Mobile Phone,1,Single,4,0,17.00,1,1,0,147.00
51869,0,23,Phone,1,34,CC,Male,3.00,1,Mobile,3,Married,2,1,11.00,0,3,8,132.00
51870,0,7,Mobile Phone,1,15,Credit Card,Female,2.00,4,Fashion,4,Single,2,0,14.00,4,7,7,186.00
51871,1,0,Phone,3,9,Debit Card,Female,3.00,3,Laptop & Accessory,3,Single,10,0,14.00,1,2,0,146.00
51872,0,12,Phone,1,8,COD,Female,3.00,4,Laptop & Accessory,3,Single,2,0,11.00,1,11,10,146.00
51873,0,5,Mobile Phone,3,16,E wallet,Male,2.00,3,Laptop & Accessory,1,Single,2,0,12.00,1,1,8,154.00
51874,1,13,Computer,3,14,COD,Male,2.00,3,Laptop & Accessory,3,Married,4,1,14.00,0,1,3,168.00
51875,0,11,Mobile Phone,1,6,Debit Card,Female,2.00,1,Laptop & Accessory,1,Single,1,0,13.00,0,1,8,176.00
51876,0,0,Mobile Phone,1,6,Debit Card,Female,3.00,3,Fashion,5,Married,2,0,11.00,0,1,7,174.00
51877,0,5,Mobile Phone,1,9,Debit Card,Female,2.00,3,Fashion,1,Single,4,0,15.00,6,7,3,212.00
51878,0,20,Mobile Phone,3,20,E wallet,Male,2.00,3,Laptop & Accessory,5,Single,3,0,12.00,1,1,7,150.00
51879,0,13,Computer,3,11,Debit Card,Male,2.00,4,Fashion,5,Married,6,1,21.00,0,1,12,205.00
51880,0,26,Mobile Phone,1,13,Debit Card,Male,2.00,1,Grocery,3,Married,4,0,19.00,0,2,3,248.00
51881,0,14,Mobile Phone,2,16,UPI,Male,3.00,4,Others,1,Married,4,0,15.00,1,12,6,291.00
51882,0,30,Mobile Phone,3,22,E wallet,Male,2.00,3,Laptop & Accessory,5,Single,9,0,14.00,2,2,2,154.00
51883,0,0,Computer,1,16,Debit Card,Male,2.00,3,Fashion,5,Married,2,0,21.00,0,1,7,188.00
51884,0,14,Mobile Phone,2,6,UPI,Male,2.00,4,Others,3,Married,2,0,12.00,1,2,10,292.00
51885,0,23,Phone,3,14,E wallet,Male,2.00,3,Mobile Phone,4,Married,8,0,15.00,0,2,2,139.00
51886,1,9,Phone,1,6,Debit Card,Female,3.00,5,Mobile,4,Single,8,1,13.00,1,3,7,122.00
51887,0,9,Computer,1,14,Debit Card,Female,3.00,1,Fashion,5,Married,10,0,14.00,0,1,3,217.00
51888,0,11,Mobile Phone,1,6,Debit Card,Female,2.00,3,Fashion,3,Single,5,1,14.00,0,1,0,179.00
51889,0,17,Computer,1,30,Credit Card,Male,2.00,5,Mobile Phone,3,Single,3,0,14.00,0,1,4,137.00
51890,0,20,Computer,3,9,Credit Card,Female,2.00,3,Grocery,3,Married,10,1,12.00,1,2,13,238.00
51891,0,3,Mobile Phone,3,33,E wallet,Male,3.00,3,Laptop & Accessory,1,Married,8,0,23.00,2,7,7,153.00
51892,0,2,Phone,3,14,Debit Card,Male,3.00,3,Mobile,3,Single,2,0,11.00,1,1,0,126.00
51893,1,5,Computer,1,25,CC,Male,3.00,1,Mobile,3,Married,7,1,12.00,0,2,2,128.00
51894,0,16,Computer,3,21,Debit Card,Male,2.00,4,Laptop & Accessory,1,Married,4,0,18.00,1,2,2,168.00
51895,0,7,Mobile Phone,1,14,Credit Card,Female,3.00,3,Laptop & Accessory,3,Single,4,0,11.00,0,4,3,161.00
51896,0,0,Phone,1,14,CC,Male,2.00,3,Mobile,5,Married,2,0,14.00,1,1,2,125.00
51897,0,12,Mobile Phone,2,9,UPI,Female,2.00,1,Laptop & Accessory,4,Married,10,0,15.00,0,3,6,164.00
51898,0,29,Mobile Phone,1,15,Credit Card,Male,2.00,3,Grocery,1,Married,8,0,11.00,0,1,3,211.00
51899,0,13,Phone,1,14,CC,Female,2.00,4,Mobile,1,Single,1,1,20.00,0,2,3,123.00
51900,0,0,Mobile Phone,1,13,Credit Card,Female,2.00,4,Laptop & Accessory,5,Single,9,0,19.00,1,1,7,168.00
51901,0,9,Phone,3,16,E wallet,Male,2.00,3,Mobile,4,Married,2,0,14.00,2,2,2,123.00
51902,0,26,Phone,1,14,Debit Card,Male,2.00,3,Laptop & Accessory,1,Single,3,0,17.00,2,2,2,125.00
51903,0,8,Computer,1,8,Debit Card,Female,3.00,3,Laptop & Accessory,5,Married,3,0,11.00,1,1,0,151.00
51904,0,5,Computer,1,30,Debit Card,Male,3.00,3,Laptop & Accessory,1,Married,2,0,15.00,1,4,7,153.00
51905,0,11,Phone,1,8,CC,Male,3.00,3,Mobile,3,Married,7,1,13.00,0,1,1,131.00
51906,0,7,Mobile Phone,1,14,Debit Card,Female,2.00,3,Laptop & Accessory,5,Married,4,0,14.00,1,1,0,151.00
51907,0,25,Mobile Phone,3,9,E wallet,Male,2.00,4,Grocery,5,Married,2,0,11.00,1,1,16,269.00
51908,1,0,Phone,1,6,UPI,Male,3.00,3,Mobile,1,Single,2,1,13.00,6,7,8,127.00
51909,0,0,Mobile Phone,3,32,Credit Card,Female,2.00,3,Laptop & Accessory,1,Single,2,0,23.00,0,1,4,162.00
51910,0,18,Mobile Phone,3,8,COD,Male,2.00,5,Laptop & Accessory,3,Single,1,0,13.00,1,3,1,166.00
51911,0,0,Phone,1,16,Credit Card,Male,3.00,1,Mobile,3,Single,2,0,18.00,0,1,2,135.00
51912,1,10,Computer,3,33,Debit Card,Female,3.00,1,Laptop & Accessory,3,Single,5,1,12.00,0,1,3,164.00
51913,0,7,Mobile Phone,3,8,UPI,Male,2.00,3,Laptop & Accessory,1,Single,2,0,22.00,0,1,4,163.00
51914,1,18,Mobile Phone,1,8,Credit Card,Male,3.00,3,Others,5,Married,6,1,15.00,1,1,4,299.00
51915,0,9,Computer,3,14,Debit Card,Male,3.00,4,Fashion,5,Single,2,0,15.00,0,1,9,176.00
51916,0,25,Computer,1,25,Credit Card,Male,2.00,3,Mobile Phone,1,Married,1,0,18.00,1,1,2,143.00
51917,0,0,Computer,1,6,Debit Card,Female,3.00,5,Mobile Phone,1,Married,4,0,14.00,2,2,0,144.00
51918,0,2,Phone,1,33,Credit Card,Female,3.00,3,Laptop & Accessory,3,Married,5,0,12.00,0,1,1,143.00
51919,1,0,Mobile Phone,3,14,COD,Male,2.00,4,Laptop & Accessory,5,Single,7,0,17.00,0,1,2,153.00
51920,0,7,Phone,1,6,Debit Card,Female,3.00,1,Mobile,1,Single,3,0,16.00,1,1,3,133.00
51921,0,27,Mobile Phone,1,25,Credit Card,Female,3.00,3,Laptop & Accessory,5,Married,10,1,11.00,0,1,4,155.00
51922,0,0,Computer,3,14,E wallet,Male,2.00,3,Laptop & Accessory,1,Married,1,0,19.00,1,1,1,143.00
51923,0,10,Phone,1,16,Debit Card,Female,3.00,3,Mobile,5,Married,1,1,13.00,4,4,3,128.00
51924,0,11,Computer,1,8,Debit Card,Female,3.00,1,Laptop & Accessory,5,Single,7,1,12.00,0,4,12,160.00
51925,0,7,Phone,1,8,Credit Card,Female,2.00,4,Mobile Phone,5,Single,2,0,11.00,1,1,3,144.00
51926,0,8,Phone,3,14,Debit Card,Female,3.00,3,Mobile,1,Married,2,0,16.00,1,1,2,126.00
51927,0,3,Phone,1,6,Debit Card,Male,2.00,5,Mobile Phone,3,Married,4,0,21.00,1,1,2,138.00
51928,0,13,Computer,1,8,Credit Card,Female,2.00,1,Laptop & Accessory,4,Married,2,0,24.00,0,3,7,142.00
51929,0,7,Mobile Phone,3,14,Debit Card,Female,3.00,3,Laptop & Accessory,5,Married,6,0,17.00,1,1,2,165.00
51930,0,15,Computer,1,14,Debit Card,Male,3.00,3,Others,1,Married,2,0,13.00,1,14,9,284.00
51931,1,9,Mobile Phone,1,12,Debit Card,Male,3.00,1,Mobile Phone,5,Married,2,1,21.00,0,1,0,116.00
51932,0,0,Computer,1,15,Debit Card,Male,3.00,4,Mobile,4,Married,2,0,11.00,0,1,0,127.00
51933,0,25,Phone,1,17,Debit Card,Female,3.00,3,Laptop & Accessory,3,Married,9,0,20.00,1,1,4,131.00
51934,0,23,Mobile Phone,1,8,Credit Card,Male,3.00,3,Grocery,3,Married,6,0,16.00,1,1,3,276.00
51935,1,0,Phone,1,14,Debit Card,Female,2.00,4,Mobile,5,Married,2,1,11.00,0,1,0,123.00
51936,0,6,Mobile Phone,1,13,Credit Card,Male,2.00,3,Fashion,3,Married,1,0,11.00,1,3,3,217.00
51937,1,0,Mobile Phone,3,22,E wallet,Female,3.00,3,Laptop & Accessory,5,Single,6,0,15.00,1,1,2,153.00
51938,0,20,Mobile Phone,1,8,UPI,Female,2.00,3,Grocery,1,Married,2,1,11.00,1,3,0,268.00
51939,0,9,Mobile Phone,1,6,UPI,Female,2.00,3,Laptop & Accessory,4,Married,1,0,15.00,1,1,5,152.00
51940,0,2,Phone,1,29,Debit Card,Male,3.00,1,Mobile,3,Married,2,0,24.00,1,1,7,127.00
51941,1,20,Mobile Phone,1,8,Debit Card,Male,2.00,3,Others,4,Single,8,1,15.00,7,13,8,292.00
51942,0,8,Phone,1,14,Debit Card,Female,2.00,1,Mobile,3,Single,4,0,13.00,2,2,2,125.00
51943,0,15,Mobile Phone,1,6,Debit Card,Female,2.00,4,Laptop & Accessory,1,Married,10,1,13.00,0,1,2,161.00
51944,1,0,Phone,1,8,Credit Card,Male,2.00,3,Mobile Phone,3,Single,7,0,17.00,2,2,1,144.00
51945,0,9,Phone,2,19,UPI,Male,2.00,3,Mobile,4,Married,5,0,13.00,1,1,4,121.00
51946,0,5,Mobile Phone,1,10,Debit Card,Female,3.00,4,Laptop & Accessory,3,Married,2,0,12.00,5,6,8,162.00
51947,0,13,Computer,1,22,Credit Card,Male,2.00,4,Laptop & Accessory,3,Single,7,0,14.00,0,1,0,151.00
51948,0,3,Mobile Phone,1,8,Credit Card,Female,2.00,4,Laptop & Accessory,1,Single,6,1,24.00,1,1,0,169.00
51949,0,9,Phone,1,8,Debit Card,Female,3.00,4,Mobile,3,Single,2,0,14.00,1,1,0,123.00
51950,0,15,Phone,1,35,Debit Card,Male,3.00,3,Laptop & Accessory,4,Married,2,0,13.00,5,7,8,144.00
51951,0,11,Computer,1,18,Debit Card,Male,0.00,4,Laptop & Accessory,5,Married,3,0,15.00,1,1,2,163.00
51952,0,7,Computer,1,14,Debit Card,Female,3.00,4,Mobile,1,Single,2,0,16.00,1,1,3,126.00
51953,1,12,Mobile Phone,3,17,E wallet,Female,2.00,3,Fashion,1,Married,2,0,18.00,0,7,7,177.00
51954,1,18,Mobile Phone,3,8,Credit Card,Male,2.00,3,Laptop & Accessory,1,Single,5,0,16.00,1,7,3,152.00
51955,0,16,Mobile Phone,1,20,Debit Card,Male,3.00,3,Grocery,5,Married,7,0,24.00,1,1,0,272.00
51956,0,0,Mobile Phone,1,11,Cash on Delivery,Male,2.00,4,Fashion,1,Married,2,1,16.00,1,1,3,228.00
51957,0,8,Mobile Phone,1,13,UPI,Male,2.00,3,Fashion,3,Single,4,0,21.00,0,1,6,202.00
51958,0,1,Phone,3,8,E wallet,Female,2.00,3,Laptop & Accessory,4,Married,2,1,20.00,6,7,5,148.00
51959,0,7,Phone,2,9,UPI,Male,2.00,3,Mobile Phone,1,Married,1,0,19.00,1,1,2,137.00
51960,1,0,Computer,1,14,CC,Female,2.00,4,Mobile,3,Married,2,1,14.00,0,1,7,124.00
51961,0,9,Computer,1,9,Credit Card,Male,2.00,3,Mobile Phone,1,Married,2,0,11.00,0,1,0,117.00
51962,0,24,Mobile Phone,3,32,E wallet,Female,3.00,3,Grocery,3,Married,3,0,14.00,1,4,17,263.00
51963,0,17,Mobile Phone,1,10,Credit Card,Male,2.00,3,Laptop & Accessory,4,Single,10,0,12.00,1,2,3,159.00
51965,0,6,Phone,3,6,Credit Card,Male,2.00,1,Laptop & Accessory,5,Married,2,0,22.00,0,1,8,140.00
51966,0,8,Phone,1,14,CC,Female,2.00,4,Mobile,5,Single,2,0,11.00,0,1,1,126.00
51967,0,9,Mobile Phone,3,6,Debit Card,Male,2.00,3,Laptop & Accessory,1,Married,2,1,14.00,3,4,11,162.00
51968,0,5,Phone,3,19,Debit Card,Male,3.00,3,Laptop & Accessory,1,Married,3,0,11.00,0,1,3,144.00
51969,0,3,Computer,1,11,Debit Card,Male,3.00,4,Mobile Phone,1,Married,10,0,12.00,0,1,3,138.00
51970,0,26,Mobile Phone,3,13,E wallet,Female,3.00,4,Fashion,1,Married,8,1,18.00,0,1,3,209.00
51971,0,18,Mobile Phone,3,15,E wallet,Male,3.00,3,Fashion,5,Married,5,1,12.00,0,1,2,208.00
51972,0,5,Mobile Phone,1,14,Credit Card,Female,3.00,1,Laptop & Accessory,3,Married,6,0,12.00,1,1,3,152.00
51973,0,25,Computer,1,31,Credit Card,Female,2.00,4,Grocery,1,Married,4,0,22.00,0,2,0,238.00
51974,0,10,Mobile Phone,3,22,E wallet,Male,3.00,4,Laptop & Accessory,3,Married,5,0,19.00,1,1,0,163.00
51975,0,1,Phone,2,14,Credit Card,Male,3.00,4,Mobile Phone,1,Married,2,0,13.00,1,1,4,149.00
51976,0,0,Phone,1,6,Debit Card,Male,2.00,4,Laptop & Accessory,1,Married,7,0,22.00,2,2,2,148.00
51978,0,15,Computer,1,14,CC,Male,2.00,3,Mobile,1,Single,6,1,14.00,1,2,2,125.00
51979,0,9,Phone,2,14,Debit Card,Male,3.00,4,Mobile,5,Married,1,0,21.00,0,1,3,123.00
51980,0,0,Phone,3,9,UPI,Male,3.00,3,Laptop & Accessory,5,Married,2,1,18.00,0,1,3,142.00
51981,0,8,Mobile Phone,1,15,Debit Card,Female,3.00,4,Fashion,3,Married,2,1,20.00,3,5,15,207.00
51982,1,9,Computer,1,31,Debit Card,Female,3.00,3,Mobile,4,Married,2,1,19.00,6,7,8,120.00
51983,0,5,Computer,1,6,Debit Card,Male,3.00,3,Mobile,1,Married,1,0,12.00,1,1,2,123.00
51984,0,0,Phone,3,10,E wallet,Male,2.00,4,Laptop & Accessory,5,Married,2,0,12.00,1,1,3,143.00
51985,0,22,Phone,1,6,COD,Female,2.00,3,Mobile Phone,5,Married,3,0,16.00,0,1,2,136.00
51986,0,0,Computer,1,10,Debit Card,Male,2.00,4,Mobile,1,Married,1,0,17.00,0,3,4,132.00
51987,0,5,Computer,3,11,Debit Card,Male,2.00,3,Laptop & Accessory,4,Married,2,0,14.00,2,5,3,165.00
51988,0,11,Phone,3,15,E wallet,Male,3.00,4,Mobile,4,Married,1,0,19.00,0,1,2,129.00
51989,0,15,Mobile Phone,1,9,Debit Card,Female,3.00,1,Laptop & Accessory,1,Married,3,1,13.00,1,1,3,152.00
51990,0,4,Phone,1,14,Debit Card,Male,2.00,3,Mobile,1,Married,4,1,19.00,0,1,2,124.00
51991,1,0,Phone,3,6,CC,Female,3.00,4,Mobile,3,Married,7,1,19.00,1,1,2,128.00
51992,0,26,Mobile Phone,3,14,E wallet,Male,3.00,3,Grocery,1,Married,6,0,14.00,2,2,3,218.00
51993,0,8,Mobile Phone,1,31,Cash on Delivery,Male,3.00,4,Fashion,4,Married,4,0,16.00,2,4,8,209.00
51994,0,10,Computer,3,27,CC,Female,3.00,3,Mobile,1,Married,6,0,15.00,1,1,0,130.00
51995,0,26,Mobile Phone,1,29,Debit Card,Female,3.00,3,Grocery,1,Single,7,0,18.00,3,2,8,243.00
51996,0,16,Computer,1,6,Debit Card,Female,2.00,3,Laptop & Accessory,1,Married,5,0,13.00,1,2,2,156.00
51997,0,20,Phone,3,8,E wallet,Female,2.00,3,Laptop & Accessory,1,Married,1,1,22.00,3,7,7,145.00
51998,0,10,Computer,3,25,Credit Card,Male,2.00,3,Fashion,4,Single,2,1,13.00,0,1,9,176.00
51999,0,23,Computer,1,8,Debit Card,Male,3.00,3,Grocery,5,Married,2,0,11.00,1,14,7,279.00
52000,0,12,Mobile Phone,2,8,Debit Card,Female,2.00,4,Laptop & Accessory,1,Married,9,0,11.00,1,1,4,152.00
52001,0,9,Phone,2,9,UPI,Male,2.00,3,Mobile,4,Married,4,1,11.00,0,1,3,123.00
52002,1,0,Phone,1,31,Debit Card,Male,3.00,3,Mobile,1,Single,2,1,24.00,0,1,1,128.00
52003,0,2,Phone,1,14,CC,Female,3.00,4,Mobile,1,Married,7,0,14.00,1,1,3,125.00
52004,0,17,Phone,1,14,Debit Card,Male,3.00,3,Mobile,5,Married,2,1,13.00,5,7,1,126.00
52005,0,1,Phone,3,11,Credit Card,Male,3.00,3,Laptop & Accessory,1,Single,2,0,14.00,0,1,2,149.00
52006,1,20,Computer,1,14,Debit Card,Male,2.00,4,Mobile,1,Married,10,1,14.00,1,1,0,124.00
52007,0,16,Phone,1,14,Debit Card,Female,2.00,3,Laptop & Accessory,4,Married,5,0,21.00,1,1,0,148.00
52008,1,9,Phone,3,8,CC,Female,2.00,4,Mobile,3,Single,2,0,13.00,1,1,2,120.00
52009,1,0,Phone,1,24,UPI,Female,3.00,3,Mobile,1,Single,2,0,19.00,1,1,0,127.00
52010,0,9,Mobile Phone,1,20,Debit Card,Male,3.00,3,Laptop & Accessory,1,Married,1,1,17.00,2,4,11,166.00
52011,0,20,Phone,3,8,Debit Card,Female,3.00,4,Mobile,1,Single,2,1,18.00,0,1,2,133.00
52012,1,0,Phone,1,9,Debit Card,Female,2.00,3,Laptop & Accessory,3,Married,1,1,19.00,1,1,2,142.00
52013,1,4,Phone,1,8,Debit Card,Female,3.00,5,Mobile,1,Married,5,1,13.00,0,1,0,128.00
52014,0,1,Phone,1,14,CC,Female,3.00,3,Mobile,3,Married,6,0,18.00,0,2,2,124.00
52015,1,2,Phone,1,14,CC,Male,3.00,3,Mobile,5,Married,8,1,21.00,1,2,2,124.00
52016,0,0,Phone,1,14,Debit Card,Female,3.00,3,Mobile,3,Single,2,0,19.00,0,1,0,123.00
52017,0,9,Mobile Phone,1,16,Debit Card,Male,2.00,3,Mobile,4,Married,2,0,14.00,1,1,0,120.00
52018,0,15,Mobile Phone,3,20,Credit Card,Female,3.00,4,Laptop & Accessory,3,Single,8,0,17.00,1,1,3,162.00
52019,0,6,Phone,1,6,UPI,Male,3.00,4,Mobile,5,Single,4,1,11.00,1,1,2,128.00
52020,0,30,Mobile Phone,1,11,Cash on Delivery,Female,2.00,4,Fashion,4,Married,3,1,13.00,1,1,4,206.00
52021,0,4,Phone,3,14,Debit Card,Male,2.00,4,Mobile,3,Married,4,0,15.00,2,5,2,123.00
52022,0,8,Phone,1,27,Debit Card,Female,2.00,3,Laptop & Accessory,1,Married,2,1,25.00,0,1,7,140.00
52023,0,22,Mobile Phone,1,14,UPI,Female,2.00,3,Fashion,4,Married,5,0,11.00,0,1,7,174.00
52024,0,9,Phone,1,26,CC,Male,2.00,3,Mobile,3,Married,5,0,17.00,1,1,0,123.00
52025,0,4,Computer,3,26,E wallet,Female,2.00,3,Laptop & Accessory,3,Married,2,0,13.00,1,1,0,169.00
52026,0,9,Phone,1,13,UPI,Male,3.00,3,Mobile Phone,1,Single,3,0,18.00,1,1,1,147.00
52027,0,11,Mobile Phone,1,6,Cash on Delivery,Female,3.00,3,Fashion,5,Married,2,0,13.00,4,2,11,236.00
52028,0,5,Computer,1,14,Debit Card,Female,3.00,4,Mobile,4,Married,7,0,20.00,0,1,2,123.00
52029,1,0,Phone,3,14,E wallet,Male,2.00,4,Mobile,4,Married,2,1,18.00,0,1,0,124.00
52030,0,13,Mobile Phone,3,16,E wallet,Male,3.00,4,Fashion,4,Married,3,0,12.00,0,1,0,197.00
52031,0,0,Computer,3,6,Credit Card,Male,2.00,4,Laptop & Accessory,5,Single,2,0,12.00,0,1,7,143.00
52032,0,14,Phone,1,12,Credit Card,Male,2.00,3,Mobile Phone,5,Single,3,1,13.00,1,2,17,147.00
52033,0,9,Phone,1,14,CC,Male,3.00,3,Mobile,3,Single,5,0,21.00,1,3,9,125.00
52034,1,9,Phone,3,27,UPI,Male,2.00,4,Mobile,4,Single,2,1,13.00,1,1,0,121.00
52035,1,0,Phone,1,10,COD,Male,3.00,3,Mobile,5,Single,2,0,19.00,1,1,0,130.00
52036,0,4,Mobile Phone,1,18,Credit Card,Female,2.00,3,Laptop & Accessory,1,Married,1,1,11.00,6,8,5,159.00
52037,0,13,Computer,1,15,Credit Card,Male,2.00,3,Mobile Phone,4,Married,9,1,14.00,0,1,0,136.00
52038,0,5,Mobile Phone,1,9,Credit Card,Female,3.00,3,Laptop & Accessory,5,Married,2,0,12.00,1,6,3,167.00
52039,1,0,Mobile Phone,3,9,Debit Card,Male,2.00,4,Fashion,1,Married,2,1,11.00,3,3,7,203.00
52040,0,6,Mobile Phone,1,6,Debit Card,Female,2.00,4,Laptop & Accessory,1,Single,1,0,14.00,1,1,4,169.00
52041,1,0,Mobile Phone,3,6,Debit Card,Male,2.00,4,Fashion,3,Married,6,0,11.00,5,11,46,206.00
52042,0,18,Computer,1,10,Debit Card,Male,2.00,3,Laptop & Accessory,4,Married,2,0,12.00,1,1,8,144.00
52043,0,9,Computer,3,26,Cash on Delivery,Female,2.00,3,Mobile,1,Married,2,0,15.00,0,1,2,122.00
52044,0,8,Phone,3,24,Credit Card,Female,2.00,3,Laptop & Accessory,3,Married,2,0,16.00,1,1,0,146.00
52045,0,25,Mobile Phone,1,6,Debit Card,Male,3.00,3,Grocery,1,Married,3,0,15.00,1,7,8,271.00
52046,1,20,Phone,1,14,COD,Male,2.00,3,Mobile,3,Single,5,0,24.00,0,1,0,125.00
52047,0,26,Mobile Phone,3,8,Credit Card,Male,2.00,3,Grocery,3,Married,7,0,13.00,11,2,2,249.00
52048,0,3,Mobile Phone,3,14,UPI,Male,3.00,3,Fashion,3,Married,6,0,11.00,2,7,7,173.00
52049,0,11,Computer,3,16,COD,Female,2.00,3,Laptop & Accessory,1,Single,2,1,13.00,1,1,3,157.00
52050,0,8,Mobile Phone,3,9,Debit Card,Male,3.00,3,Fashion,1,Married,7,0,13.00,0,1,8,178.00
52051,0,12,Mobile Phone,3,8,Debit Card,Male,2.00,1,Fashion,3,Single,1,0,18.00,0,1,7,179.00
52052,1,3,Computer,3,30,Debit Card,Female,3.00,1,Grocery,4,Single,5,1,16.00,1,2,0,232.00
52053,0,20,Computer,1,22,Credit Card,Male,3.00,1,Laptop & Accessory,3,Married,2,1,19.00,1,2,7,151.00
52054,0,9,Computer,3,14,COD,Male,2.00,3,Laptop & Accessory,1,Married,5,0,13.00,1,1,7,151.00
52055,1,0,Computer,1,14,CC,Male,2.00,4,Mobile,5,Single,1,1,22.00,0,1,2,123.00
52056,0,6,Computer,3,23,Debit Card,Male,2.00,3,Grocery,3,Single,2,0,11.00,1,6,0,274.00
52057,1,0,Phone,1,14,Debit Card,Female,3.00,4,Mobile,5,Single,7,1,20.00,1,1,0,124.00
52058,0,6,Phone,1,19,Debit Card,Female,2.00,3,Mobile,1,Single,4,0,18.00,1,1,2,135.00
52059,0,9,Phone,1,6,CC,Female,3.00,3,Mobile,1,Married,4,0,14.00,1,1,2,123.00
52060,0,23,Mobile Phone,1,6,Credit Card,Male,3.00,3,Grocery,1,Married,10,0,22.00,1,1,3,274.00
52061,0,6,Computer,1,6,UPI,Female,2.00,1,Laptop & Accessory,4,Married,2,1,13.00,1,1,2,155.00
52062,0,14,Computer,1,15,Credit Card,Male,3.00,3,Others,3,Married,3,0,15.00,0,1,11,294.00
52063,0,0,Phone,1,22,COD,Female,3.00,3,Mobile,4,Married,10,0,14.00,2,2,2,128.00
52064,0,18,Computer,1,29,Debit Card,Male,2.00,3,Laptop & Accessory,5,Married,2,1,15.00,1,1,8,136.00
52065,0,20,Phone,3,10,Debit Card,Female,2.00,3,Laptop & Accessory,1,Single,2,1,17.00,1,1,7,142.00
52066,1,9,Phone,1,28,Debit Card,Female,2.00,3,Mobile,3,Married,5,1,11.00,0,1,1,121.00
52067,0,23,Mobile Phone,1,30,Debit Card,Male,3.00,3,Grocery,3,Married,4,1,18.00,1,2,5,240.00
52068,0,11,Computer,1,16,CC,Male,3.00,3,Mobile,3,Married,1,0,17.00,0,1,2,127.00
52069,0,19,Mobile Phone,1,13,Credit Card,Male,3.00,3,Fashion,3,Married,7,0,13.00,1,1,7,208.00
52070,0,0,Phone,1,23,Credit Card,Female,2.00,4,Laptop & Accessory,3,Married,2,0,15.00,0,3,2,144.00
52071,1,0,Phone,1,20,UPI,Male,2.00,4,Mobile Phone,4,Married,2,1,24.00,1,1,2,137.00
52072,0,4,Computer,1,6,Debit Card,Female,3.00,3,Laptop & Accessory,5,Married,2,0,12.00,1,1,3,141.00
52073,0,0,Computer,1,11,Debit Card,Male,3.00,3,Mobile Phone,1,Single,2,0,15.00,0,1,0,111.00
52074,0,27,Mobile Phone,1,23,Cash on Delivery,Female,2.00,3,Fashion,3,Married,9,0,11.00,0,1,8,207.00
52075,0,8,Mobile Phone,1,31,Credit Card,Female,2.00,3,Fashion,3,Married,2,1,11.00,0,10,1,204.00
52076,0,3,Mobile Phone,1,14,Debit Card,Female,3.00,1,Fashion,5,Married,1,1,12.00,0,1,3,214.00
52077,1,0,Phone,1,14,CC,Female,3.00,4,Mobile,5,Single,2,1,15.00,1,1,0,126.00
52078,1,0,Computer,1,14,CC,Female,2.00,3,Mobile,4,Single,1,0,17.00,0,1,2,124.00
52079,0,0,Mobile Phone,1,8,Credit Card,Male,2.00,1,Laptop & Accessory,1,Married,2,0,12.00,1,1,3,155.00
52080,0,0,Phone,1,14,Debit Card,Male,3.00,5,Mobile,5,Married,2,0,15.00,0,1,1,125.00
52081,0,21,Phone,1,12,Debit Card,Male,3.00,4,Laptop & Accessory,3,Single,3,0,13.00,0,2,2,142.00
52082,0,21,Mobile Phone,1,10,Debit Card,Male,3.00,4,Fashion,3,Single,8,0,14.00,1,4,3,210.00
52083,0,14,Mobile Phone,1,13,Credit Card,Female,2.00,3,Laptop & Accessory,3,Single,7,0,14.00,2,2,1,150.00
52084,0,12,Mobile Phone,1,6,Debit Card,Female,3.00,4,Grocery,1,Married,2,0,16.00,9,11,3,227.00
52085,0,0,Phone,1,8,Debit Card,Female,2.00,3,Laptop & Accessory,1,Married,1,0,18.00,2,2,2,142.00
52086,0,8,Phone,1,16,UPI,Male,2.00,3,Mobile Phone,1,Married,2,0,20.00,0,1,2,139.00
52087,0,0,Mobile Phone,3,11,E wallet,Male,2.00,3,Others,3,Married,7,0,13.00,1,1,0,283.00
52088,0,23,Phone,1,14,Debit Card,Male,3.00,3,Mobile,1,Married,5,0,18.00,1,1,0,124.00
52089,0,30,Mobile Phone,1,8,Debit Card,Female,3.00,4,Grocery,1,Single,4,1,13.00,4,2,3,237.00
52090,1,0,Phone,1,17,Credit Card,Female,3.00,5,Laptop & Accessory,4,Married,6,0,15.00,1,1,0,148.00
52091,0,28,Computer,1,24,Credit Card,Male,3.00,3,Laptop & Accessory,4,Married,4,1,14.00,2,6,7,164.00
52092,0,14,Computer,1,13,Debit Card,Female,2.00,5,Others,3,Married,2,0,15.00,5,5,10,300.00
52093,0,11,Mobile Phone,3,9,Debit Card,Male,2.00,3,Laptop & Accessory,1,Single,9,1,12.00,1,1,0,169.00
52094,1,0,Computer,3,35,Credit Card,Male,3.00,5,Laptop & Accessory,5,Single,9,0,18.00,1,2,2,150.00
52095,1,15,Mobile Phone,3,8,E wallet,Female,2.00,5,Others,1,Married,2,0,15.00,3,6,9,298.00
52096,0,17,Mobile Phone,3,34,Credit Card,Female,2.00,1,Grocery,1,Married,4,1,18.00,4,2,11,233.00
52097,0,23,Computer,3,6,Debit Card,Female,3.00,3,Laptop & Accessory,3,Married,1,0,12.00,0,1,13,163.00
52098,1,0,Phone,1,22,Debit Card,Female,3.00,1,Mobile,5,Single,2,0,16.00,3,15,14,127.00
52099,0,12,Computer,1,28,Credit Card,Female,2.00,3,Fashion,5,Single,2,1,13.00,1,2,8,209.00
52100,0,6,Computer,3,14,Debit Card,Female,2.00,4,Mobile,1,Single,1,0,19.00,0,2,2,123.00
52101,0,18,Mobile Phone,3,17,Debit Card,Female,2.00,3,Grocery,1,Married,4,0,13.00,1,1,1,277.00
52102,0,5,Computer,1,35,Credit Card,Female,3.00,3,Mobile Phone,3,Single,10,0,12.00,6,7,7,140.00
52103,0,7,Mobile Phone,3,6,E wallet,Male,3.00,1,Laptop & Accessory,1,Married,1,0,11.00,0,1,9,197.00
52104,0,30,Mobile Phone,3,6,Cash on Delivery,Male,3.00,3,Fashion,1,Married,4,1,14.00,1,1,3,219.00
52105,0,9,Phone,2,30,CC,Male,2.00,3,Mobile,4,Single,2,0,16.00,0,1,4,122.00
52106,0,26,Computer,3,8,E wallet,Female,2.00,4,Fashion,4,Married,3,0,12.00,5,6,12,175.00
52107,1,0,Phone,1,21,UPI,Male,2.00,3,Laptop & Accessory,3,Married,8,0,14.00,0,1,0,148.00
52108,1,9,Computer,1,8,Debit Card,Male,2.00,3,Mobile,5,Married,7,1,14.00,0,1,2,120.00
52109,0,9,Phone,3,16,Debit Card,Female,2.00,3,Mobile,3,Married,2,1,19.00,0,1,0,122.00
52110,0,1,Mobile Phone,3,16,Credit Card,Male,3.00,3,Mobile Phone,4,Married,2,0,22.00,0,1,0,111.00
52111,0,11,Computer,1,9,UPI,Male,3.00,3,Mobile,3,Married,4,0,16.00,2,2,2,128.00
52112,0,23,Mobile Phone,1,8,Credit Card,Male,3.00,3,Others,3,Married,3,1,15.00,4,7,7,292.00
52113,0,10,Phone,1,9,UPI,Female,2.00,3,Laptop & Accessory,4,Single,4,0,15.00,1,1,1,141.00
52114,0,13,Mobile Phone,3,32,E wallet,Male,3.00,3,Laptop & Accessory,5,Married,2,0,14.00,3,7,5,184.00
52115,0,9,Computer,1,6,CC,Female,3.00,4,Mobile,3,Married,2,0,13.00,0,1,3,120.00
52116,0,19,Mobile Phone,1,6,Credit Card,Male,2.00,3,Others,1,Married,10,0,15.00,1,2,2,296.00
52117,0,27,Mobile Phone,3,8,Debit Card,Female,2.00,4,Fashion,3,Married,7,0,11.00,6,7,0,207.00
52118,0,29,Computer,1,15,CC,Female,3.00,3,Mobile,3,Married,3,0,19.00,1,1,3,129.00
52119,0,9,Mobile Phone,1,18,Credit Card,Female,2.00,4,Fashion,1,Single,1,0,11.00,5,7,8,189.00
52120,0,28,Computer,1,8,Credit Card,Male,2.00,4,Grocery,5,Single,8,0,15.00,1,6,2,268.00
52121,0,16,Mobile Phone,3,31,Credit Card,Male,3.00,4,Fashion,1,Married,6,0,13.00,1,1,0,208.00
52122,1,0,Computer,3,14,E wallet,Female,2.00,3,Mobile,1,Single,2,1,14.00,1,1,2,123.00
52123,1,9,Mobile Phone,1,16,Debit Card,Female,2.00,4,Mobile Phone,5,Single,2,0,13.00,0,1,0,114.00
52124,0,19,Phone,1,14,Debit Card,Female,3.00,4,Laptop & Accessory,5,Married,9,1,23.00,1,1,7,146.00
52125,1,14,Phone,1,14,Debit Card,Male,2.00,3,Mobile,3,Married,10,1,12.00,0,2,7,125.00
52126,1,0,Computer,1,30,COD,Male,3.00,4,Fashion,5,Single,2,0,12.00,1,1,9,187.00
52127,0,0,Phone,1,6,Credit Card,Male,2.00,4,Mobile Phone,5,Married,2,0,16.00,1,1,3,140.00
52128,0,3,Mobile Phone,1,26,UPI,Male,2.00,3,Laptop & Accessory,5,Married,1,0,15.00,0,1,2,200.00
52129,0,14,Phone,1,13,COD,Female,2.00,1,Mobile,3,Married,2,0,13.00,0,1,8,134.00
52130,0,11,Mobile Phone,1,23,Debit Card,Female,3.00,4,Fashion,3,Married,1,0,18.00,1,1,9,188.00
52131,0,13,Mobile Phone,1,26,Cash on Delivery,Male,3.00,3,Fashion,1,Married,5,0,20.00,3,11,1,203.00
52132,0,0,Computer,1,14,Debit Card,Male,2.00,5,Mobile Phone,3,Married,2,0,19.00,1,1,2,146.00
52133,0,28,Computer,1,8,Debit Card,Male,3.00,3,Fashion,4,Married,4,0,18.00,0,1,3,210.00
52134,0,1,Phone,1,16,UPI,Female,2.00,3,Laptop & Accessory,3,Single,4,0,13.00,0,1,7,137.00
52135,1,7,Mobile Phone,2,6,Credit Card,Male,3.00,4,Fashion,5,Married,10,0,14.00,2,3,6,205.00
52136,0,6,Mobile Phone,1,11,Debit Card,Male,2.00,4,Fashion,1,Married,5,0,15.00,1,1,2,171.00
52137,1,0,Mobile Phone,3,10,Cash on Delivery,Male,2.00,3,Fashion,5,Single,1,1,22.00,2,4,7,196.00
52138,1,0,Computer,1,35,Credit Card,Female,2.00,4,Laptop & Accessory,3,Single,2,0,22.00,2,3,8,145.00
52139,0,9,Phone,1,21,Debit Card,Male,2.00,3,Mobile,3,Married,2,0,16.00,0,2,2,122.00
52140,0,7,Computer,1,9,Debit Card,Male,2.00,3,Laptop & Accessory,1,Single,1,0,17.00,1,1,4,178.00
52141,0,10,Mobile Phone,3,16,Debit Card,Female,2.00,4,Laptop & Accessory,1,Married,3,1,14.00,1,1,0,167.00
52142,1,0,Phone,1,10,COD,Male,2.00,3,Mobile Phone,1,Married,2,1,15.00,4,5,6,137.00
52143,1,0,Phone,1,14,CC,Male,2.00,3,Mobile,3,Married,2,0,20.00,1,1,0,124.00
52144,1,0,Phone,1,31,CC,Male,2.00,4,Mobile,4,Single,5,1,20.00,1,2,2,123.00
52145,0,15,Mobile Phone,1,8,Credit Card,Male,2.00,3,Grocery,5,Married,1,0,17.00,1,13,7,277.00
52146,1,0,Computer,1,14,CC,Male,2.00,4,Mobile,4,Married,2,0,15.00,1,1,0,126.00
52147,1,13,Computer,3,6,UPI,Male,2.00,3,Laptop & Accessory,3,Single,4,1,14.00,1,1,0,147.00
52148,0,6,Computer,3,13,Debit Card,Female,1.00,3,Laptop & Accessory,4,Married,1,0,17.00,0,1,2,143.00
52149,0,7,Computer,1,9,Debit Card,Male,3.00,4,Mobile,1,Married,4,0,17.00,0,1,0,130.00
52150,0,21,Computer,1,6,Credit Card,Male,2.00,1,Grocery,1,Single,3,0,22.00,1,2,1,269.00
52151,0,18,Computer,3,15,Debit Card,Female,3.00,4,Laptop & Accessory,3,Married,2,0,13.00,4,4,12,156.00
52152,0,25,Mobile Phone,1,5,Debit Card,Male,2.00,3,Fashion,4,Single,8,0,19.00,2,4,0,204.00
52153,0,11,Mobile Phone,3,16,E wallet,Male,3.00,4,Fashion,3,Married,1,1,14.00,1,2,7,187.00
52154,0,2,Phone,1,14,Debit Card,Female,3.00,3,Mobile,1,Married,5,0,22.00,1,1,7,125.00
52155,0,1,Mobile Phone,1,9,Credit Card,Female,3.00,3,Fashion,4,Married,1,0,17.00,0,1,7,177.00
52156,0,19,Mobile Phone,3,9,E wallet,Male,2.00,3,Grocery,3,Married,4,0,12.00,1,4,9,275.00
52157,0,11,Mobile Phone,3,8,E wallet,Male,2.00,3,Fashion,4,Single,8,0,16.00,1,1,0,174.00
52158,0,16,Computer,1,33,Debit Card,Female,2.00,3,Fashion,5,Married,9,0,11.00,1,1,1,208.00
52159,1,2,Computer,1,8,Debit Card,Male,2.00,3,Grocery,1,Married,8,0,11.00,10,11,3,222.00
52160,0,13,Mobile Phone,1,20,Credit Card,Male,2.00,4,Others,3,Single,2,0,15.00,3,4,9,296.00
52161,0,9,Phone,1,6,Cash on Delivery,Female,3.00,4,Mobile,4,Single,2,1,11.00,1,2,2,121.00
52162,0,12,Computer,1,15,Debit Card,Male,3.00,3,Laptop & Accessory,4,Single,10,0,15.00,1,1,3,168.00
52163,0,9,Computer,1,24,Debit Card,Male,3.00,3,Laptop & Accessory,1,Single,3,0,20.00,0,1,9,178.00
52164,0,4,Computer,3,26,Debit Card,Male,3.00,1,Mobile,1,Married,1,0,12.00,2,2,2,128.00
52165,0,1,Phone,1,8,Debit Card,Male,3.00,4,Mobile,4,Married,1,0,17.00,0,1,4,132.00
52166,0,8,Computer,3,17,E wallet,Male,2.00,3,Laptop & Accessory,1,Married,2,0,11.00,1,1,2,150.00
52167,0,22,Mobile Phone,3,14,Cash on Delivery,Male,2.00,4,Grocery,4,Married,7,0,17.00,1,2,3,231.00
52168,0,7,Computer,1,8,Debit Card,Male,3.00,3,Laptop & Accessory,3,Single,3,0,11.00,1,1,2,140.00
52169,0,2,Computer,1,16,Debit Card,Female,3.00,3,Mobile,4,Married,1,0,14.00,0,1,1,133.00
52170,0,15,Phone,1,35,Credit Card,Male,2.00,5,Laptop & Accessory,1,Single,5,0,19.00,1,1,0,143.00
52171,0,2,Mobile Phone,1,14,Credit Card,Male,3.00,4,Laptop & Accessory,1,Married,2,1,15.00,1,1,2,151.00
52172,0,11,Phone,2,6,UPI,Male,3.00,1,Mobile,3,Married,2,0,13.00,3,5,0,128.00
52173,0,1,Computer,1,12,Debit Card,Male,3.00,4,Mobile,3,Married,2,1,14.00,1,1,2,127.00
52174,1,9,Computer,1,14,CC,Male,3.00,3,Mobile,3,Single,2,0,12.00,1,1,0,119.00
52175,1,0,Mobile Phone,3,15,E wallet,Female,3.00,3,Laptop & Accessory,5,Single,4,1,17.00,0,1,3,182.00
52176,0,14,Phone,1,18,Debit Card,Male,2.00,3,Mobile Phone,1,Married,4,1,11.00,1,1,0,148.00
52177,1,0,Computer,1,14,CC,Male,3.00,3,Mobile,3,Married,2,0,12.00,1,2,2,126.00
52178,0,10,Mobile Phone,1,31,Credit Card,Female,2.00,4,Laptop & Accessory,1,Married,8,0,13.00,1,1,3,157.00
52179,0,0,Phone,1,14,Debit Card,Male,2.00,4,Mobile,3,Married,2,0,13.00,1,2,2,125.00
52180,0,7,Mobile Phone,3,15,Debit Card,Female,3.00,3,Laptop & Accessory,3,Married,2,0,20.00,0,1,3,157.00
52181,0,8,Phone,2,14,COD,Male,3.00,3,Mobile Phone,3,Single,2,0,17.00,0,1,4,143.00
52182,1,0,Mobile Phone,3,29,Debit Card,Female,2.00,4,Fashion,5,Married,2,0,13.00,1,3,10,173.00
52183,0,13,Computer,1,15,Credit Card,Female,2.00,3,Fashion,3,Single,10,0,17.00,1,2,13,235.00
52184,1,5,Computer,3,18,Debit Card,Male,2.00,3,Grocery,5,Single,1,1,12.00,2,2,14,238.00
52185,0,15,Mobile Phone,3,10,E wallet,Male,2.00,3,Laptop & Accessory,5,Single,8,0,13.00,1,1,5,152.00
52186,0,9,Phone,1,6,CC,Male,2.00,4,Mobile,3,Married,7,0,12.00,1,1,7,123.00
52187,0,0,Phone,1,30,Credit Card,Male,2.00,3,Mobile Phone,4,Single,9,0,22.00,0,1,2,136.00
52188,1,0,Phone,1,14,Debit Card,Female,3.00,3,Mobile,1,Married,2,1,11.00,1,1,0,125.00
52189,0,0,Phone,1,9,Credit Card,Male,2.00,1,Mobile Phone,1,Married,2,0,22.00,1,1,7,144.00
52190,0,3,Mobile Phone,3,16,E wallet,Male,3.00,4,Laptop & Accessory,3,Married,2,0,18.00,0,1,4,166.00
52191,0,13,Computer,1,32,Credit Card,Female,3.00,4,Laptop & Accessory,1,Married,4,1,13.00,0,1,0,144.00
52192,0,8,Mobile Phone,1,8,Debit Card,Male,2.00,4,Fashion,4,Married,3,0,18.00,2,6,4,203.00
52193,0,7,Computer,1,7,Credit Card,Male,3.00,4,Laptop & Accessory,5,Single,1,0,20.00,0,4,9,153.00
52194,0,8,Computer,1,14,UPI,Male,2.00,4,Mobile,1,Married,2,0,13.00,1,2,2,124.00
52195,1,6,Mobile Phone,3,15,E wallet,Female,2.00,5,Laptop & Accessory,3,Single,9,0,13.00,0,1,3,153.00
52196,0,5,Computer,3,8,Debit Card,Female,3.00,3,Mobile,5,Married,2,0,12.00,1,1,0,128.00
52197,0,29,Mobile Phone,1,10,Cash on Delivery,Female,3.00,3,Others,5,Married,5,0,15.00,4,4,2,299.00
52198,0,2,Phone,1,12,CC,Female,3.00,3,Mobile,1,Married,2,0,13.00,0,1,8,131.00
52199,0,0,Phone,1,14,Debit Card,Male,2.00,3,Mobile,5,Single,2,0,25.00,0,1,0,126.00
52200,0,18,Phone,1,13,Credit Card,Female,2.00,3,Mobile Phone,3,Married,5,1,19.00,0,1,2,145.00
52201,0,10,Mobile Phone,1,7,Debit Card,Female,2.00,4,Laptop & Accessory,1,Married,2,0,13.00,0,3,11,165.00
52202,0,0,Phone,1,5,Debit Card,Male,3.00,4,Mobile,3,Single,2,0,12.00,0,1,2,130.00
52203,1,7,Phone,1,16,Debit Card,Male,3.00,3,Mobile,3,Single,2,1,11.00,1,1,2,129.00
52204,0,26,Mobile Phone,1,13,Credit Card,Female,2.00,3,Others,3,Married,4,0,18.00,1,4,7,286.00
52205,0,9,Phone,1,21,Debit Card,Female,3.00,5,Mobile,1,Married,1,1,18.00,1,1,3,122.00
52206,1,0,Computer,1,9,Debit Card,Male,3.00,4,Mobile,1,Married,1,1,11.00,0,1,0,129.00
52207,0,19,Mobile Phone,3,8,E wallet,Female,3.00,3,Grocery,5,Married,9,0,23.00,1,15,9,270.00
52208,0,9,Computer,1,23,Debit Card,Male,3.00,5,Mobile,3,Single,3,0,13.00,1,1,0,123.00
52209,0,6,Phone,2,8,UPI,Male,3.00,3,Mobile Phone,3,Married,2,0,13.00,1,1,4,136.00
52210,1,9,Computer,1,11,Debit Card,Male,3.00,4,Mobile,5,Married,7,0,17.00,0,1,0,121.00
52211,0,3,Phone,3,35,Debit Card,Male,3.00,3,Laptop & Accessory,5,Married,9,0,19.00,1,1,3,141.00
52212,0,13,Computer,3,8,Credit Card,Male,3.00,3,Laptop & Accessory,4,Married,6,0,12.00,1,1,0,143.00
52213,0,23,Computer,1,8,Credit Card,Female,1.00,3,Grocery,5,Married,3,0,22.00,1,2,2,279.00
52214,0,1,Phone,1,25,CC,Male,3.00,4,Mobile,5,Married,2,0,12.00,1,3,3,132.00
52215,0,19,Mobile Phone,1,21,Debit Card,Male,2.00,3,Others,4,Married,6,0,11.00,1,1,3,291.00
52216,0,8,Mobile Phone,3,23,Debit Card,Male,3.00,3,Laptop & Accessory,5,Married,4,1,15.00,0,1,7,190.00
52217,1,9,Phone,1,23,Debit Card,Female,3.00,3,Mobile,4,Married,2,0,13.00,1,1,0,122.00
52218,0,6,Computer,3,31,Credit Card,Female,2.00,3,Laptop & Accessory,3,Married,2,0,12.00,0,1,1,145.00
52219,0,9,Phone,1,12,Debit Card,Male,3.00,5,Mobile,3,Married,2,0,14.00,1,1,7,127.00
52220,0,3,Phone,1,13,Debit Card,Male,2.00,3,Laptop & Accessory,3,Married,2,0,13.00,4,8,9,135.00
52221,0,17,Phone,1,35,UPI,Male,2.00,3,Laptop & Accessory,1,Single,2,0,25.00,6,13,17,145.00
52222,0,0,Phone,3,27,E wallet,Male,3.00,1,Mobile,1,Single,2,0,17.00,2,2,2,127.00
52223,0,19,Mobile Phone,1,8,COD,Male,2.00,3,Laptop & Accessory,1,Married,3,0,11.00,0,1,4,174.00
52224,0,15,Computer,2,8,Credit Card,Male,3.00,1,Laptop & Accessory,5,Married,8,0,16.00,1,1,3,163.00
52225,0,30,Mobile Phone,3,13,E wallet,Male,2.00,1,Laptop & Accessory,1,Married,1,1,18.00,0,1,9,152.00
52226,0,5,Computer,1,19,UPI,Female,3.00,4,Mobile,4,Married,2,0,20.00,2,2,2,134.00
52227,0,5,Computer,1,8,Debit Card,Female,2.00,3,Laptop & Accessory,3,Single,5,1,14.00,1,1,7,150.00
52228,0,9,Mobile Phone,1,7,Cash on Delivery,Female,3.00,5,Fashion,5,Married,3,1,21.00,7,7,7,203.00
52229,0,6,Phone,1,15,CC,Male,3.00,3,Mobile,1,Married,1,0,13.00,0,4,10,128.00
52230,0,13,Mobile Phone,3,16,COD,Female,2.00,4,Laptop & Accessory,4,Married,8,0,12.00,1,1,3,169.00
52231,0,0,Phone,3,16,Debit Card,Male,2.00,3,Laptop & Accessory,1,Single,1,0,14.00,1,1,1,150.00
52232,0,3,Phone,1,7,Credit Card,Male,3.00,3,Mobile Phone,4,Married,1,1,21.00,3,5,7,136.00
52233,0,15,Computer,1,32,Credit Card,Female,2.00,3,Fashion,5,Married,4,1,17.00,0,2,0,232.00
52234,0,8,Computer,3,14,E wallet,Female,3.00,4,Fashion,1,Married,5,1,11.00,3,4,12,204.00
52235,0,9,Phone,1,20,Debit Card,Male,2.00,3,Mobile,5,Married,2,1,14.00,5,6,8,122.00
52236,0,27,Computer,1,7,Debit Card,Female,2.00,3,Fashion,3,Married,8,0,17.00,0,1,4,205.00
52237,0,9,Mobile Phone,1,8,Debit Card,Female,3.00,1,Mobile,1,Married,2,0,13.00,1,7,7,120.00
52238,1,9,Computer,1,16,CC,Female,3.00,4,Mobile Phone,4,Single,2,1,25.00,0,1,0,119.00
52239,0,2,Phone,1,7,Debit Card,Female,3.00,3,Mobile Phone,1,Married,2,0,15.00,1,1,2,138.00
52240,0,27,Mobile Phone,1,9,Debit Card,Male,2.00,3,Grocery,1,Married,4,0,14.00,1,1,9,278.00
52241,0,4,Mobile Phone,1,17,Credit Card,Male,3.00,3,Laptop & Accessory,5,Married,2,1,12.00,1,1,1,168.00
52242,0,4,Mobile Phone,1,30,Credit Card,Female,3.00,4,Laptop & Accessory,5,Single,2,0,19.00,1,1,8,168.00
52243,0,30,Mobile Phone,3,9,Debit Card,Female,2.00,4,Laptop & Accessory,1,Single,6,0,17.00,0,1,5,152.00
52244,0,16,Mobile Phone,1,9,Debit Card,Male,3.00,5,Others,1,Married,4,0,15.00,1,1,7,297.00
52245,0,22,Mobile Phone,1,10,Credit Card,Male,2.00,4,Others,3,Married,3,0,13.00,1,1,0,287.00
52246,0,9,Computer,1,9,COD,Male,2.00,3,Mobile Phone,4,Married,2,0,12.00,0,1,7,137.00
52247,0,21,Phone,1,14,COD,Male,3.00,1,Mobile,4,Single,6,0,11.00,0,1,0,126.00
52248,0,0,Phone,1,14,Debit Card,Male,3.00,3,Mobile,3,Married,2,0,11.00,1,1,3,125.00
52249,0,2,Mobile Phone,1,13,Debit Card,Male,2.00,3,Laptop & Accessory,1,Married,2,1,11.00,1,1,0,166.00
52250,0,21,Mobile Phone,1,7,Debit Card,Male,3.00,4,Others,1,Single,7,0,12.00,1,1,0,283.00
52251,0,2,Mobile Phone,1,7,Debit Card,Female,2.00,4,Grocery,1,Married,4,0,14.00,1,1,7,261.00
52252,0,7,Phone,1,14,COD,Female,2.00,1,Mobile,3,Married,1,0,17.00,1,1,0,126.00
52253,0,17,Mobile Phone,3,11,E wallet,Male,2.00,3,Others,4,Married,8,0,11.00,1,3,10,282.00
52254,0,6,Mobile Phone,3,16,E wallet,Male,2.00,1,Fashion,3,Married,1,1,14.00,0,1,8,184.00
52255,0,0,Phone,1,31,Debit Card,Female,3.00,1,Mobile,1,Single,2,1,12.00,0,1,1,130.00
52256,0,9,Mobile Phone,1,7,Debit Card,Male,2.00,3,Mobile Phone,3,Married,2,0,22.00,1,1,1,112.00
52257,1,0,Computer,3,30,Debit Card,Male,3.00,5,Mobile Phone,1,Single,2,1,14.00,1,1,0,111.00
52258,0,0,Phone,1,10,Debit Card,Male,3.00,3,Mobile,1,Single,2,1,20.00,2,2,2,129.00
52259,1,8,Mobile Phone,3,8,E wallet,Female,3.00,5,Others,4,Single,3,1,16.00,1,1,11,288.00
52260,0,28,Computer,1,14,Credit Card,Male,2.00,4,Grocery,4,Married,2,1,15.00,2,2,0,236.00
52261,1,0,Computer,1,14,Debit Card,Female,2.00,4,Mobile,3,Single,2,0,20.00,1,2,2,126.00
52262,0,19,Mobile Phone,3,10,E wallet,Female,2.00,4,Others,4,Married,3,0,14.00,1,1,8,288.00
52263,0,7,Phone,3,8,E wallet,Female,2.00,3,Laptop & Accessory,5,Single,1,1,12.00,1,1,2,145.00
52264,0,24,Computer,3,15,Debit Card,Male,2.00,3,Others,4,Married,5,1,15.00,6,11,10,298.00
52265,0,30,Mobile Phone,1,24,Credit Card,Male,3.00,3,Fashion,1,Single,7,0,12.00,3,5,4,205.00
52266,0,7,Computer,1,25,Credit Card,Female,2.00,3,Laptop & Accessory,4,Married,5,0,13.00,0,5,10,144.00
52267,0,9,Computer,1,7,CC,Male,2.00,3,Mobile,3,Single,1,1,11.00,1,1,2,122.00
52268,0,17,Mobile Phone,1,10,Debit Card,Male,3.00,1,Others,5,Married,2,0,14.00,2,14,13,292.00
52269,0,7,Computer,2,17,Debit Card,Male,2.00,4,Laptop & Accessory,4,Married,5,0,11.00,0,1,8,145.00
52270,0,8,Phone,1,12,Debit Card,Male,3.00,3,Mobile,3,Married,1,1,14.00,1,2,2,135.00
52271,0,15,Phone,1,14,CC,Female,3.00,1,Laptop & Accessory,4,Married,7,1,16.00,0,1,0,124.00
52272,0,16,Mobile Phone,3,10,E wallet,Female,2.00,4,Fashion,1,Single,4,0,14.00,10,15,17,202.00
52273,0,9,Mobile Phone,1,8,Debit Card,Female,2.00,3,Laptop & Accessory,4,Single,10,1,11.00,4,5,12,154.00
52274,1,7,Mobile Phone,1,21,Credit Card,Female,3.00,3,Fashion,1,Married,2,0,11.00,0,1,5,180.00
52275,0,1,Computer,1,8,Debit Card,Male,2.00,4,Mobile Phone,1,Married,2,1,12.00,0,2,2,139.00
52276,0,24,Computer,1,12,CC,Female,3.00,4,Mobile,3,Single,1,0,14.00,3,7,7,128.00
52277,0,3,Computer,1,15,Credit Card,Female,3.00,3,Laptop & Accessory,3,Single,8,1,18.00,0,1,7,147.00
52278,1,0,Phone,1,13,COD,Female,2.00,3,Mobile,3,Married,4,1,13.00,4,7,7,133.00
52279,0,9,Phone,1,7,Cash on Delivery,Male,2.00,3,Mobile,5,Single,3,0,11.00,1,1,2,121.00
52280,0,9,Phone,1,7,CC,Female,2.00,3,Mobile,4,Single,2,0,18.00,1,2,1,121.00
52281,0,5,Mobile Phone,3,14,Credit Card,Male,2.00,1,Laptop & Accessory,1,Married,2,0,15.00,0,1,8,162.00
52282,0,18,Computer,1,31,Credit Card,Female,2.00,3,Others,4,Single,4,0,22.00,1,1,0,281.00
52283,0,12,Mobile Phone,1,19,Credit Card,Female,3.00,4,Grocery,4,Married,7,1,13.00,1,15,2,271.00
52284,0,30,Phone,1,14,Debit Card,Male,2.00,3,Mobile,3,Married,2,0,12.00,1,2,2,124.00
52285,1,0,Phone,1,13,Debit Card,Male,3.00,3,Laptop & Accessory,3,Married,2,0,18.00,0,1,1,149.00
52286,1,2,Phone,1,29,Credit Card,Male,3.00,3,Mobile Phone,5,Single,1,0,13.00,0,1,3,139.00
52287,0,3,Phone,1,12,COD,Female,2.00,4,Laptop & Accessory,1,Married,1,0,12.00,5,6,7,146.00
52288,0,9,Mobile Phone,1,16,COD,Female,3.00,3,Fashion,3,Married,4,0,12.00,1,1,7,171.00
52289,0,19,Phone,2,7,Debit Card,Female,2.00,3,Mobile,5,Single,7,0,12.00,2,5,7,134.00
52290,0,1,Computer,1,7,Debit Card,Female,2.00,5,Laptop & Accessory,1,Married,1,0,11.00,7,7,5,167.00
52291,0,23,Mobile Phone,1,34,Debit Card,Female,2.00,3,Grocery,5,Married,5,1,11.00,1,1,2,269.00
52292,1,3,Mobile Phone,3,31,E wallet,Male,2.00,4,Fashion,4,Single,3,1,12.00,1,1,0,191.00
52293,1,15,Mobile Phone,3,11,Debit Card,Male,3.00,3,Fashion,4,Single,10,1,19.00,7,7,7,184.00
52294,0,3,Mobile Phone,1,23,Credit Card,Female,3.00,3,Fashion,5,Married,2,1,23.00,1,1,3,219.00
52295,0,12,Phone,1,24,Debit Card,Male,2.00,3,Laptop & Accessory,3,Single,1,0,11.00,1,1,7,145.00
52296,0,4,Computer,3,8,Debit Card,Female,2.00,3,Fashion,3,Married,2,1,19.00,8,9,6,199.00
52297,0,14,Computer,3,16,Credit Card,Male,2.00,5,Laptop & Accessory,4,Single,2,0,13.00,3,11,9,162.00
52298,1,9,Computer,3,7,Debit Card,Female,2.00,3,Mobile,4,Single,2,1,11.00,2,2,2,123.00
52299,1,7,Phone,1,14,Debit Card,Male,2.00,3,Mobile,5,Married,5,0,12.00,1,1,2,124.00
52300,0,15,Computer,1,8,Debit Card,Male,2.00,3,Grocery,3,Married,1,1,13.00,1,2,10,279.00
52301,0,28,Mobile Phone,1,8,Credit Card,Female,2.00,5,Others,3,Married,5,0,14.00,1,9,11,292.00
52302,0,29,Mobile Phone,2,14,Debit Card,Male,3.00,3,Others,4,Single,7,0,15.00,2,7,7,297.00
52303,0,13,Computer,1,22,Debit Card,Male,3.00,3,Mobile,3,Married,10,0,16.00,1,1,0,135.00
52304,0,7,Mobile Phone,1,15,Debit Card,Male,2.00,3,Fashion,1,Married,1,0,11.00,0,1,6,185.00
52305,0,13,Phone,1,8,Debit Card,Male,3.00,3,Laptop & Accessory,1,Single,2,0,13.00,3,8,8,147.00
52306,0,14,Computer,3,7,E wallet,Female,3.00,3,Laptop & Accessory,5,Married,1,0,17.00,0,1,7,141.00
52307,0,8,Computer,1,10,Debit Card,Male,2.00,3,Laptop & Accessory,3,Single,2,1,11.00,1,1,1,142.00
52308,0,24,Mobile Phone,2,11,Debit Card,Male,2.00,3,Grocery,4,Married,2,1,11.00,0,2,10,240.00
52309,0,11,Mobile Phone,3,8,Debit Card,Female,2.00,3,Laptop & Accessory,5,Married,4,0,15.00,0,1,7,169.00
52310,0,7,Mobile Phone,3,21,Credit Card,Female,3.00,3,Laptop & Accessory,5,Single,2,0,12.00,4,9,6,161.00
52311,0,0,Phone,1,25,Credit Card,Male,3.00,3,Mobile Phone,1,Married,4,0,11.00,0,1,2,137.00
52312,1,20,Mobile Phone,1,13,Credit Card,Female,2.00,4,Fashion,5,Married,8,1,14.00,1,5,9,200.00
52313,0,13,Phone,1,14,Debit Card,Male,2.00,3,Mobile,4,Married,4,0,22.00,1,1,3,124.00
52314,0,9,Computer,3,13,E wallet,Female,2.00,1,Laptop & Accessory,5,Married,3,0,16.00,5,6,13,146.00
52315,0,21,Mobile Phone,1,10,Debit Card,Male,2.00,3,Fashion,1,Single,2,0,11.00,1,1,8,179.00
52316,0,0,Phone,3,14,CC,Female,3.00,1,Mobile,1,Married,9,0,14.00,0,1,0,125.00
52317,0,24,Mobile Phone,1,17,Cash on Delivery,Female,2.00,4,Grocery,4,Single,4,0,16.00,0,1,3,231.00
52318,0,9,Computer,1,7,Debit Card,Female,3.00,3,Mobile Phone,1,Single,2,0,15.00,1,1,0,116.00
52319,0,8,Mobile Phone,1,7,Credit Card,Female,2.00,4,Laptop & Accessory,1,Married,1,0,12.00,0,1,0,154.00
52320,0,0,Computer,3,8,Debit Card,Male,2.00,5,Laptop & Accessory,1,Single,4,0,20.00,0,1,0,151.00
52321,1,18,Mobile Phone,3,19,E wallet,Male,2.00,1,Grocery,3,Single,7,1,17.00,1,2,8,237.00
52322,0,29,Mobile Phone,1,29,Debit Card,Male,3.00,3,Grocery,4,Married,5,1,12.00,13,2,9,234.00
52323,0,9,Computer,1,32,Cash on Delivery,Female,3.00,4,Mobile,3,Married,2,0,20.00,1,1,0,120.00
52324,0,13,Mobile Phone,1,8,Credit Card,Female,2.00,1,Laptop & Accessory,3,Married,6,0,20.00,6,11,8,164.00
52325,0,7,Mobile Phone,1,35,Credit Card,Male,2.00,3,Laptop & Accessory,3,Married,5,0,13.00,5,7,7,154.00
52326,1,0,Computer,3,8,Debit Card,Female,3.00,4,Mobile,1,Single,8,0,14.00,0,1,0,128.00
52327,1,0,Computer,3,24,E wallet,Female,3.00,3,Laptop & Accessory,3,Married,1,1,18.00,0,3,2,146.00
52328,0,11,Computer,1,14,Debit Card,Male,2.00,1,Mobile,3,Married,2,0,11.00,0,1,3,126.00
52329,0,7,Mobile Phone,1,8,COD,Female,3.00,3,Laptop & Accessory,1,Single,2,0,11.00,4,4,11,167.00
52330,0,1,Phone,3,32,Debit Card,Male,2.00,4,Laptop & Accessory,5,Married,2,0,11.00,1,1,4,147.00
52331,1,0,Mobile Phone,1,28,Credit Card,Male,3.00,3,Laptop & Accessory,3,Married,2,1,15.00,5,6,7,162.00
52332,0,12,Mobile Phone,3,27,Debit Card,Male,2.00,4,Laptop & Accessory,1,Married,4,1,12.00,0,1,4,161.00
52333,0,24,Computer,3,8,E wallet,Male,2.00,3,Fashion,4,Married,3,0,11.00,3,3,2,206.00
52334,0,14,Computer,1,28,Debit Card,Female,3.00,3,Laptop & Accessory,1,Married,4,1,14.00,2,3,3,155.00
52335,0,10,Phone,1,10,Debit Card,Male,3.00,3,Mobile,3,Married,8,1,15.00,1,1,3,130.00
52336,0,6,Computer,3,11,Debit Card,Male,3.00,3,Laptop & Accessory,1,Married,7,0,13.00,1,1,2,200.00
52337,0,5,Phone,3,8,E wallet,Male,2.00,3,Laptop & Accessory,4,Married,1,1,13.00,1,1,2,141.00
52338,0,12,Computer,1,31,Debit Card,Male,3.00,3,Fashion,3,Married,4,0,21.00,0,1,3,209.00
52339,0,0,Mobile Phone,3,24,Debit Card,Male,3.00,1,Laptop & Accessory,3,Married,3,0,11.00,1,1,2,162.00
52340,0,25,Computer,1,34,Credit Card,Female,2.00,1,Grocery,3,Married,3,1,11.00,1,2,2,232.00
52341,0,16,Phone,1,12,Credit Card,Female,3.00,4,Laptop & Accessory,3,Single,2,1,14.00,0,1,8,141.00
52342,0,0,Mobile Phone,3,16,E wallet,Female,3.00,4,Laptop & Accessory,1,Married,2,1,11.00,1,4,4,158.00
52343,1,0,Phone,1,14,Debit Card,Female,2.00,3,Mobile,3,Single,2,1,13.00,4,7,7,124.00
52344,0,0,Phone,1,8,Credit Card,Male,2.00,4,Mobile Phone,1,Single,1,0,12.00,1,1,1,139.00
52345,0,15,Mobile Phone,2,16,UPI,Female,2.00,3,Grocery,5,Married,1,0,14.00,1,1,9,268.00
52346,0,25,Phone,1,14,UPI,Female,3.00,3,Mobile,5,Married,10,0,13.00,1,1,4,130.00
52347,0,10,Phone,1,17,Credit Card,Female,3.00,3,Mobile Phone,3,Single,5,0,18.00,1,1,2,136.00
52348,0,8,Computer,1,24,Debit Card,Male,2.00,3,Fashion,1,Single,3,0,11.00,2,2,2,194.00
52349,0,0,Phone,1,7,COD,Male,2.00,3,Mobile,1,Married,5,0,11.00,0,1,2,132.00
52350,0,0,Phone,1,13,UPI,Male,3.00,1,Mobile Phone,5,Single,1,0,12.00,0,1,7,136.00
52351,0,2,Mobile Phone,2,23,UPI,Male,2.00,4,Fashion,5,Single,2,0,13.00,0,1,9,180.00
52352,1,12,Computer,1,34,Debit Card,Male,3.00,4,Laptop & Accessory,5,Single,4,0,20.00,0,1,3,143.00
52353,1,0,Computer,1,20,UPI,Female,2.00,3,Fashion,1,Single,1,1,12.00,4,7,7,176.00
52354,0,27,Mobile Phone,1,7,Credit Card,Female,2.00,3,Grocery,1,Single,7,0,19.00,1,12,7,273.00
52355,0,30,Mobile Phone,1,7,Credit Card,Female,3.00,3,Others,5,Married,4,1,15.00,1,1,5,297.00
52356,0,28,Mobile Phone,1,7,Credit Card,Male,2.00,1,Grocery,1,Married,3,0,13.00,0,2,0,247.00
52357,0,9,Mobile Phone,3,9,E wallet,Female,3.00,3,Laptop & Accessory,4,Single,4,1,16.00,0,1,1,193.00
52358,1,9,Computer,3,7,Debit Card,Female,2.00,5,Mobile Phone,3,Single,2,0,12.00,0,1,0,114.00
52359,0,3,Phone,3,13,E wallet,Female,3.00,3,Laptop & Accessory,5,Married,8,0,14.00,1,1,2,148.00
52360,0,4,Mobile Phone,1,14,Debit Card,Female,3.00,3,Grocery,4,Single,4,0,11.00,1,1,0,264.00
52361,0,7,Computer,1,7,UPI,Male,3.00,3,Mobile,5,Married,6,0,14.00,1,1,3,130.00
52362,1,9,Mobile Phone,1,14,Debit Card,Female,2.00,4,Mobile Phone,4,Single,2,0,12.00,0,1,0,113.00
52363,0,9,Phone,1,17,Debit Card,Male,3.00,3,Mobile,5,Married,1,0,14.00,1,1,4,121.00
52364,0,9,Mobile Phone,1,10,Debit Card,Male,2.00,4,Laptop & Accessory,1,Single,2,0,16.00,0,1,8,158.00
52365,0,9,Mobile Phone,3,22,E wallet,Female,3.00,4,Laptop & Accessory,5,Married,5,0,13.00,1,1,2,156.00
52366,0,20,Phone,1,7,COD,Male,3.00,3,Mobile,1,Married,8,0,12.00,1,1,2,134.00
52367,1,0,Phone,3,15,Debit Card,Male,3.00,4,Mobile Phone,5,Married,4,0,12.00,2,2,2,144.00
52368,0,10,Computer,1,11,COD,Male,2.00,1,Mobile,3,Single,1,0,14.00,0,1,3,135.00
52369,0,9,Phone,1,7,Debit Card,Female,2.00,3,Mobile,5,Married,3,0,22.00,0,1,0,121.00
52370,0,20,Mobile Phone,1,8,Credit Card,Female,2.00,3,Grocery,3,Married,4,0,19.00,1,5,6,272.00
52371,0,0,Phone,3,10,Credit Card,Female,2.00,3,Laptop & Accessory,3,Married,2,1,12.00,1,1,3,142.00
52372,0,5,Mobile Phone,3,13,E wallet,Male,3.00,3,Laptop & Accessory,1,Married,5,0,12.00,0,1,3,192.00
52373,0,7,Phone,1,7,Debit Card,Female,2.00,4,Mobile,4,Married,6,0,17.00,1,1,2,133.00
52374,0,9,Phone,1,11,CC,Male,2.00,1,Mobile,3,Married,3,1,12.00,0,1,3,121.00
52375,0,13,Computer,1,15,UPI,Male,2.00,3,Laptop & Accessory,3,Married,4,0,11.00,0,1,7,140.00
52376,0,4,Mobile Phone,3,14,Debit Card,Male,2.00,3,Fashion,1,Married,2,0,18.00,2,9,9,208.00
52377,1,9,Mobile Phone,3,15,E wallet,Male,2.00,3,Fashion,1,Married,5,0,11.00,4,4,3,201.00
52378,1,2,Computer,1,8,Debit Card,Female,2.00,4,Mobile Phone,5,Single,3,1,23.00,0,1,0,136.00
52379,1,0,Computer,1,7,Debit Card,Female,3.00,1,Fashion,4,Single,2,0,11.00,1,4,7,174.00
52380,0,18,Mobile Phone,1,26,Credit Card,Male,3.00,5,Fashion,5,Married,3,1,18.00,1,1,7,209.00
52381,0,9,Phone,2,14,CC,Female,3.00,1,Mobile,4,Single,10,0,18.00,1,1,2,121.00
52382,1,0,Computer,1,8,Debit Card,Male,3.00,3,Mobile Phone,1,Married,7,1,13.00,0,2,2,137.00
52383,0,18,Mobile Phone,1,35,Cash on Delivery,Male,2.00,3,Fashion,1,Married,5,1,18.00,1,1,2,194.00
52384,0,21,Mobile Phone,3,13,E wallet,Male,3.00,3,Laptop & Accessory,5,Married,5,0,11.00,0,2,2,155.00
52385,1,0,Phone,2,15,COD,Female,3.00,3,Mobile,3,Married,2,0,15.00,2,2,2,127.00
52386,0,13,Computer,1,14,Credit Card,Male,2.00,4,Fashion,4,Married,3,0,11.00,4,2,8,238.00
52387,0,1,Mobile Phone,3,11,Credit Card,Male,2.00,3,Laptop & Accessory,5,Single,1,0,18.00,0,1,3,185.00
52388,0,17,Computer,1,11,Debit Card,Male,2.00,4,Mobile,3,Single,4,0,14.00,0,1,3,132.00
52389,0,26,Mobile Phone,1,8,Credit Card,Male,2.00,1,Grocery,4,Single,5,0,12.00,1,8,8,266.00
52390,0,22,Mobile Phone,1,11,COD,Male,3.00,3,Laptop & Accessory,3,Married,3,0,14.00,0,1,2,167.00
52391,0,13,Phone,1,14,CC,Male,3.00,3,Mobile,3,Married,3,0,14.00,1,1,2,123.00
52392,0,17,Phone,1,26,Debit Card,Male,2.00,3,Mobile,4,Single,2,0,13.00,1,1,3,134.00
52393,0,6,Computer,3,13,Credit Card,Male,2.00,3,Laptop & Accessory,5,Married,1,0,14.00,1,1,3,144.00
52394,0,7,Phone,3,9,UPI,Male,2.00,5,Laptop & Accessory,5,Single,4,0,18.00,2,3,12,148.00
52395,0,3,Mobile Phone,3,22,Debit Card,Male,3.00,3,Laptop & Accessory,3,Married,9,0,15.00,1,2,2,153.00
52396,0,15,Computer,1,15,Credit Card,Female,3.00,3,Mobile Phone,1,Single,2,0,13.00,0,5,8,137.00
52397,0,17,Computer,3,7,E wallet,Female,3.00,3,Laptop & Accessory,3,Married,8,0,12.00,0,1,0,148.00
52398,0,9,Computer,1,13,Cash on Delivery,Male,3.00,3,Mobile Phone,3,Married,2,0,13.00,0,1,0,113.00
52399,0,30,Phone,1,7,Debit Card,Male,3.00,1,Laptop & Accessory,3,Married,1,0,24.00,1,2,8,149.00
52400,0,22,Mobile Phone,1,13,Debit Card,Male,2.00,3,Fashion,4,Married,4,0,14.00,0,1,7,205.00
52401,0,7,Computer,1,21,Credit Card,Male,3.00,3,Grocery,5,Married,8,0,14.00,1,6,9,270.00
52402,1,0,Computer,3,7,COD,Male,3.00,3,Mobile,3,Married,4,0,15.00,1,1,2,129.00
52403,1,0,Computer,3,19,COD,Female,2.00,3,Laptop & Accessory,4,Single,6,0,11.00,1,1,0,158.00
52404,1,0,Phone,3,30,Credit Card,Female,2.00,4,Laptop & Accessory,4,Single,1,1,23.00,4,10,10,146.00
52405,0,8,Phone,3,14,Debit Card,Male,3.00,3,Mobile,3,Married,2,0,13.00,0,1,0,124.00
52406,1,0,Computer,1,15,CC,Male,2.00,3,Mobile,5,Single,3,1,11.00,0,1,0,132.00
52407,0,9,Computer,3,19,Debit Card,Female,3.00,3,Mobile,4,Married,2,0,13.00,0,1,0,120.00
52408,0,17,Computer,1,8,Credit Card,Male,2.00,3,Fashion,3,Single,6,1,18.00,2,2,2,202.00
52409,0,2,Mobile Phone,3,25,Debit Card,Male,3.00,4,Laptop & Accessory,3,Married,2,0,14.00,1,1,4,186.00
52410,0,9,Phone,2,7,Debit Card,Male,2.00,3,Mobile,3,Married,1,0,21.00,0,1,3,121.00
52411,0,28,Phone,1,10,Debit Card,Male,1.00,3,Laptop & Accessory,3,Married,1,1,16.00,1,1,2,140.00
52412,0,6,Phone,1,10,Credit Card,Female,2.00,4,Mobile Phone,4,Married,9,0,11.00,1,1,2,138.00
52413,0,20,Phone,3,20,Credit Card,Female,3.00,3,Laptop & Accessory,3,Married,4,1,17.00,1,1,2,146.00
52414,1,0,Computer,1,14,CC,Male,2.00,4,Mobile,5,Single,8,0,11.00,1,1,0,126.00
52415,0,9,Mobile Phone,1,7,Debit Card,Male,3.00,4,Mobile Phone,3,Married,2,0,14.00,0,1,0,116.00
52416,0,1,Computer,3,13,Debit Card,Male,2.00,3,Laptop & Accessory,5,Single,1,0,14.00,1,1,3,149.00
52417,0,22,Phone,1,9,Credit Card,Female,2.00,4,Laptop & Accessory,5,Married,5,0,25.00,0,1,2,148.00
52418,0,2,Computer,1,8,Debit Card,Female,3.00,3,Mobile,4,Married,1,0,13.00,1,1,2,132.00
52419,0,1,Mobile Phone,1,35,Debit Card,Male,3.00,5,Laptop & Accessory,4,Married,2,0,14.00,0,1,7,165.00
52420,0,6,Mobile Phone,1,14,Debit Card,Male,3.00,3,Laptop & Accessory,3,Single,3,1,17.00,1,1,0,164.00
52421,0,5,Mobile Phone,1,16,Credit Card,Male,3.00,3,Fashion,1,Single,3,0,25.00,0,1,3,212.00
52422,0,27,Computer,1,17,Credit Card,Female,2.00,3,Grocery,1,Married,4,0,20.00,0,2,12,260.00
52423,1,0,Phone,1,14,COD,Male,3.00,4,Mobile,5,Single,7,0,13.00,1,1,7,124.00
52424,0,17,Mobile Phone,1,34,Debit Card,Male,2.00,3,Grocery,5,Married,4,0,13.00,1,14,17,263.00
52425,0,12,Mobile Phone,1,12,Debit Card,Female,2.00,3,Fashion,4,Single,5,0,18.00,2,2,2,184.00
52426,0,19,Mobile Phone,3,9,Debit Card,Female,2.00,3,Grocery,4,Married,9,0,12.00,1,5,1,266.00
52427,0,8,Mobile Phone,1,22,Debit Card,Female,3.00,4,Fashion,4,Single,2,0,19.00,3,3,3,186.00
52428,0,9,Phone,1,26,Debit Card,Male,3.00,3,Laptop & Accessory,3,Single,1,0,14.00,1,1,2,123.00
52429,1,9,Mobile Phone,1,15,Debit Card,Male,2.00,3,Mobile,5,Single,4,0,14.00,1,1,0,120.00
52430,0,7,Mobile Phone,3,7,COD,Male,3.00,4,Fashion,3,Married,2,1,14.00,7,8,6,171.00
52431,1,0,Computer,1,9,Debit Card,Female,2.00,3,Mobile Phone,3,Single,2,0,12.00,2,7,7,141.00
52432,0,23,Computer,1,28,Credit Card,Male,2.00,5,Grocery,1,Single,2,1,13.00,1,2,9,244.00
52433,0,9,Phone,3,13,COD,Male,2.00,3,Mobile,3,Married,1,1,25.00,3,5,7,123.00
52434,0,15,Phone,1,8,Credit Card,Male,3.00,4,Mobile Phone,4,Married,5,0,14.00,0,1,0,148.00
52435,0,10,Phone,1,19,Credit Card,Male,2.00,3,Laptop & Accessory,1,Married,2,0,17.00,2,3,7,143.00
52436,0,2,Mobile Phone,1,14,UPI,Female,2.00,5,Laptop & Accessory,5,Married,4,0,13.00,1,1,7,197.00
52437,0,6,Phone,1,31,Debit Card,Male,2.00,4,Laptop & Accessory,4,Single,2,0,13.00,1,1,2,143.00
52438,0,9,Phone,1,34,Cash on Delivery,Male,3.00,3,Mobile,1,Married,5,0,20.00,1,1,3,121.00
52439,0,15,Computer,1,8,Debit Card,Male,2.00,3,Fashion,1,Married,3,1,14.00,4,13,9,201.00
52440,0,13,Mobile Phone,3,15,Credit Card,Male,2.00,3,Laptop & Accessory,5,Married,1,0,12.00,7,7,1,155.00
52441,0,6,Mobile Phone,1,34,Debit Card,Male,3.00,3,Laptop & Accessory,3,Married,2,1,12.00,4,5,7,152.00
52442,0,13,Mobile Phone,2,12,Credit Card,Male,2.00,3,Grocery,1,Single,2,1,21.00,1,7,7,264.00
52443,0,9,Phone,1,27,COD,Male,2.00,4,Mobile,5,Married,1,0,14.00,0,1,0,123.00
52444,0,13,Computer,1,14,Debit Card,Male,3.00,3,Laptop & Accessory,1,Married,4,1,18.00,1,2,2,141.00
52445,0,18,Mobile Phone,1,7,COD,Male,3.00,3,Fashion,4,Married,2,0,12.00,3,7,7,174.00
52446,0,8,Phone,3,14,Debit Card,Female,3.00,4,Mobile,3,Married,1,0,23.00,2,4,2,124.00
52447,0,5,Mobile Phone,1,11,Debit Card,Female,3.00,4,Laptop & Accessory,4,Married,4,0,12.00,1,2,5,159.00
52448,0,9,Phone,3,14,Debit Card,Male,3.00,3,Mobile,1,Single,4,1,21.00,1,1,2,126.00
52449,0,21,Mobile Phone,3,22,Debit Card,Female,3.00,3,Laptop & Accessory,3,Married,9,0,14.00,7,7,7,164.00
52450,0,2,Phone,1,14,Debit Card,Male,3.00,1,Mobile,3,Married,7,0,18.00,0,1,0,125.00
52451,0,6,Mobile Phone,3,14,Debit Card,Male,2.00,3,Laptop & Accessory,5,Married,3,0,13.00,2,2,2,164.00
52452,1,0,Mobile Phone,3,7,Debit Card,Male,3.00,4,Laptop & Accessory,5,Married,2,0,11.00,1,6,7,197.00
52453,0,11,Computer,2,16,UPI,Male,3.00,3,Laptop & Accessory,3,Married,4,0,11.00,0,1,2,161.00
52454,0,8,Phone,1,14,CC,Male,3.00,4,Mobile,5,Single,2,0,19.00,1,1,2,125.00
52455,0,7,Mobile Phone,3,35,COD,Male,2.00,3,Fashion,4,Married,4,0,12.00,1,1,3,193.00
52456,1,9,Phone,1,8,Debit Card,Female,3.00,3,Mobile,5,Married,2,1,12.00,1,1,0,121.00
52457,1,16,Mobile Phone,1,8,Cash on Delivery,Female,3.00,4,Fashion,1,Married,1,0,16.00,0,1,9,202.00
52458,1,1,Phone,1,8,Credit Card,Male,2.00,3,Laptop & Accessory,4,Married,5,0,11.00,1,1,4,149.00
52459,0,5,Computer,1,7,COD,Male,3.00,3,Laptop & Accessory,5,Married,5,0,14.00,0,1,2,141.00
52460,0,21,Phone,1,14,UPI,Female,3.00,3,Mobile,5,Married,9,0,12.00,6,7,6,124.00
52461,0,7,Phone,1,13,CC,Male,3.00,3,Mobile,1,Single,2,0,13.00,0,1,0,130.00
52462,0,28,Mobile Phone,3,32,E wallet,Male,2.00,4,Others,1,Married,2,0,15.00,0,2,13,296.00
52463,0,7,Mobile Phone,1,7,Debit Card,Male,2.00,3,Laptop & Accessory,1,Married,10,0,17.00,0,2,1,155.00
52464,0,9,Phone,1,9,Debit Card,Female,2.00,3,Mobile,1,Married,2,0,21.00,1,1,0,121.00
52465,0,11,Mobile Phone,3,20,Debit Card,Male,3.00,3,Laptop & Accessory,4,Married,1,0,11.00,3,7,7,199.00
52466,0,11,Phone,3,22,Debit Card,Female,2.00,3,Laptop & Accessory,4,Single,3,0,12.00,1,1,2,142.00
52467,0,9,Mobile Phone,3,7,Debit Card,Female,3.00,3,Laptop & Accessory,3,Single,7,0,13.00,1,1,0,168.00
52468,0,2,Phone,1,9,Credit Card,Male,2.00,3,Mobile Phone,5,Single,2,1,18.00,0,1,5,147.00
52469,0,8,Mobile Phone,1,16,Credit Card,Female,2.00,3,Laptop & Accessory,3,Single,4,1,16.00,0,1,4,161.00
52470,0,12,Mobile Phone,3,12,Credit Card,Male,2.00,1,Fashion,3,Married,3,0,11.00,3,7,6,182.00
52471,0,2,Computer,1,8,Debit Card,Male,2.00,3,Laptop & Accessory,1,Married,2,0,19.00,1,1,3,189.00
52472,0,23,Mobile Phone,3,15,E wallet,Male,2.00,3,Others,3,Married,5,1,15.00,0,1,0,293.00
52473,0,9,Phone,1,16,Cash on Delivery,Male,2.00,1,Mobile,3,Married,3,0,16.00,0,2,2,121.00
52474,0,9,Computer,1,12,Debit Card,Male,3.00,1,Laptop & Accessory,5,Married,4,1,13.00,0,1,2,156.00
52475,0,15,Mobile Phone,1,15,UPI,Male,3.00,4,Others,1,Single,9,0,15.00,1,1,1,296.00
52476,0,8,Phone,1,34,Debit Card,Male,2.00,1,Laptop & Accessory,3,Married,2,0,17.00,6,6,8,134.00
52477,0,7,Computer,1,16,COD,Male,3.00,4,Laptop & Accessory,3,Married,2,0,14.00,1,7,7,151.00
52478,0,13,Phone,3,20,Debit Card,Female,2.00,3,Laptop & Accessory,5,Married,2,0,15.00,0,1,2,146.00
52479,0,16,Phone,1,33,COD,Male,2.00,1,Mobile Phone,4,Married,6,0,12.00,1,1,2,149.00
52480,0,8,Phone,1,13,Debit Card,Male,3.00,4,Mobile,1,Married,2,0,18.00,1,1,1,127.00
52481,0,19,Mobile Phone,3,7,Debit Card,Male,2.00,1,Grocery,5,Single,2,0,15.00,1,1,12,276.00
52482,1,0,Phone,1,14,CC,Male,2.00,3,Mobile,4,Married,2,1,17.00,0,1,0,124.00
52483,0,0,Computer,1,32,UPI,Female,3.00,4,Mobile,3,Married,2,1,14.00,1,1,3,128.00
52484,0,23,Computer,1,26,Credit Card,Male,2.00,3,Grocery,3,Married,3,1,15.00,0,12,3,212.00
52485,0,5,Phone,1,11,UPI,Female,2.00,1,Mobile,1,Married,4,0,17.00,1,1,2,133.00
52486,0,17,Mobile Phone,1,13,Credit Card,Female,2.00,3,Others,1,Married,1,1,14.00,1,1,10,290.00
52487,0,9,Phone,1,13,CC,Male,2.00,4,Mobile,4,Married,2,0,12.00,1,1,1,121.00
52488,0,18,Mobile Phone,1,11,Credit Card,Female,2.00,5,Laptop & Accessory,5,Single,2,1,14.00,0,1,4,158.00
52489,0,18,Computer,3,32,E wallet,Male,2.00,4,Laptop & Accessory,5,Married,2,0,15.00,3,4,5,144.00
52490,0,4,Computer,3,8,UPI,Male,2.00,3,Laptop & Accessory,5,Single,8,0,13.00,1,1,3,153.00
52491,0,9,Phone,1,18,Debit Card,Female,3.00,3,Laptop & Accessory,3,Married,10,1,12.00,0,1,1,147.00
52492,0,7,Computer,1,16,Debit Card,Male,2.00,1,Laptop & Accessory,1,Married,2,0,13.00,3,7,2,147.00
52493,0,22,Phone,1,31,Debit Card,Female,2.00,3,Mobile,5,Married,2,0,14.00,1,1,4,132.00
52494,0,12,Mobile Phone,1,16,Credit Card,Male,3.00,3,Laptop & Accessory,5,Married,3,0,13.00,3,7,7,154.00
52495,0,0,Phone,1,25,UPI,Male,3.00,4,Mobile Phone,5,Married,2,0,11.00,0,1,7,141.00
52496,0,8,Mobile Phone,1,24,Debit Card,Male,2.00,1,Laptop & Accessory,5,Married,2,0,11.00,1,1,10,152.00
52497,0,1,Phone,1,33,Credit Card,Female,2.00,5,Laptop & Accessory,5,Married,1,0,21.00,1,1,0,149.00
52498,0,0,Phone,1,11,CC,Male,3.00,3,Mobile,1,Single,2,0,18.00,0,2,2,131.00
52499,1,9,Computer,3,9,Credit Card,Female,3.00,3,Mobile Phone,1,Single,2,1,12.00,1,1,0,116.00
52500,0,20,Mobile Phone,2,32,Debit Card,Female,3.00,3,Others,3,Married,4,0,15.00,1,1,0,297.00
52501,0,12,Phone,1,9,CC,Male,3.00,4,Laptop & Accessory,3,Married,1,0,15.00,0,1,7,131.00
52502,0,13,Mobile Phone,1,21,Debit Card,Female,3.00,4,Fashion,3,Married,2,0,13.00,6,14,12,204.00
52503,0,8,Computer,1,14,Debit Card,Female,2.00,3,Laptop & Accessory,3,Married,2,0,12.00,0,2,9,141.00
52504,0,10,Mobile Phone,1,25,Debit Card,Male,2.00,3,Laptop & Accessory,3,Married,4,0,17.00,0,1,2,158.00
52505,0,12,Computer,1,10,Credit Card,Female,2.00,3,Laptop & Accessory,3,Single,1,0,13.00,3,3,8,150.00
52506,0,18,Mobile Phone,1,8,UPI,Female,2.00,4,Laptop & Accessory,1,Married,2,0,19.00,3,3,9,158.00
52507,0,11,Mobile Phone,1,8,Credit Card,Female,2.00,4,Fashion,3,Married,4,1,19.00,0,1,2,178.00
52508,1,0,Mobile Phone,3,16,Credit Card,Male,2.00,4,Fashion,5,Married,10,0,17.00,0,6,0,203.00
52509,0,10,Phone,1,16,Credit Card,Female,3.00,3,Mobile Phone,4,Married,2,0,11.00,4,7,7,139.00
52510,0,13,Mobile Phone,1,22,Debit Card,Female,2.00,3,Fashion,1,Single,7,1,15.00,3,3,3,179.00
52511,0,17,Computer,2,7,UPI,Male,2.00,3,Laptop & Accessory,1,Married,5,1,11.00,1,1,2,157.00
52512,0,21,Computer,1,10,Credit Card,Male,2.00,4,Grocery,1,Married,3,0,25.00,0,2,2,252.00
52513,1,0,Mobile Phone,3,21,Credit Card,Male,2.00,5,Laptop & Accessory,1,Married,7,1,14.00,0,2,2,154.00
52514,0,0,Computer,1,8,COD,Female,2.00,3,Mobile Phone,1,Single,2,1,13.00,0,1,3,138.00
52515,0,0,Phone,1,14,Credit Card,Female,2.00,1,Mobile,3,Married,8,0,17.00,0,1,2,135.00
52516,0,0,Computer,1,14,CC,Male,2.00,3,Mobile,1,Single,3,0,13.00,0,1,2,126.00
52517,1,9,Phone,1,13,Debit Card,Male,3.00,3,Mobile,5,Single,4,1,14.00,0,1,3,122.00
52518,0,2,Mobile Phone,3,16,Credit Card,Male,2.00,4,Laptop & Accessory,3,Single,10,0,11.00,1,1,4,159.00
52519,0,9,Mobile Phone,1,11,Debit Card,Female,2.00,3,Fashion,5,Married,5,0,12.00,1,1,2,180.00
52520,0,0,Computer,1,8,Debit Card,Male,3.00,1,Laptop & Accessory,3,Married,2,0,17.00,1,1,7,152.00
52521,0,12,Mobile Phone,1,18,Credit Card,Male,3.00,3,Laptop & Accessory,4,Married,5,0,21.00,1,1,0,153.00
52522,0,22,Mobile Phone,1,28,UPI,Female,3.00,3,Grocery,4,Married,4,0,16.00,1,1,2,264.00
52523,0,23,Mobile Phone,1,23,Debit Card,Female,2.00,4,Fashion,5,Married,6,0,15.00,0,2,11,233.00
52524,0,0,Phone,3,8,CC,Female,3.00,3,Mobile,3,Single,2,0,19.00,0,2,2,128.00
52525,0,7,Mobile Phone,1,9,Debit Card,Female,3.00,3,Laptop & Accessory,4,Married,2,0,12.00,1,7,9,154.00
52526,0,9,Mobile Phone,1,13,Debit Card,Male,3.00,3,Mobile,4,Single,3,0,11.00,0,1,3,120.00
52527,0,22,Mobile Phone,1,12,Debit Card,Female,2.00,4,Grocery,3,Married,3,1,19.00,2,2,12,240.00
52528,0,9,Computer,1,7,Credit Card,Female,2.00,4,Laptop & Accessory,3,Married,1,0,15.00,0,1,2,144.00
52529,0,9,Mobile Phone,1,9,Debit Card,Male,3.00,1,Laptop & Accessory,5,Married,7,0,20.00,0,1,4,168.00
52530,0,27,Mobile Phone,1,28,Credit Card,Female,3.00,3,Grocery,3,Married,4,0,25.00,1,4,7,274.00
52531,0,16,Mobile Phone,1,21,Debit Card,Male,3.00,4,Grocery,3,Married,2,0,24.00,1,6,11,276.00
52532,1,0,Computer,3,18,UPI,Male,2.00,3,Laptop & Accessory,1,Single,4,1,24.00,5,6,7,146.00
52533,0,11,Computer,1,7,Debit Card,Male,2.00,3,Laptop & Accessory,1,Married,8,0,15.00,1,2,9,147.00
52534,0,2,Phone,3,11,Credit Card,Male,2.00,4,Laptop & Accessory,4,Married,2,1,13.00,0,1,9,142.00
52535,0,6,Mobile Phone,3,8,Credit Card,Male,3.00,3,Laptop & Accessory,1,Married,2,0,14.00,1,1,4,155.00
52536,0,5,Mobile Phone,1,8,Credit Card,Male,2.00,3,Laptop & Accessory,4,Married,1,0,13.00,1,1,6,155.00
52537,0,4,Mobile Phone,3,11,Debit Card,Female,3.00,3,Laptop & Accessory,1,Married,2,0,11.00,0,1,2,155.00
52538,0,22,Phone,1,14,CC,Female,3.00,3,Mobile,5,Married,5,1,16.00,0,2,2,126.00
52539,0,11,Computer,1,14,CC,Female,2.00,4,Mobile,4,Single,2,0,22.00,0,3,3,124.00
52540,0,20,Mobile Phone,3,8,Debit Card,Female,2.00,1,Grocery,4,Married,7,0,14.00,1,2,2,260.00
52541,0,22,Mobile Phone,1,7,Debit Card,Male,2.00,3,Grocery,3,Single,5,0,14.00,1,2,0,254.00
52542,0,14,Mobile Phone,3,29,Debit Card,Male,3.00,3,Fashion,3,Single,4,1,16.00,0,1,2,171.00
52543,0,0,Phone,3,15,Debit Card,Male,3.00,3,Mobile,5,Single,2,0,11.00,0,1,2,127.00
52544,0,6,Computer,3,22,Debit Card,Female,2.00,3,Laptop & Accessory,1,Married,2,1,25.00,0,1,2,154.00
52545,0,9,Mobile Phone,1,32,Debit Card,Male,3.00,3,Laptop & Accessory,3,Married,7,0,14.00,1,1,2,153.00
52546,0,17,Phone,2,7,Debit Card,Female,2.00,3,Mobile,1,Married,5,1,18.00,2,2,2,132.00
52547,1,0,Phone,1,14,Credit Card,Male,3.00,4,Mobile Phone,3,Single,2,1,11.00,1,1,2,140.00
52548,0,11,Phone,1,10,CC,Female,2.00,3,Mobile,3,Married,8,0,19.00,0,1,0,133.00
52549,0,26,Mobile Phone,1,30,Credit Card,Male,2.00,1,Fashion,1,Married,4,0,15.00,0,1,2,170.00
52550,1,11,Computer,3,14,CC,Female,3.00,3,Mobile,3,Married,3,1,11.00,1,7,7,127.00
52551,1,9,Mobile Phone,1,8,Debit Card,Male,3.00,3,Mobile Phone,4,Single,2,0,12.00,0,1,0,114.00
52552,0,0,Computer,1,14,CC,Male,3.00,3,Mobile,1,Single,2,0,20.00,0,5,7,126.00
52553,0,28,Phone,1,28,COD,Male,3.00,4,Mobile,4,Married,6,0,12.00,1,1,2,135.00
52554,0,7,Phone,1,11,Credit Card,Male,2.00,4,Laptop & Accessory,1,Married,2,0,14.00,0,4,13,140.00
52555,0,30,Mobile Phone,1,7,Credit Card,Male,3.00,5,Fashion,1,Married,4,0,20.00,1,1,0,209.00
52556,0,9,Phone,1,27,CC,Male,3.00,1,Mobile,4,Married,2,0,18.00,0,2,13,120.00
52557,0,10,Computer,3,7,Credit Card,Male,2.00,5,Laptop & Accessory,1,Married,2,0,14.00,1,1,3,195.00
52558,0,7,Phone,1,25,Debit Card,Female,3.00,4,Mobile,1,Married,2,0,12.00,1,8,7,129.00
52559,1,9,Phone,3,13,Debit Card,Male,3.00,3,Mobile,1,Married,2,1,21.00,1,1,2,123.00
52560,0,17,Mobile Phone,1,8,Debit Card,Female,3.00,1,Fashion,1,Married,2,1,19.00,1,6,7,179.00
52561,0,8,Computer,1,8,Credit Card,Male,3.00,4,Mobile Phone,1,Single,1,1,14.00,1,1,4,149.00
52562,0,16,Mobile Phone,3,8,Credit Card,Male,3.00,3,Laptop & Accessory,1,Married,2,1,17.00,3,8,8,178.00
52563,0,0,Phone,1,15,Credit Card,Male,3.00,1,Mobile Phone,3,Married,2,0,16.00,0,1,4,144.00
52564,0,14,Mobile Phone,3,12,E wallet,Male,2.00,3,Fashion,3,Single,2,0,12.00,3,8,7,192.00
52565,0,2,Phone,1,15,CC,Female,3.00,3,Mobile,3,Married,10,0,17.00,0,1,2,130.00
52566,0,9,Phone,3,8,Debit Card,Female,2.00,3,Laptop & Accessory,1,Single,4,0,15.00,6,6,7,145.00
52567,0,18,Computer,1,7,Debit Card,Male,3.00,4,Fashion,3,Married,4,0,23.00,4,14,4,207.00
52568,1,9,Mobile Phone,2,28,UPI,Male,2.00,5,Mobile Phone,3,Married,2,0,11.00,0,1,0,116.00
52569,1,10,Computer,3,15,Debit Card,Male,2.00,5,Grocery,3,Married,8,0,11.00,6,14,3,229.00
52570,0,9,Phone,1,23,CC,Male,3.00,5,Mobile,3,Married,2,0,15.00,1,1,2,123.00
52571,0,18,Mobile Phone,1,34,Cash on Delivery,Female,2.00,4,Grocery,4,Single,2,0,11.00,1,8,6,267.00
52572,0,5,Computer,1,16,Debit Card,Male,2.00,3,Mobile,3,Married,7,0,13.00,0,1,3,134.00
52573,0,4,Phone,1,8,Debit Card,Male,3.00,3,Mobile,3,Married,2,0,14.00,1,1,3,135.00
52574,0,14,Computer,2,10,UPI,Male,2.00,5,Laptop & Accessory,4,Married,7,0,19.00,0,1,2,164.00
52575,0,13,Mobile Phone,1,14,Debit Card,Female,3.00,3,Laptop & Accessory,5,Married,3,1,16.00,1,1,0,165.00
52576,0,0,Phone,1,35,Credit Card,Male,3.00,3,Mobile Phone,5,Married,2,0,13.00,1,1,2,139.00
52577,0,19,Mobile Phone,1,19,Debit Card,Male,2.00,3,Laptop & Accessory,4,Single,7,0,14.00,1,1,9,156.00
52578,0,8,Mobile Phone,1,33,Debit Card,Male,2.00,3,Laptop & Accessory,3,Married,3,0,16.00,1,1,7,169.00
52579,0,3,Phone,1,22,Debit Card,Male,3.00,3,Mobile,1,Married,2,0,12.00,0,1,8,129.00
52580,0,20,Computer,3,8,E wallet,Male,2.00,3,Laptop & Accessory,4,Married,8,0,11.00,0,1,0,150.00
52581,0,19,Mobile Phone,3,8,Debit Card,Male,3.00,3,Fashion,1,Married,5,1,12.00,0,1,3,204.00
52582,1,0,Mobile Phone,3,19,E wallet,Male,3.00,4,Laptop & Accessory,5,Married,6,1,13.00,1,2,2,161.00
52583,1,0,Mobile Phone,3,7,Debit Card,Male,2.00,5,Laptop & Accessory,4,Single,7,0,15.00,0,1,0,167.00
52584,0,0,Phone,1,10,CC,Female,2.00,3,Mobile,4,Single,2,0,13.00,0,1,2,133.00
52585,0,4,Computer,1,30,COD,Female,1.00,3,Laptop & Accessory,1,Single,3,0,20.00,0,1,4,152.00
52586,0,12,Computer,1,7,Debit Card,Male,3.00,3,Laptop & Accessory,1,Married,2,1,15.00,0,5,8,165.00
52587,0,5,Mobile Phone,3,25,Debit Card,Male,3.00,5,Fashion,3,Married,4,0,13.00,0,1,2,196.00
52588,0,13,Mobile Phone,3,13,Credit Card,Male,2.00,3,Others,4,Single,2,0,15.00,12,12,8,298.00
52589,0,18,Mobile Phone,2,10,Debit Card,Female,2.00,5,Fashion,3,Married,5,0,21.00,1,1,3,198.00
52590,0,3,Computer,1,8,COD,Female,3.00,4,Mobile Phone,5,Single,1,0,16.00,0,1,7,150.00
52591,0,9,Computer,2,16,CC,Male,2.00,3,Mobile,1,Married,1,0,14.00,0,2,1,121.00
52592,1,9,Computer,2,14,UPI,Female,3.00,4,Mobile,1,Married,7,0,11.00,1,1,2,122.00
52593,0,4,Mobile Phone,3,11,COD,Male,2.00,3,Laptop & Accessory,3,Married,2,0,19.00,1,1,2,183.00
52594,0,0,Phone,1,14,CC,Female,3.00,3,Mobile,1,Single,2,0,11.00,0,1,4,134.00
52595,1,0,Phone,3,15,E wallet,Female,3.00,5,Mobile,4,Single,2,0,13.00,2,2,2,128.00
52596,0,2,Computer,1,7,Debit Card,Male,3.00,1,Laptop & Accessory,3,Single,9,1,12.00,1,1,2,163.00
52597,0,3,Mobile Phone,3,21,E wallet,Male,3.00,4,Fashion,5,Married,3,0,11.00,1,1,7,171.00
52598,0,7,Phone,1,8,CC,Male,3.00,1,Mobile,1,Married,1,1,14.00,1,1,2,129.00
52599,0,6,Computer,3,8,E wallet,Female,3.00,3,Laptop & Accessory,4,Single,9,0,15.00,1,1,7,151.00
52600,0,22,Phone,3,17,E wallet,Female,3.00,3,Laptop & Accessory,1,Single,4,0,12.00,0,1,4,145.00
52601,1,0,Mobile Phone,3,22,Debit Card,Female,3.00,3,Fashion,5,Single,3,1,20.00,1,1,0,186.00
52602,0,11,Computer,1,14,CC,Female,3.00,4,Mobile,4,Married,5,0,14.00,0,1,5,125.00
52603,1,0,Mobile Phone,3,22,E wallet,Male,3.00,3,Fashion,3,Married,3,0,13.00,0,1,0,182.00
52604,0,9,Phone,1,10,Cash on Delivery,Female,3.00,4,Mobile,5,Married,2,0,13.00,0,1,0,121.00
52605,0,3,Mobile Phone,1,22,Debit Card,Male,2.00,1,Laptop & Accessory,3,Married,4,0,16.00,1,1,7,153.00
52606,0,5,Computer,1,11,COD,Male,3.00,3,Mobile,4,Single,3,0,14.00,1,1,7,127.00
52607,0,11,Mobile Phone,1,24,Credit Card,Male,2.00,5,Laptop & Accessory,1,Married,4,1,16.00,0,1,0,158.00
52608,1,6,Computer,1,14,COD,Male,2.00,4,Mobile,3,Married,10,1,16.00,1,1,0,124.00
52609,0,15,Phone,1,18,CC,Male,3.00,3,Mobile,4,Married,9,0,22.00,1,1,4,128.00
52610,0,28,Mobile Phone,1,8,Credit Card,Male,2.00,4,Others,5,Married,9,0,12.00,1,1,0,290.00
52611,0,6,Computer,1,10,COD,Male,3.00,3,Laptop & Accessory,4,Married,6,0,15.00,0,1,7,131.00
52612,0,9,Phone,1,15,Debit Card,Male,3.00,3,Mobile,5,Married,2,0,20.00,0,1,4,123.00
52613,0,7,Computer,3,16,Debit Card,Male,2.00,3,Laptop & Accessory,3,Married,2,1,14.00,1,1,7,140.00
52614,0,26,Computer,1,7,Credit Card,Female,2.00,4,Grocery,3,Married,5,1,20.00,1,1,3,230.00
52615,0,16,Phone,2,8,Debit Card,Male,3.00,3,Mobile,1,Single,1,0,13.00,1,1,8,135.00
52616,0,7,Mobile Phone,3,9,Debit Card,Female,2.00,5,Laptop & Accessory,1,Single,6,0,12.00,2,2,2,160.00
52617,1,0,Phone,3,13,E wallet,Male,3.00,3,Mobile,4,Single,2,0,13.00,0,1,0,127.00
52618,0,11,Phone,1,12,UPI,Female,2.00,4,Mobile Phone,3,Married,2,0,11.00,1,1,4,137.00
52619,1,0,Phone,1,14,CC,Female,3.00,3,Mobile,5,Married,2,1,17.00,0,1,0,124.00
52620,0,4,Mobile Phone,3,35,E wallet,Female,3.00,4,Laptop & Accessory,1,Married,2,0,14.00,0,5,7,155.00
52621,0,24,Mobile Phone,1,9,Cash on Delivery,Female,2.00,3,Fashion,3,Married,3,0,11.00,2,2,3,231.00
52622,0,10,Phone,3,15,E wallet,Male,2.00,4,Laptop & Accessory,4,Married,2,0,14.00,1,1,3,142.00
52623,0,19,Mobile Phone,1,8,Credit Card,Male,2.00,3,Others,1,Married,8,1,15.00,2,2,2,293.00
52624,0,9,Mobile Phone,1,16,Debit Card,Male,2.00,3,Fashion,5,Married,8,1,13.00,2,5,7,183.00
52625,1,7,Computer,1,14,CC,Male,3.00,3,Mobile,4,Married,2,1,12.00,2,2,3,123.00
52626,0,10,Phone,2,14,UPI,Male,2.00,3,Laptop & Accessory,4,Married,3,0,13.00,3,4,7,141.00
52627,1,0,Mobile Phone,3,33,Debit Card,Male,2.00,3,Laptop & Accessory,1,Single,2,1,18.00,3,7,7,158.00
52628,0,6,Phone,1,14,Debit Card,Male,3.00,1,Mobile,5,Married,7,0,19.00,3,7,6,131.00
52629,0,9,Phone,1,7,Debit Card,Male,2.00,3,Mobile,1,Married,2,0,11.00,0,1,3,120.00
52630,0,12,Mobile Phone,1,16,Credit Card,Male,3.00,3,Fashion,3,Single,8,0,21.00,2,2,2,235.00
52631,0,19,Computer,3,32,Debit Card,Male,3.00,4,Laptop & Accessory,4,Single,9,0,15.00,1,2,2,180.00
52632,0,13,Phone,1,8,Debit Card,Female,3.00,3,Mobile,5,Married,5,0,17.00,1,1,2,134.00
52633,0,15,Mobile Phone,1,19,Credit Card,Male,3.00,1,Laptop & Accessory,5,Married,6,0,18.00,1,1,0,155.00
52634,0,8,Computer,1,8,Credit Card,Male,2.00,3,Laptop & Accessory,1,Married,3,0,14.00,1,1,7,158.00
52635,0,11,Computer,2,14,UPI,Male,3.00,3,Mobile,4,Married,6,0,13.00,2,3,8,126.00
52636,1,0,Computer,1,15,Debit Card,Male,3.00,3,Laptop & Accessory,5,Married,5,0,17.00,0,1,7,153.00
52637,1,0,Phone,1,16,Credit Card,Male,2.00,3,Laptop & Accessory,5,Single,2,0,15.00,0,1,8,142.00
52638,0,12,Computer,3,26,Debit Card,Male,2.00,3,Laptop & Accessory,1,Married,3,0,18.00,1,2,2,141.00
52639,0,16,Computer,1,14,Debit Card,Male,2.00,3,Mobile,3,Single,5,0,13.00,1,1,2,124.00
52640,0,14,Mobile Phone,1,11,Debit Card,Male,2.00,1,Laptop & Accessory,4,Single,4,0,12.00,0,1,2,169.00
52641,0,14,Mobile Phone,3,10,E wallet,Female,2.00,3,Fashion,3,Married,1,1,13.00,5,13,5,204.00
52642,0,3,Mobile Phone,1,16,Credit Card,Female,3.00,3,Fashion,3,Single,10,0,14.00,0,1,2,197.00
52643,1,9,Phone,2,26,CC,Female,3.00,3,Mobile,4,Married,1,1,11.00,0,1,4,121.00
52644,1,9,Mobile Phone,1,27,Credit Card,Female,3.00,3,Laptop & Accessory,4,Married,5,0,22.00,3,3,7,189.00
52645,0,13,Mobile Phone,1,7,Debit Card,Female,2.00,3,Laptop & Accessory,1,Married,5,0,17.00,0,1,3,165.00
52646,0,7,Mobile Phone,3,14,COD,Male,3.00,1,Laptop & Accessory,3,Married,2,0,21.00,2,4,8,168.00
52647,0,30,Computer,3,8,Credit Card,Male,2.00,3,Grocery,4,Married,5,0,22.00,1,14,14,263.00
52648,0,8,Phone,1,29,CC,Male,3.00,5,Mobile,3,Married,1,0,16.00,0,1,3,127.00
52649,0,20,Mobile Phone,1,10,Debit Card,Female,3.00,4,Fashion,4,Married,9,1,12.00,5,14,10,203.00
52650,0,13,Phone,1,18,Debit Card,Female,2.00,3,Laptop & Accessory,5,Married,3,0,12.00,1,7,7,144.00
52651,0,27,Mobile Phone,1,13,Credit Card,Female,3.00,3,Laptop & Accessory,1,Married,5,0,15.00,1,1,7,169.00
52652,0,4,Computer,3,13,E wallet,Female,3.00,3,Fashion,5,Married,3,0,14.00,2,2,2,196.00
52653,0,1,Phone,1,7,Credit Card,Female,3.00,3,Mobile Phone,5,Married,2,0,25.00,1,1,2,136.00
52654,0,11,Mobile Phone,3,8,E wallet,Female,3.00,5,Laptop & Accessory,1,Married,3,1,20.00,0,1,3,154.00
52655,0,0,Phone,3,16,Credit Card,Male,2.00,3,Laptop & Accessory,1,Single,2,0,13.00,1,1,2,147.00
52656,0,30,Computer,1,21,Debit Card,Male,2.00,3,Grocery,3,Married,3,1,14.00,2,2,2,258.00
52657,0,9,Computer,1,20,Credit Card,Female,2.00,3,Mobile Phone,3,Single,2,0,16.00,1,1,0,115.00
52658,1,0,Phone,2,24,UPI,Male,3.00,1,Mobile,5,Married,1,0,17.00,1,1,0,130.00
52659,1,0,Phone,2,14,UPI,Male,2.00,4,Mobile,5,Married,5,1,15.00,2,2,0,123.00
52660,0,18,Computer,3,8,Debit Card,Female,3.00,3,Laptop & Accessory,3,Married,5,0,22.00,3,5,7,152.00
52661,0,9,Mobile Phone,1,8,UPI,Female,3.00,3,Laptop & Accessory,4,Married,5,1,22.00,1,1,0,170.00
52662,0,16,Computer,3,8,Debit Card,Male,3.00,3,Laptop & Accessory,1,Married,2,0,20.00,7,7,7,157.00
52663,0,0,Computer,1,14,Debit Card,Female,2.00,3,Mobile,1,Single,1,1,14.00,1,1,2,124.00
52664,0,2,Computer,1,26,Credit Card,Male,2.00,3,Mobile Phone,1,Married,2,0,13.00,1,3,10,138.00
52665,0,5,Computer,3,16,E wallet,Male,3.00,3,Laptop & Accessory,1,Single,9,0,13.00,0,1,0,146.00
52666,0,15,Computer,1,16,COD,Male,3.00,3,Mobile,3,Married,4,0,22.00,3,3,3,129.00
52667,0,9,Phone,1,15,Debit Card,Female,3.00,3,Mobile,3,Single,5,0,12.00,0,2,0,121.00
52668,0,19,Mobile Phone,1,8,Debit Card,Male,2.00,3,Fashion,1,Married,4,0,14.00,0,4,7,186.00
52669,0,1,Computer,2,7,Debit Card,Male,3.00,3,Mobile,1,Married,2,0,15.00,1,2,2,127.00
52670,0,2,Mobile Phone,1,35,Debit Card,Male,3.00,5,Laptop & Accessory,3,Married,9,0,17.00,0,1,6,164.00
52671,0,15,Phone,1,14,Debit Card,Male,2.00,3,Mobile Phone,3,Single,5,0,13.00,1,1,0,140.00
52672,1,0,Mobile Phone,3,8,E wallet,Male,2.00,4,Laptop & Accessory,4,Single,8,1,12.00,1,2,2,199.00
52673,0,19,Mobile Phone,3,9,Cash on Delivery,Female,2.00,1,Grocery,5,Married,3,0,12.00,2,2,8,232.00
52674,0,0,Phone,3,29,Credit Card,Female,2.00,4,Laptop & Accessory,3,Married,2,0,21.00,3,5,8,135.00
52675,0,2,Phone,2,12,CC,Male,3.00,4,Mobile,4,Married,2,0,11.00,1,1,0,128.00
52676,0,16,Mobile Phone,1,12,Credit Card,Female,2.00,4,Others,3,Married,8,0,15.00,6,6,14,294.00
52677,0,21,Mobile Phone,1,16,Debit Card,Male,3.00,4,Others,4,Married,5,0,15.00,3,12,9,297.00
52678,1,0,Computer,1,14,Debit Card,Male,3.00,4,Mobile,1,Single,2,1,24.00,1,1,0,124.00
52679,1,9,Mobile Phone,3,16,Debit Card,Female,3.00,3,Fashion,4,Married,6,0,21.00,1,1,7,173.00
52680,0,0,Computer,1,21,Debit Card,Female,3.00,4,Mobile Phone,5,Married,1,0,19.00,0,7,3,148.00
52681,0,12,Phone,1,25,UPI,Male,2.00,3,Laptop & Accessory,1,Married,9,0,14.00,0,2,2,139.00
52682,0,28,Phone,1,8,COD,Male,3.00,4,Mobile,1,Married,9,0,20.00,1,1,4,127.00
52683,0,1,Phone,3,9,CC,Female,3.00,3,Mobile,4,Married,2,0,19.00,1,1,0,129.00
52684,1,0,Mobile Phone,3,15,Credit Card,Male,2.00,3,Mobile Phone,1,Single,2,0,13.00,0,1,0,111.00
52685,1,0,Phone,1,14,Debit Card,Male,3.00,3,Mobile,4,Single,2,1,23.00,1,1,0,125.00
52686,0,9,Mobile Phone,3,16,COD,Female,3.00,4,Laptop & Accessory,3,Married,2,1,13.00,0,1,7,157.00
52687,0,4,Phone,1,26,Debit Card,Male,2.00,3,Laptop & Accessory,3,Married,2,0,11.00,0,1,2,142.00
52688,0,7,Mobile Phone,3,10,Debit Card,Male,3.00,3,Fashion,1,Married,3,1,13.00,0,1,0,197.00
52689,0,9,Phone,1,13,Debit Card,Male,2.00,3,Mobile,5,Single,4,0,14.00,0,1,2,121.00
52690,0,10,Phone,1,13,Credit Card,Male,3.00,3,Laptop & Accessory,5,Married,6,1,22.00,0,1,4,143.00
52691,0,8,Phone,1,22,UPI,Female,2.00,4,Laptop & Accessory,4,Married,1,1,11.00,0,1,2,148.00
52692,0,18,Mobile Phone,1,31,Debit Card,Female,3.00,4,Laptop & Accessory,1,Married,1,0,13.00,0,3,8,159.00
52693,0,9,Computer,2,8,UPI,Male,3.00,4,Laptop & Accessory,1,Single,2,0,21.00,1,1,8,139.00
52694,0,13,Mobile Phone,1,7,Debit Card,Male,3.00,3,Grocery,5,Married,3,0,11.00,1,11,16,268.00
52695,0,0,Phone,1,7,Debit Card,Female,3.00,4,Mobile,3,Married,2,1,13.00,0,1,0,129.00
52696,0,0,Mobile Phone,3,8,Credit Card,Female,2.00,1,Laptop & Accessory,3,Single,1,0,14.00,0,1,7,165.00
52697,0,21,Computer,1,28,Credit Card,Female,2.00,3,Grocery,1,Married,4,0,11.00,1,4,7,272.00
52698,0,17,Mobile Phone,1,7,Debit Card,Male,3.00,1,Laptop & Accessory,5,Married,3,0,15.00,1,2,2,150.00
52699,1,9,Computer,1,22,COD,Male,2.00,5,Mobile,5,Married,2,1,23.00,0,3,0,123.00
52700,1,19,Phone,1,14,Debit Card,Male,3.00,3,Mobile,1,Single,2,0,16.00,0,1,0,126.00
52701,0,9,Mobile Phone,3,23,E wallet,Male,2.00,4,Laptop & Accessory,4,Married,3,0,16.00,1,1,3,155.00
52702,0,14,Phone,3,14,E wallet,Female,2.00,3,Laptop & Accessory,4,Married,6,0,21.00,0,1,4,144.00
52703,0,15,Mobile Phone,1,12,Credit Card,Male,2.00,3,Fashion,5,Married,10,0,13.00,5,2,7,233.00
52704,0,4,Mobile Phone,3,16,Credit Card,Female,2.00,3,Laptop & Accessory,1,Married,3,1,11.00,1,1,4,166.00
52705,0,7,Mobile Phone,3,9,Credit Card,Female,3.00,4,Laptop & Accessory,1,Married,4,1,12.00,0,1,1,181.00
52706,0,4,Phone,1,10,Credit Card,Female,3.00,1,Mobile Phone,3,Married,9,0,12.00,1,2,2,140.00
52707,0,0,Computer,1,14,UPI,Male,3.00,1,Mobile,1,Married,1,0,18.00,2,7,7,125.00
52708,0,18,Computer,1,7,Credit Card,Male,2.00,3,Laptop & Accessory,3,Single,5,0,12.00,0,1,3,154.00
52709,0,6,Mobile Phone,3,16,E wallet,Male,2.00,3,Laptop & Accessory,3,Single,2,0,14.00,0,1,9,155.00
52710,0,1,Computer,3,7,Debit Card,Male,2.00,4,Laptop & Accessory,1,Married,2,1,12.00,1,1,7,168.00
52711,1,0,Computer,3,30,Cash on Delivery,Male,2.00,1,Mobile Phone,5,Single,2,0,17.00,0,1,0,111.00
52712,0,12,Computer,3,27,Debit Card,Female,2.00,5,Laptop & Accessory,3,Married,7,0,19.00,0,1,2,157.00
52713,0,9,Phone,1,8,COD,Male,2.00,3,Mobile,4,Married,2,0,11.00,0,1,2,122.00
52714,0,7,Computer,1,28,UPI,Male,2.00,4,Laptop & Accessory,1,Married,2,1,15.00,3,6,11,157.00
52715,1,0,Mobile Phone,3,19,E wallet,Female,2.00,3,Laptop & Accessory,3,Single,4,1,11.00,0,2,2,199.00
52716,0,20,Computer,1,20,COD,Male,3.00,3,Laptop & Accessory,4,Married,9,0,18.00,0,1,7,155.00
52717,0,29,Mobile Phone,3,17,E wallet,Female,2.00,4,Laptop & Accessory,5,Married,5,0,16.00,0,1,0,154.00
52718,0,12,Mobile Phone,1,15,Credit Card,Male,2.00,3,Laptop & Accessory,5,Married,2,0,25.00,0,7,9,152.00
52719,0,9,Computer,1,14,CC,Female,2.00,4,Laptop & Accessory,4,Married,2,1,16.00,1,1,7,121.00
52720,0,60,Mobile Phone,3,27,Debit Card,Female,3.00,3,Grocery,1,Married,5,1,13.00,1,1,0,279.00
52721,1,0,Computer,1,14,Debit Card,Female,2.00,1,Mobile,3,Single,4,1,14.00,0,1,3,124.00
52722,0,11,Phone,1,15,Debit Card,Male,3.00,3,Mobile Phone,1,Married,3,0,19.00,0,1,3,148.00
52723,0,22,Computer,1,8,Debit Card,Male,2.00,3,Others,1,Married,4,0,15.00,1,4,3,292.00
52724,0,15,Mobile Phone,3,18,E wallet,Male,3.00,3,Laptop & Accessory,1,Married,4,1,12.00,1,1,0,151.00
52725,1,0,Computer,2,28,UPI,Female,3.00,4,Mobile,4,Married,2,0,12.00,1,1,0,129.00
52726,0,8,Mobile Phone,3,24,Credit Card,Male,3.00,3,Laptop & Accessory,5,Married,1,0,16.00,1,1,4,156.00
52727,0,9,Computer,1,22,CC,Male,2.00,3,Mobile,3,Single,2,0,14.00,0,1,4,121.00
52728,0,4,Computer,1,9,CC,Male,3.00,3,Mobile,5,Married,2,1,13.00,2,2,3,131.00
52729,0,9,Computer,1,15,Debit Card,Male,3.00,1,Mobile,4,Married,2,0,22.00,1,1,2,128.00
52730,0,7,Mobile Phone,3,7,E wallet,Male,2.00,3,Fashion,1,Single,2,0,21.00,2,2,1,199.00
52731,0,7,Mobile Phone,3,19,Credit Card,Male,2.00,3,Fashion,3,Married,2,0,18.00,0,1,1,186.00
52732,0,0,Phone,1,7,CC,Male,3.00,3,Mobile,5,Single,1,0,13.00,7,7,6,129.00
52733,0,2,Mobile Phone,1,7,Debit Card,Male,2.00,3,Laptop & Accessory,5,Married,1,0,12.00,0,1,2,154.00
52734,0,5,Computer,1,21,Credit Card,Female,2.00,3,Laptop & Accessory,1,Married,6,0,18.00,0,1,2,167.00
52735,0,4,Computer,1,7,Debit Card,Male,2.00,5,Laptop & Accessory,5,Married,2,0,21.00,6,8,7,150.00
52736,1,0,Phone,1,14,COD,Male,2.00,4,Mobile,1,Married,6,0,12.00,1,1,3,124.00
52737,0,11,Phone,3,7,Debit Card,Male,3.00,4,Mobile,5,Single,5,0,14.00,1,1,0,129.00
52738,0,8,Mobile Phone,3,13,Debit Card,Female,2.00,3,Laptop & Accessory,1,Married,2,1,11.00,1,1,9,152.00
52739,0,0,Phone,3,15,E wallet,Male,2.00,3,Laptop & Accessory,1,Single,2,0,14.00,1,1,7,141.00
52740,0,5,Mobile Phone,1,11,Debit Card,Male,2.00,4,Laptop & Accessory,1,Single,9,0,24.00,1,1,0,197.00
52741,1,0,Computer,3,32,E wallet,Male,3.00,3,Laptop & Accessory,1,Married,2,1,11.00,0,1,8,156.00
52742,1,16,Mobile Phone,3,30,Debit Card,Male,3.00,3,Fashion,5,Single,7,1,13.00,0,2,2,204.00
52743,0,27,Phone,1,15,Debit Card,Female,3.00,3,Laptop & Accessory,3,Married,4,0,11.00,1,2,3,129.00
52744,0,6,Computer,1,13,Debit Card,Male,2.00,3,Laptop & Accessory,3,Married,2,0,20.00,0,2,8,160.00
52745,0,16,Mobile Phone,1,17,Debit Card,Male,1.00,3,Fashion,3,Married,2,0,17.00,1,1,9,175.00
52746,0,11,Computer,2,7,UPI,Male,3.00,3,Mobile,4,Married,1,1,11.00,0,1,2,130.00
52747,0,28,Mobile Phone,2,32,UPI,Male,3.00,1,Others,4,Married,5,1,15.00,1,1,4,296.00
52748,0,4,Mobile Phone,1,8,Credit Card,Female,2.00,5,Mobile Phone,1,Married,2,1,11.00,0,1,0,111.00
52749,0,12,Mobile Phone,3,21,E wallet,Male,3.00,3,Grocery,5,Single,1,0,12.00,4,2,10,233.00
52750,0,15,Computer,1,29,Debit Card,Male,2.00,4,Laptop & Accessory,3,Single,2,0,12.00,3,3,7,143.00
52751,0,4,Computer,1,16,Credit Card,Female,2.00,3,Fashion,3,Married,5,0,20.00,3,4,3,210.00
52752,0,27,Phone,1,16,Credit Card,Female,3.00,3,Laptop & Accessory,5,Single,7,1,19.00,0,1,4,144.00
52753,0,0,Phone,1,7,Debit Card,Male,2.00,4,Laptop & Accessory,3,Single,2,0,12.00,1,1,2,146.00
52754,0,0,Phone,1,14,UPI,Male,3.00,3,Mobile,1,Single,2,0,13.00,1,1,4,126.00
52755,0,13,Computer,1,17,COD,Female,3.00,3,Laptop & Accessory,3,Married,2,0,11.00,7,9,4,163.00
52756,0,13,Mobile Phone,3,8,E wallet,Female,3.00,3,Laptop & Accessory,4,Married,4,0,14.00,1,5,10,157.00
52757,0,9,Phone,2,8,UPI,Female,2.00,3,Mobile,4,Married,5,0,14.00,0,1,2,122.00
52758,0,3,Phone,1,7,Credit Card,Male,3.00,3,Mobile Phone,4,Married,2,0,13.00,1,1,7,137.00
52759,0,0,Phone,1,8,UPI,Male,2.00,3,Mobile Phone,3,Married,7,1,19.00,0,1,2,140.00
52760,0,20,Mobile Phone,1,31,Credit Card,Male,2.00,3,Fashion,3,Single,3,0,23.00,9,12,11,186.00
52761,0,9,Computer,1,7,CC,Male,2.00,4,Mobile,3,Married,2,0,12.00,0,1,0,120.00
52762,0,11,Phone,3,7,Debit Card,Male,2.00,3,Laptop & Accessory,4,Married,1,0,15.00,1,5,8,144.00
52763,0,4,Phone,3,8,Debit Card,Male,3.00,3,Mobile,3,Married,1,0,19.00,0,1,2,131.00
52764,0,11,Computer,1,12,Debit Card,Male,3.00,4,Laptop & Accessory,3,Married,3,0,11.00,2,7,7,153.00
52765,0,15,Mobile Phone,1,24,Debit Card,Male,2.00,3,Laptop & Accessory,5,Married,7,1,17.00,1,1,2,154.00
52766,0,14,Phone,1,7,Debit Card,Male,3.00,3,Mobile,1,Married,4,0,22.00,0,1,0,128.00
52767,0,20,Computer,1,7,Credit Card,Female,3.00,3,Fashion,4,Married,1,0,18.00,0,5,3,220.00
52768,0,8,Phone,1,17,CC,Male,2.00,3,Mobile,3,Married,8,1,11.00,2,2,2,127.00
52769,0,0,Phone,1,7,Debit Card,Male,3.00,3,Mobile,3,Single,1,0,12.00,1,1,2,134.00
52770,0,8,Mobile Phone,1,15,Credit Card,Male,2.00,3,Laptop & Accessory,3,Single,2,0,19.00,0,1,8,151.00
52771,0,6,Phone,1,21,Credit Card,Female,3.00,3,Laptop & Accessory,1,Married,1,1,13.00,6,8,1,149.00
52772,0,5,Phone,1,35,Debit Card,Female,3.00,4,Mobile,4,Single,2,0,13.00,0,4,1,128.00
52773,0,13,Phone,1,14,Debit Card,Male,2.00,3,Mobile,1,Married,9,0,19.00,1,1,0,124.00
52774,0,9,Phone,3,7,CC,Male,3.00,4,Mobile,4,Married,1,0,14.00,2,2,2,123.00
52775,0,12,Phone,1,30,Debit Card,Male,2.00,3,Laptop & Accessory,1,Single,8,0,13.00,0,1,7,141.00
52776,0,11,Mobile Phone,1,16,Credit Card,Female,3.00,5,Fashion,3,Married,4,0,12.00,0,2,11,232.00
52777,0,5,Mobile Phone,3,7,E wallet,Female,2.00,3,Fashion,1,Married,2,0,19.00,0,5,7,204.00
52778,0,10,Mobile Phone,1,16,Debit Card,Female,2.00,1,Fashion,1,Married,2,1,25.00,5,2,8,237.00
52779,0,0,Phone,3,14,UPI,Female,2.00,3,Laptop & Accessory,3,Married,1,1,22.00,0,1,4,149.00
52780,0,25,Computer,3,35,Debit Card,Male,2.00,3,Mobile,1,Married,3,0,15.00,1,1,0,135.00
52783,0,12,Computer,1,15,Debit Card,Male,2.00,3,Others,1,Single,3,0,15.00,1,1,3,294.00
52784,1,9,Computer,3,15,E wallet,Male,2.00,3,Mobile Phone,5,Married,2,0,19.00,1,1,0,118.00
52785,0,9,Mobile Phone,3,9,Credit Card,Female,3.00,4,Fashion,1,Married,1,0,19.00,0,3,4,176.00
52786,0,9,Computer,1,10,Debit Card,Female,3.00,3,Laptop & Accessory,4,Married,8,0,13.00,0,1,2,151.00
52787,0,29,Computer,1,7,Debit Card,Male,2.00,3,Laptop & Accessory,3,Married,2,0,21.00,0,1,9,163.00
52788,1,0,Phone,1,7,Credit Card,Male,2.00,3,Mobile Phone,1,Married,10,1,14.00,2,2,2,148.00
52789,0,15,Mobile Phone,1,8,Debit Card,Male,2.00,3,Others,3,Married,6,0,11.00,1,4,14,289.00
52790,1,19,Phone,1,14,COD,Male,3.00,3,Mobile,3,Married,9,0,11.00,6,9,8,123.00
52791,0,14,Mobile Phone,1,34,Debit Card,Female,2.00,4,Grocery,4,Married,1,0,23.00,1,2,10,236.00
52792,0,7,Mobile Phone,3,34,E wallet,Female,3.00,4,Laptop & Accessory,3,Married,2,0,21.00,1,1,7,167.00
52793,0,9,Computer,3,21,E wallet,Male,2.00,5,Laptop & Accessory,1,Married,2,0,24.00,5,11,11,154.00
52794,0,14,Mobile Phone,3,9,Debit Card,Male,2.00,4,Laptop & Accessory,4,Married,3,0,11.00,1,1,4,189.00
52795,0,5,Phone,1,14,COD,Male,3.00,3,Mobile,5,Single,2,0,14.00,0,1,2,124.00
52796,0,8,Mobile Phone,2,32,Debit Card,Female,2.00,3,Fashion,1,Single,2,1,16.00,1,1,7,188.00
52797,0,11,Mobile Phone,3,16,Debit Card,Female,3.00,3,Laptop & Accessory,1,Married,2,0,11.00,0,1,9,153.00
52798,1,13,Computer,3,7,Debit Card,Male,3.00,3,Laptop & Accessory,3,Married,8,0,12.00,1,1,1,167.00
52799,0,9,Mobile Phone,3,17,E wallet,Female,3.00,4,Laptop & Accessory,1,Married,5,0,13.00,1,1,0,167.00
52800,0,18,Phone,3,26,Debit Card,Female,2.00,3,Laptop & Accessory,3,Single,9,0,15.00,0,1,1,149.00
52801,0,13,Phone,1,8,Debit Card,Male,3.00,4,Mobile,3,Single,3,0,14.00,0,2,2,128.00
52802,0,8,Computer,1,24,Debit Card,Male,3.00,3,Laptop & Accessory,3,Married,2,1,14.00,0,1,2,157.00
52803,0,9,Mobile Phone,1,8,CC,Female,3.00,3,Mobile,3,Married,3,0,14.00,0,1,2,120.00
52804,0,8,Phone,1,7,Debit Card,Female,3.00,5,Mobile,1,Married,2,0,12.00,1,1,1,130.00
52805,0,2,Phone,1,19,UPI,Male,2.00,4,Laptop & Accessory,4,Married,5,1,13.00,0,1,3,140.00
52806,0,2,Phone,1,34,Credit Card,Female,3.00,4,Mobile Phone,5,Single,2,0,14.00,0,1,4,138.00
52807,1,13,Mobile Phone,3,34,E wallet,Male,2.00,4,Fashion,5,Married,5,1,13.00,2,2,0,209.00
52808,0,12,Mobile Phone,3,30,E wallet,Female,2.00,4,Grocery,1,Married,1,0,11.00,3,9,3,220.00
52809,0,4,Computer,1,11,Credit Card,Male,3.00,3,Laptop & Accessory,5,Single,1,0,19.00,1,1,7,199.00
52810,0,0,Phone,3,11,UPI,Female,3.00,4,Mobile,3,Single,1,0,18.00,1,1,0,130.00
52811,0,9,Computer,1,14,CC,Male,2.00,1,Laptop & Accessory,1,Married,5,0,17.00,0,1,3,126.00
52812,0,12,Mobile Phone,1,12,Credit Card,Male,2.00,4,Fashion,5,Married,5,0,15.00,0,1,7,200.00
52813,0,0,Mobile Phone,1,10,Debit Card,Male,2.00,1,Laptop & Accessory,4,Married,2,1,20.00,0,1,3,161.00
52814,0,22,Computer,3,8,Credit Card,Male,3.00,4,Laptop & Accessory,4,Married,3,0,14.00,1,1,8,154.00
52815,0,7,Phone,1,14,Credit Card,Male,2.00,1,Laptop & Accessory,3,Married,3,0,12.00,1,1,2,144.00
52816,1,5,Mobile Phone,3,7,Debit Card,Female,4.00,4,Laptop & Accessory,2,Single,10,1,12.00,2,2,6,185.00
52817,1,1,Phone,1,9,UPI,Male,4.00,5,Mobile Phone,3,Single,8,1,16.00,1,2,1,146.00
52818,1,1,Phone,1,31,Debit Card,Male,3.00,5,Mobile Phone,3,Single,7,1,15.00,1,2,4,145.00
52819,1,1,Mobile Phone,3,16,Debit Card,Male,3.00,5,Laptop & Accessory,5,Single,9,0,24.00,1,2,4,159.00
52820,1,1,Mobile Phone,1,13,Credit Card,Male,3.00,4,Mobile Phone,5,Single,4,0,12.00,2,2,4,155.00
52821,1,1,Computer,1,23,Debit Card,Female,4.00,6,Mobile Phone,5,Single,3,1,23.00,5,7,8,164.00
52822,1,3,Phone,3,12,COD,Male,3.00,4,Laptop & Accessory,2,Divorced,5,0,15.00,1,2,1,146.00
52823,1,1,Phone,1,7,Credit Card,Male,4.00,4,Mobile Phone,2,Divorced,4,1,17.00,3,3,1,148.00
52824,1,14,Mobile Phone,3,10,E wallet,Male,3.00,5,Mobile Phone,3,Divorced,3,1,15.00,1,2,3,152.00
52825,1,1,Phone,1,32,Debit Card,Male,3.00,6,Mobile Phone,3,Single,3,0,13.00,2,2,2,148.00
52826,1,5,Mobile Phone,1,19,Cash on Delivery,Female,3.00,4,Others,3,Divorced,3,0,15.00,10,16,9,320.00
52827,1,12,Mobile Phone,1,7,Debit Card,Male,4.00,5,Fashion,3,Single,11,1,14.00,1,2,1,179.00
52828,1,1,Mobile Phone,1,12,COD,Male,3.00,4,Mobile Phone,3,Single,3,1,14.00,3,3,3,159.00
52829,1,1,Mobile Phone,1,16,Credit Card,Male,4.00,5,Mobile Phone,3,Divorced,2,1,18.00,1,2,1,159.00
52830,1,10,Mobile Phone,3,16,Credit Card,Male,4.00,5,Fashion,2,Single,3,0,17.00,1,5,3,221.00
52831,1,1,Phone,2,13,UPI,Male,4.00,4,Mobile Phone,5,Married,6,1,23.00,2,2,3,146.00
52832,1,1,Computer,1,13,Debit Card,Female,4.00,5,Mobile Phone,2,Single,3,1,19.00,2,2,1,154.00
52833,1,1,Mobile Phone,3,12,E wallet,Male,3.00,5,Laptop & Accessory,3,Single,3,1,12.00,2,2,4,182.00
52834,1,1,Computer,1,14,Debit Card,Male,4.00,6,Laptop & Accessory,3,Single,3,1,25.00,2,2,7,186.00
52835,1,20,Mobile Phone,1,21,Debit Card,Female,4.00,4,Mobile Phone,4,Divorced,11,1,19.00,2,5,4,175.00
52836,1,1,Mobile Phone,3,13,Debit Card,Male,4.00,6,Laptop & Accessory,3,Divorced,6,1,19.00,7,8,8,187.00
52837,1,21,Mobile Phone,1,30,Credit Card,Female,4.00,4,Fashion,2,Divorced,3,0,13.00,12,16,3,228.00
52838,1,1,Phone,3,29,E wallet,Male,3.00,4,Mobile Phone,3,Single,3,1,20.00,1,2,1,142.00
52839,1,1,Mobile Phone,3,27,Debit Card,Female,4.00,6,Laptop & Accessory,3,Divorced,5,1,12.00,2,3,3,171.00
52840,1,15,Computer,1,15,Debit Card,Male,3.00,6,Fashion,2,Single,4,0,16.00,1,2,4,232.00
52841,1,1,Mobile Phone,1,16,Credit Card,Female,3.00,4,Mobile Phone,5,Single,9,0,23.00,2,2,5,167.00
52842,0,9,Mobile Phone,3,7,E wallet,Male,4.00,4,Fashion,4,Divorced,3,0,14.00,2,2,7,198.00
52843,0,27,Phone,3,13,E wallet,Male,3.00,4,Laptop & Accessory,3,Divorced,4,1,21.00,1,5,6,148.00
52844,0,19,Phone,1,16,Debit Card,Male,3.00,4,Laptop & Accessory,4,Married,10,0,19.00,2,2,16,148.00
52845,0,6,Computer,3,15,E wallet,Female,3.00,4,Fashion,2,Single,3,0,15.00,3,4,3,215.00
52846,0,3,Computer,1,7,COD,Male,3.00,4,Laptop & Accessory,3,Divorced,3,0,14.00,1,2,10,168.00
52847,0,1,Mobile Phone,1,14,Credit Card,Male,3.00,5,Laptop & Accessory,3,Divorced,4,0,18.00,2,2,1,186.00
52848,0,31,Mobile Phone,1,16,Credit Card,Female,4.00,5,Mobile Phone,4,Divorced,6,1,21.00,2,2,1,158.00
52849,0,14,Mobile Phone,3,11,E wallet,Male,4.00,5,Fashion,2,Divorced,9,0,12.00,3,2,12,234.00
52850,0,8,Computer,3,9,E wallet,Female,4.00,4,Mobile Phone,3,Divorced,8,0,19.00,2,2,3,147.00
52851,0,1,Phone,1,26,Credit Card,Male,4.00,4,Mobile Phone,2,Divorced,3,0,25.00,1,3,3,148.00
52852,0,1,Computer,1,16,Credit Card,Male,3.00,4,Mobile Phone,4,Married,8,0,19.00,1,3,3,145.00
52853,0,2,Mobile Phone,1,28,Credit Card,Male,3.00,4,Mobile Phone,2,Divorced,3,0,12.00,1,2,3,152.00
52854,0,31,Mobile Phone,1,31,Debit Card,Male,3.00,3,Fashion,2,Married,5,1,17.00,2,2,3,219.00
52855,0,1,Computer,1,10,Credit Card,Male,4.00,5,Mobile Phone,3,Married,3,1,16.00,1,2,2,151.00
52856,0,24,Mobile Phone,1,18,Debit Card,Female,3.00,4,Others,4,Single,5,0,16.00,3,5,5,324.00
52857,0,15,Phone,1,21,Debit Card,Male,3.00,4,Mobile Phone,3,Married,6,0,13.00,2,2,9,150.00
52858,0,4,Mobile Phone,3,12,Debit Card,Female,3.00,4,Fashion,2,Divorced,4,0,13.00,3,8,3,219.00
52859,0,12,Mobile Phone,3,7,Debit Card,Female,3.00,5,Laptop & Accessory,2,Single,6,0,23.00,2,2,3,212.00
52860,0,6,Mobile Phone,1,13,Debit Card,Male,3.00,4,Mobile Phone,3,Single,5,0,21.00,1,2,5,155.00
52861,0,1,Mobile Phone,1,24,COD,Male,3.00,4,Mobile Phone,4,Divorced,2,1,17.00,2,2,2,156.00
52862,1,1,Computer,3,7,COD,Female,4.00,6,Mobile Phone,5,Single,2,0,22.00,2,2,1,148.00
52863,0,10,Computer,1,10,Credit Card,Male,2.00,4,Mobile Phone,4,Single,6,0,13.00,5,8,3,146.00
52864,0,4,Computer,1,16,Credit Card,Male,4.00,4,Laptop & Accessory,5,Married,3,0,12.00,1,7,11,156.00
52865,0,19,Mobile Phone,3,11,Debit Card,Female,2.00,4,Laptop & Accessory,5,Married,6,1,12.00,1,2,4,175.00
52866,0,30,Mobile Phone,1,15,Debit Card,Female,4.00,4,Mobile Phone,5,Married,6,1,19.00,2,3,3,168.00
52867,0,7,Mobile Phone,1,9,Debit Card,Male,3.00,4,Mobile Phone,2,Single,2,0,15.00,1,2,3,150.00
52868,1,1,Phone,1,9,Debit Card,Male,3.00,5,Mobile Phone,2,Single,3,0,23.00,1,2,1,136.00
52869,0,20,Mobile Phone,3,7,E wallet,Female,4.00,4,Fashion,5,Married,3,0,26.00,5,16,3,230.00
52870,0,12,Phone,1,16,Debit Card,Female,4.00,4,Mobile Phone,2,Single,3,0,13.00,2,3,2,148.00
52871,0,5,Mobile Phone,1,19,Credit Card,Female,4.00,4,Mobile Phone,2,Divorced,10,1,24.00,2,2,3,164.00
52872,0,8,Phone,1,34,Credit Card,Female,4.00,4,Mobile Phone,4,Single,4,0,16.00,2,2,3,148.00
52873,1,5,Mobile Phone,3,27,E wallet,Female,4.00,4,Mobile Phone,4,Single,3,1,23.00,1,2,3,156.00
52874,0,24,Mobile Phone,1,7,Credit Card,Male,3.00,5,Mobile Phone,3,Divorced,4,0,16.00,1,2,3,162.00
52875,0,27,Mobile Phone,1,20,Credit Card,Female,3.00,3,Laptop & Accessory,5,Married,3,0,12.00,2,2,4,170.00
52876,0,7,Mobile Phone,1,21,Credit Card,Female,4.00,4,Mobile Phone,4,Divorced,3,0,14.00,1,2,7,153.00
52877,0,14,Mobile Phone,1,11,Credit Card,Female,3.00,4,Others,3,Divorced,3,0,15.00,1,10,10,315.00
52878,0,29,Mobile Phone,1,21,Credit Card,Male,4.00,3,Others,4,Single,10,0,15.00,1,3,16,312.00
52879,0,8,Computer,1,9,Debit Card,Male,3.00,5,Laptop & Accessory,3,Divorced,3,0,18.00,1,2,3,220.00
52880,0,25,Mobile Phone,1,10,Credit Card,Female,4.00,4,Grocery,4,Single,5,0,19.00,1,2,1,262.00
52881,0,26,Mobile Phone,1,7,Debit Card,Male,4.00,5,Others,3,Divorced,2,0,15.00,2,12,10,325.00
52882,0,1,Phone,1,16,Credit Card,Female,3.00,4,Mobile Phone,4,Single,3,0,17.00,2,2,4,148.00
52883,1,1,Mobile Phone,1,30,Debit Card,Male,3.00,5,Laptop & Accessory,3,Divorced,5,1,14.00,2,2,2,184.00
52884,0,17,Computer,1,14,Credit Card,Male,3.00,3,Mobile Phone,2,Married,6,0,15.00,1,3,3,146.00
52885,0,19,Computer,1,9,Credit Card,Male,4.00,5,Grocery,2,Divorced,11,0,15.00,10,12,9,293.00
52886,0,11,Mobile Phone,1,28,Debit Card,Male,4.00,3,Mobile Phone,5,Divorced,3,1,13.00,1,2,8,161.00
52887,0,9,Computer,1,9,Credit Card,Female,3.00,4,Laptop & Accessory,4,Single,7,0,12.00,2,2,3,169.00
52888,0,16,Computer,1,28,Credit Card,Female,3.00,4,Laptop & Accessory,3,Married,4,0,17.00,1,2,3,178.00
52889,0,12,Mobile Phone,1,9,Debit Card,Male,3.00,4,Laptop & Accessory,3,Divorced,11,0,15.00,1,2,1,191.00
52890,0,12,Mobile Phone,1,36,COD,Male,3.00,4,Laptop & Accessory,2,Divorced,5,0,19.00,1,2,8,188.00
52891,0,1,Computer,1,7,COD,Male,3.00,5,Laptop & Accessory,5,Divorced,7,0,20.00,1,3,1,168.00
52892,0,23,Computer,1,25,Debit Card,Male,4.00,4,Laptop & Accessory,2,Married,3,1,16.00,1,2,8,193.00
52893,0,8,Computer,1,17,Credit Card,Male,3.00,4,Mobile Phone,3,Married,3,1,18.00,3,3,1,163.00
52894,0,14,Mobile Phone,1,26,Credit Card,Male,3.00,4,Laptop & Accessory,2,Divorced,10,1,16.00,2,4,8,152.00
52895,1,2,Mobile Phone,1,36,Credit Card,Male,4.00,4,Laptop & Accessory,5,Divorced,9,1,20.00,1,2,1,192.00
52896,1,1,Mobile Phone,3,34,E wallet,Female,3.00,4,Fashion,2,Divorced,3,0,23.00,2,2,10,201.00
52897,0,1,Phone,1,12,Debit Card,Male,3.00,3,Mobile Phone,4,Married,3,1,17.00,1,3,3,148.00
52898,0,10,Computer,1,25,Credit Card,Female,4.00,4,Mobile Phone,2,Single,3,0,14.00,2,2,8,147.00
52899,0,14,Computer,1,16,Debit Card,Male,4.00,5,Laptop & Accessory,2,Divorced,11,0,15.00,2,2,3,174.00
52900,0,20,Mobile Phone,1,7,Credit Card,Male,4.00,4,Fashion,5,Married,9,0,17.00,1,2,3,219.00
52901,1,1,Mobile Phone,3,11,Credit Card,Male,3.00,6,Fashion,2,Divorced,3,0,12.00,8,10,3,229.00
52902,0,4,Computer,1,7,Debit Card,Male,3.00,5,Fashion,3,Single,3,0,23.00,3,6,3,210.00
52903,0,1,Computer,3,27,Debit Card,Female,3.00,4,Laptop & Accessory,3,Single,3,0,15.00,2,2,3,225.00
52904,0,25,Mobile Phone,1,15,Debit Card,Male,3.00,5,Fashion,4,Divorced,7,0,17.00,2,2,8,250.00
52905,1,1,Mobile Phone,1,10,COD,Female,3.00,4,Mobile Phone,5,Single,7,1,12.00,2,2,5,152.00
52906,0,15,Mobile Phone,3,13,Debit Card,Female,4.00,4,Fashion,2,Single,5,1,19.00,1,2,1,261.00
52907,1,1,Computer,3,33,E wallet,Female,3.00,5,Laptop & Accessory,5,Single,7,0,16.00,1,2,2,192.00
52908,1,1,Phone,1,7,COD,Male,3.00,4,Mobile Phone,3,Single,2,0,15.00,1,2,6,146.00
52909,0,19,Computer,3,13,Credit Card,Female,3.00,5,Fashion,2,Single,8,0,13.00,13,13,3,214.00
52910,0,28,Mobile Phone,3,10,E wallet,Female,3.00,4,Laptop & Accessory,5,Divorced,4,0,15.00,2,2,6,184.00
52911,0,10,Mobile Phone,1,12,Debit Card,Male,4.00,4,Laptop & Accessory,4,Single,10,0,17.00,1,4,8,184.00
52912,0,7,Mobile Phone,1,11,Credit Card,Female,3.00,5,Mobile Phone,4,Divorced,8,0,22.00,1,2,2,151.00
52913,0,11,Computer,1,18,UPI,Male,3.00,4,Fashion,2,Married,3,1,15.00,1,2,8,247.00
52914,0,12,Mobile Phone,3,10,Debit Card,Male,4.00,4,Fashion,3,Married,2,0,13.00,2,6,3,231.00
52915,0,5,Computer,1,7,Credit Card,Male,3.00,6,Laptop & Accessory,3,Divorced,2,0,13.00,2,2,5,168.00
52916,0,31,Phone,1,10,Debit Card,Male,4.00,5,Mobile Phone,2,Divorced,5,0,18.00,1,2,1,147.00
52917,0,11,Computer,3,11,E wallet,Male,3.00,4,Mobile Phone,2,Married,6,0,18.00,2,6,9,25.00
52918,0,3,Computer,3,7,Credit Card,Female,3.00,4,Fashion,2,Divorced,3,0,15.00,5,5,2,204.00
52919,0,9,Computer,3,7,E wallet,Female,4.00,4,Fashion,3,Single,3,0,15.00,2,2,3,213.00
52920,1,1,Phone,1,25,Credit Card,Male,3.00,5,Mobile Phone,2,Single,3,1,14.00,1,2,2,149.00
52921,0,26,Mobile Phone,1,9,Debit Card,Female,3.00,5,Mobile Phone,2,Single,9,0,16.00,1,3,3,157.00
52922,0,16,Mobile Phone,1,11,Cash on Delivery,Male,3.00,4,Others,2,Divorced,3,0,15.00,1,12,16,317.00
52923,0,31,Phone,2,13,Credit Card,Male,3.00,4,Mobile Phone,3,Divorced,10,0,18.00,3,3,3,148.00
52924,0,24,Mobile Phone,3,7,Credit Card,Female,4.00,4,Others,2,Married,5,0,15.00,2,2,7,320.00
52925,1,1,Phone,1,21,Credit Card,Male,3.00,4,Mobile Phone,2,Divorced,7,1,14.00,1,2,5,149.00
52926,0,17,Mobile Phone,3,23,E wallet,Female,4.00,4,Grocery,2,Divorced,7,1,23.00,1,2,10,286.00
52927,1,1,Mobile Phone,1,9,Debit Card,Female,3.00,4,Mobile Phone,5,Divorced,9,0,21.00,2,2,8,152.00
52928,0,26,Computer,3,9,Debit Card,Male,4.00,5,Others,3,Single,3,1,15.00,8,16,13,316.00
52929,0,6,Mobile Phone,3,11,Debit Card,Female,3.00,4,Mobile Phone,4,Divorced,4,0,12.00,2,2,3,164.00
52930,1,1,Mobile Phone,1,7,Debit Card,Male,4.00,5,Mobile Phone,3,Single,2,1,15.00,2,2,3,162.00
52931,0,13,Phone,1,7,Credit Card,Female,4.00,4,Mobile Phone,3,Married,9,0,15.00,1,2,3,147.00
52932,0,6,Computer,3,33,E wallet,Male,4.00,4,Laptop & Accessory,2,Divorced,2,0,19.00,2,3,3,170.00
52933,0,15,Mobile Phone,1,26,Debit Card,Male,3.00,4,Laptop & Accessory,5,Married,4,0,17.00,2,2,1,156.00
52934,0,14,Mobile Phone,1,31,COD,Male,4.00,4,Laptop & Accessory,2,Married,3,0,18.00,3,5,8,158.00
52935,0,19,Mobile Phone,1,7,UPI,Male,4.00,3,Others,2,Divorced,2,0,15.00,2,2,8,317.00
52936,0,5,Computer,1,10,Credit Card,Male,4.00,4,Fashion,3,Married,11,0,13.00,1,3,3,262.00
52937,0,7,Mobile Phone,1,12,Debit Card,Female,4.00,5,Mobile Phone,2,Divorced,3,0,14.00,1,2,3,154.00
52938,0,8,Mobile Phone,1,9,Debit Card,Male,3.00,5,Laptop & Accessory,5,Divorced,8,0,14.00,1,6,10,185.00
52939,0,11,Mobile Phone,1,7,Credit Card,Female,3.00,5,Mobile Phone,5,Divorced,4,0,15.00,2,2,3,164.00
52940,0,19,Computer,1,14,Debit Card,Male,4.00,3,Laptop & Accessory,3,Divorced,6,0,18.00,1,2,3,189.00
52941,1,1,Computer,1,17,Credit Card,Male,4.00,4,Fashion,3,Married,8,0,12.00,2,2,3,225.00
52942,0,13,Computer,1,9,Cash on Delivery,Female,4.00,4,Fashion,3,Single,2,0,26.00,11,2,9,234.00
52943,0,3,Phone,1,22,Debit Card,Male,3.00,4,Mobile Phone,2,Single,3,0,20.00,1,2,6,148.00
52944,0,16,Mobile Phone,1,24,Debit Card,Female,3.00,3,Laptop & Accessory,5,Single,5,1,14.00,1,2,3,190.00
52945,0,3,Mobile Phone,3,27,E wallet,Male,3.00,4,Laptop & Accessory,2,Married,4,0,15.00,2,2,3,194.00
52946,0,1,Mobile Phone,1,7,Debit Card,Female,4.00,4,Laptop & Accessory,3,Divorced,2,0,13.00,2,2,3,174.00
52947,0,16,Mobile Phone,1,9,Credit Card,Female,3.00,5,Mobile Phone,5,Married,2,1,12.00,5,8,9,151.00
52948,0,14,Mobile Phone,1,9,Credit Card,Male,3.00,4,Others,3,Married,2,0,15.00,1,4,10,319.00
52949,0,25,Mobile Phone,1,7,Debit Card,Male,4.00,4,Mobile Phone,2,Divorced,3,0,12.00,2,2,1,152.00
52950,1,1,Computer,1,36,Credit Card,Male,4.00,5,Mobile Phone,4,Single,2,0,12.00,2,2,5,160.00
52951,0,6,Computer,1,14,Debit Card,Male,4.00,3,Mobile Phone,4,Divorced,3,0,21.00,1,2,4,153.00
52952,0,12,Computer,3,9,Debit Card,Male,3.00,5,Laptop & Accessory,2,Divorced,5,0,19.00,7,8,6,177.00
52953,0,6,Phone,1,9,COD,Male,3.00,5,Laptop & Accessory,5,Single,6,0,14.00,1,2,5,147.00
52954,0,20,Mobile Phone,3,9,Cash on Delivery,Female,4.00,6,Grocery,4,Divorced,5,1,15.00,7,8,8,294.00
52955,1,1,Mobile Phone,1,9,Debit Card,Male,4.00,4,Mobile Phone,3,Single,4,0,12.00,2,2,1,160.00
52956,0,3,Mobile Phone,3,9,Credit Card,Male,4.00,5,Laptop & Accessory,4,Divorced,4,0,20.00,1,2,1,191.00
52957,0,5,Mobile Phone,1,30,Credit Card,Male,4.00,5,Laptop & Accessory,2,Divorced,2,0,22.00,2,8,9,181.00
52958,0,1,Computer,1,12,Debit Card,Male,3.00,3,Laptop & Accessory,5,Married,3,0,13.00,2,2,6,165.00
52959,0,19,Mobile Phone,1,27,Credit Card,Male,4.00,4,Grocery,2,Divorced,2,1,15.00,1,2,11,260.00
52960,0,10,Mobile Phone,1,13,Debit Card,Male,3.00,4,Mobile Phone,2,Divorced,2,0,12.00,5,11,12,157.00
52961,0,29,Mobile Phone,1,7,Credit Card,Male,3.00,4,Others,5,Single,2,1,15.00,5,5,14,315.00
52962,1,11,Computer,1,36,Debit Card,Male,3.00,4,Fashion,4,Divorced,3,1,13.00,6,2,10,243.00
52963,0,2,Phone,1,16,Credit Card,Male,4.00,4,Mobile Phone,2,Divorced,3,0,24.00,2,2,5,146.00
52964,0,11,Mobile Phone,3,13,Credit Card,Male,4.00,4,Laptop & Accessory,2,Divorced,6,0,15.00,1,2,2,190.00
52965,0,1,Mobile Phone,1,10,Credit Card,Male,4.00,5,Mobile Phone,3,Single,3,0,18.00,2,2,1,157.00
52966,0,11,Computer,1,7,Credit Card,Female,1.00,4,Fashion,2,Married,4,1,19.00,1,2,3,261.00
52967,0,3,Mobile Phone,1,29,Debit Card,Female,4.00,3,Fashion,4,Married,9,0,19.00,6,2,3,245.00
52968,0,12,Mobile Phone,3,14,Credit Card,Female,3.00,3,Laptop & Accessory,5,Married,3,1,25.00,1,8,8,181.00
52969,0,1,Computer,1,7,Debit Card,Female,3.00,4,Laptop & Accessory,4,Married,3,0,21.00,1,2,5,189.00
52970,0,24,Mobile Phone,1,11,Debit Card,Male,4.00,4,Others,4,Married,5,0,15.00,2,2,7,316.00
52971,0,27,Mobile Phone,1,10,Credit Card,Male,3.00,4,Grocery,3,Divorced,5,1,15.00,1,2,4,301.00
52972,0,16,Mobile Phone,3,7,Debit Card,Male,3.00,4,Laptop & Accessory,3,Divorced,3,0,26.00,5,12,7,174.00
52973,0,3,Computer,3,9,Debit Card,Male,3.00,4,Laptop & Accessory,2,Single,3,0,19.00,1,2,10,171.00
52974,0,29,Mobile Phone,1,27,COD,Male,3.00,4,Laptop & Accessory,2,Divorced,5,1,20.00,2,2,9,179.00
52975,0,1,Computer,1,18,Credit Card,Male,3.00,4,Laptop & Accessory,5,Divorced,3,1,14.00,3,4,4,172.00
52976,0,11,Phone,1,7,Debit Card,Female,3.00,4,Mobile Phone,2,Single,3,0,13.00,2,6,8,146.00
52977,1,8,Computer,1,31,Debit Card,Male,3.00,4,Mobile Phone,3,Married,5,1,23.00,1,2,1,157.00
52978,0,12,Mobile Phone,1,30,Debit Card,Male,3.00,4,Laptop & Accessory,2,Married,11,0,15.00,1,2,3,182.00
52979,1,1,Phone,1,23,Credit Card,Male,3.00,4,Mobile Phone,4,Married,4,1,14.00,2,2,3,149.00
52980,0,2,Mobile Phone,1,15,Debit Card,Female,4.00,4,Mobile Phone,2,Single,3,0,22.00,1,2,3,158.00
52981,0,23,Computer,1,17,Debit Card,Female,3.00,4,Others,5,Single,11,1,15.00,1,2,3,312.00
52982,0,10,Mobile Phone,1,10,COD,Male,2.00,4,Laptop & Accessory,4,Single,6,0,13.00,7,8,8,170.00
52983,0,5,Computer,3,12,E wallet,Female,3.00,4,Mobile Phone,4,Married,3,0,12.00,1,3,3,153.00
52984,1,1,Mobile Phone,3,11,E wallet,Male,3.00,5,Laptop & Accessory,2,Single,3,1,13.00,8,8,5,183.00
52985,0,11,Computer,1,16,Credit Card,Male,3.00,4,Mobile Phone,2,Divorced,3,1,13.00,1,2,3,148.00
52986,0,16,Computer,3,33,E wallet,Female,4.00,4,Grocery,4,Divorced,7,0,15.00,3,2,9,260.00
52987,1,1,Phone,1,10,Debit Card,Male,3.00,4,Mobile Phone,3,Single,3,0,14.00,1,2,1,139.00
52988,0,9,Mobile Phone,3,23,E wallet,Male,4.00,4,Fashion,4,Divorced,2,0,16.00,4,7,10,205.00
52989,0,10,Computer,1,25,Debit Card,Male,3.00,3,Mobile Phone,2,Divorced,6,0,19.00,1,2,1,162.00
52990,0,25,Mobile Phone,1,9,Credit Card,Male,3.00,6,Laptop & Accessory,4,Married,7,0,19.00,1,2,3,180.00
52991,0,15,Mobile Phone,3,9,Debit Card,Male,3.00,4,Grocery,4,Single,3,0,20.00,1,2,5,285.00
52992,0,1,Phone,3,17,Credit Card,Female,4.00,5,Mobile Phone,3,Single,3,0,13.00,2,2,1,137.00
52993,0,2,Mobile Phone,1,23,Credit Card,Male,4.00,3,Laptop & Accessory,5,Single,2,0,20.00,1,2,8,182.00
52994,0,5,Mobile Phone,3,14,Cash on Delivery,Male,4.00,3,Laptop & Accessory,2,Divorced,6,0,12.00,4,8,8,194.00
52995,0,13,Mobile Phone,1,7,Credit Card,Male,3.00,3,Fashion,2,Married,2,0,18.00,4,4,3,221.00
52996,0,10,Computer,1,31,Debit Card,Female,3.00,4,Laptop & Accessory,4,Divorced,9,0,16.00,1,2,9,182.00
52997,0,6,Mobile Phone,3,14,Debit Card,Male,4.00,5,Laptop & Accessory,3,Divorced,3,0,15.00,2,5,9,180.00
52998,0,12,Mobile Phone,1,32,Debit Card,Female,3.00,5,Fashion,4,Divorced,5,0,18.00,2,2,2,246.00
52999,0,31,Computer,1,7,Debit Card,Male,3.00,6,Laptop & Accessory,3,Married,4,1,14.00,2,2,3,182.00
53000,0,5,Mobile Phone,1,12,COD,Male,3.00,4,Mobile Phone,2,Divorced,2,1,13.00,1,2,4,173.00
53001,0,5,Mobile Phone,2,9,UPI,Male,4.00,5,Laptop & Accessory,5,Divorced,5,0,13.00,1,2,1,189.00
53002,0,19,Computer,1,14,Debit Card,Male,4.00,4,Fashion,5,Married,3,0,19.00,6,10,12,177.00
53003,0,5,Mobile Phone,1,9,Debit Card,Male,3.00,4,Mobile Phone,2,Married,2,1,19.00,2,3,3,152.00
53004,0,7,Computer,1,12,Debit Card,Female,4.00,4,Fashion,4,Divorced,8,0,12.00,3,2,9,244.00
53005,0,13,Mobile Phone,1,17,Credit Card,Male,3.00,4,Grocery,5,Divorced,3,1,15.00,12,12,11,296.00
53006,0,17,Computer,1,17,Debit Card,Female,3.00,4,Mobile Phone,2,Single,2,0,20.00,1,2,8,150.00
53007,0,23,Mobile Phone,1,7,Cash on Delivery,Female,3.00,5,Grocery,3,Single,9,1,13.00,1,2,8,265.00
53008,1,16,Mobile Phone,1,15,Credit Card,Male,3.00,5,Laptop & Accessory,4,Divorced,4,0,16.00,8,8,8,174.00
53009,0,1,Mobile Phone,1,12,Debit Card,Female,3.00,4,Mobile Phone,4,Single,3,1,13.00,1,2,3,150.00
53010,0,6,Mobile Phone,3,15,COD,Female,4.00,5,Laptop & Accessory,4,Divorced,3,1,12.00,7,12,10,177.00
53011,0,1,Mobile Phone,3,9,Debit Card,Male,4.00,4,Laptop & Accessory,3,Single,3,1,12.00,2,2,5,170.00
53012,0,5,Mobile Phone,3,14,E wallet,Male,4.00,4,Laptop & Accessory,2,Married,6,0,13.00,1,2,8,200.00
53013,0,6,Mobile Phone,1,9,Credit Card,Female,4.00,3,Laptop & Accessory,2,Single,9,0,17.00,2,2,8,176.00
53014,1,1,Mobile Phone,1,9,Credit Card,Male,3.00,6,Mobile Phone,2,Divorced,7,1,14.00,3,3,3,160.00
53015,0,4,Mobile Phone,1,35,Credit Card,Female,4.00,4,Laptop & Accessory,2,Divorced,3,0,14.00,1,2,10,183.00
53016,0,5,Computer,1,14,Debit Card,Female,3.00,5,Fashion,3,Divorced,3,0,25.00,4,9,3,214.00
53017,0,13,Computer,1,6,Credit Card,Male,3.00,5,Others,2,Divorced,3,0,15.00,10,14,4,318.00
53018,1,3,Mobile Phone,3,10,Credit Card,Female,3.00,4,Laptop & Accessory,3,Divorced,6,1,19.00,2,2,1,177.00
53019,0,7,Computer,3,17,E wallet,Male,3.00,5,Laptop & Accessory,2,Single,5,0,15.00,2,2,2,172.00
53020,0,21,Mobile Phone,1,12,Debit Card,Male,3.00,4,Others,3,Divorced,6,0,15.00,1,2,2,308.00
53021,0,17,Computer,1,17,Debit Card,Female,3.00,5,Laptop & Accessory,3,Married,3,0,12.00,1,2,1,178.00
53022,0,1,Computer,3,7,E wallet,Male,4.00,4,Laptop & Accessory,4,Divorced,2,1,14.00,1,2,5,188.00
53023,0,28,Computer,1,27,Debit Card,Female,3.00,4,Laptop & Accessory,3,Single,5,0,13.00,2,2,4,174.00
53024,0,17,Mobile Phone,1,14,Debit Card,Female,3.00,4,Fashion,5,Divorced,10,0,17.00,2,2,3,225.00
53025,0,19,Mobile Phone,1,15,UPI,Male,4.00,4,Laptop & Accessory,2,Divorced,11,0,15.00,8,10,9,162.00
53026,0,14,Mobile Phone,3,7,Credit Card,Male,3.00,6,Laptop & Accessory,2,Divorced,4,1,23.00,2,2,3,200.00
53027,1,1,Phone,1,15,UPI,Male,4.00,6,Mobile Phone,5,Divorced,3,1,12.00,2,2,8,146.00
53028,0,3,Mobile Phone,1,16,UPI,Male,2.00,5,Mobile Phone,2,Single,2,0,18.00,3,3,3,165.00
53029,0,4,Mobile Phone,3,12,E wallet,Female,2.00,5,Laptop & Accessory,3,Married,3,0,14.00,1,2,3,186.00
53030,0,1,Mobile Phone,3,15,E wallet,Female,3.00,4,Laptop & Accessory,4,Divorced,3,0,19.00,1,2,8,187.00
53031,0,11,Mobile Phone,1,12,Credit Card,Male,4.00,4,Laptop & Accessory,2,Married,9,0,17.00,1,2,5,188.00
53032,0,12,Mobile Phone,1,22,Debit Card,Male,4.00,5,Fashion,2,Married,2,1,15.00,2,2,10,240.00
53033,0,5,Mobile Phone,1,14,Credit Card,Female,3.00,4,Fashion,2,Single,3,1,15.00,3,5,11,196.00
53034,0,3,Mobile Phone,3,17,E wallet,Female,3.00,5,Laptop & Accessory,4,Married,3,1,15.00,1,2,8,208.00
53035,0,9,Mobile Phone,1,12,Cash on Delivery,Male,4.00,4,Fashion,4,Single,2,0,14.00,1,2,14,206.00
53036,0,1,Mobile Phone,1,33,Debit Card,Male,3.00,4,Mobile Phone,2,Married,3,0,13.00,2,2,3,154.00
53037,0,15,Mobile Phone,1,13,Credit Card,Male,4.00,5,Laptop & Accessory,4,Single,8,1,16.00,2,2,3,185.00
53038,0,21,Computer,3,11,Credit Card,Male,3.00,4,Laptop & Accessory,3,Single,5,0,20.00,1,2,1,155.00
53039,0,16,Mobile Phone,1,30,Debit Card,Female,3.00,4,Grocery,2,Single,4,0,15.00,1,2,1,285.00
53040,0,3,Computer,3,9,Debit Card,Male,4.00,4,Laptop & Accessory,3,Divorced,3,0,15.00,2,2,3,171.00
53041,0,16,Mobile Phone,2,9,COD,Male,3.00,4,Mobile Phone,3,Married,2,1,12.00,2,2,1,152.00
53042,0,6,Phone,1,9,Credit Card,Female,4.00,4,Mobile Phone,4,Divorced,3,0,14.00,1,2,8,149.00
53043,0,22,Mobile Phone,3,36,Credit Card,Female,4.00,4,Fashion,3,Divorced,5,0,22.00,1,2,1,250.00
53044,0,11,Mobile Phone,1,13,Credit Card,Male,3.00,3,Laptop & Accessory,5,Married,6,1,14.00,3,7,8,185.00
53045,0,4,Computer,3,32,COD,Female,3.00,4,Laptop & Accessory,3,Divorced,9,1,13.00,2,3,3,172.00
53046,0,1,Mobile Phone,3,7,Debit Card,Male,3.00,4,Laptop & Accessory,3,Divorced,3,0,18.00,3,8,8,178.00
53047,0,16,Mobile Phone,1,9,UPI,Male,4.00,5,Laptop & Accessory,2,Single,5,0,24.00,1,2,1,193.00
53048,1,1,Computer,3,7,COD,Female,3.00,5,Mobile Phone,4,Single,3,1,12.00,2,2,3,147.00
53049,0,10,Computer,3,7,Credit Card,Female,3.00,4,Laptop & Accessory,2,Single,6,0,16.00,2,2,1,192.00
53050,0,10,Computer,3,10,Credit Card,Male,3.00,5,Fashion,2,Divorced,6,0,12.00,1,2,3,222.00
53051,0,31,Mobile Phone,1,7,Credit Card,Male,3.00,4,Laptop & Accessory,3,Divorced,4,0,12.00,2,2,3,193.00
53052,0,14,Phone,1,17,Debit Card,Female,3.00,3,Mobile Phone,3,Divorced,5,1,14.00,1,2,8,147.00
53053,0,1,Computer,3,16,Credit Card,Male,3.00,4,Mobile Phone,2,Single,3,0,25.00,1,3,3,151.00
53054,1,1,Mobile Phone,3,12,E wallet,Female,3.00,4,Mobile Phone,3,Single,3,1,14.00,2,2,1,154.00
53055,0,11,Mobile Phone,1,17,Credit Card,Female,4.00,4,Mobile Phone,5,Divorced,8,0,21.00,2,2,4,160.00
53056,0,20,Computer,1,14,Credit Card,Female,2.00,4,Laptop & Accessory,3,Divorced,4,0,15.00,1,2,1,178.00
53057,1,5,Computer,3,11,E wallet,Male,3.00,4,Laptop & Accessory,4,Single,3,0,19.00,8,8,3,219.00
53058,0,24,Mobile Phone,1,17,Cash on Delivery,Male,4.00,5,Fashion,2,Single,8,0,16.00,1,2,3,230.00
53059,1,4,Mobile Phone,3,29,E wallet,Male,4.00,5,Laptop & Accessory,3,Divorced,4,1,13.00,2,2,1,189.00
53060,0,5,Mobile Phone,1,16,Debit Card,Male,3.00,5,Mobile Phone,4,Single,2,1,17.00,2,3,3,152.00
53061,1,1,Mobile Phone,3,19,Debit Card,Female,3.00,3,Mobile Phone,4,Single,3,0,16.00,1,2,1,152.00
53062,0,3,Phone,1,30,Debit Card,Male,3.00,4,Mobile Phone,2,Single,11,0,17.00,2,2,3,147.00
53063,0,9,Mobile Phone,1,16,Debit Card,Male,4.00,5,Laptop & Accessory,4,Single,11,0,20.00,2,2,1,190.00
53064,0,1,Mobile Phone,1,7,Credit Card,Male,3.00,4,Mobile Phone,4,Married,3,0,12.00,1,2,5,163.00
53065,0,2,Mobile Phone,3,16,Debit Card,Male,4.00,4,Laptop & Accessory,2,Single,3,0,17.00,2,2,8,178.00
53066,0,23,Mobile Phone,1,14,UPI,Male,3.00,5,Fashion,3,Single,10,0,25.00,2,2,1,170.00
53067,0,25,Mobile Phone,3,21,Debit Card,Female,3.00,4,Laptop & Accessory,2,Divorced,6,0,12.00,1,2,8,174.00
53068,0,10,Mobile Phone,1,9,Debit Card,Female,4.00,4,Mobile Phone,3,Divorced,6,0,14.00,2,3,3,150.00
53069,1,1,Computer,3,26,E wallet,Male,4.00,3,Laptop & Accessory,2,Single,10,1,14.00,2,2,5,178.00
53070,0,29,Mobile Phone,1,9,Debit Card,Female,4.00,4,Grocery,2,Single,4,1,14.00,1,2,3,292.00
53071,0,1,Mobile Phone,3,17,E wallet,Female,4.00,4,Laptop & Accessory,3,Married,3,1,13.00,1,2,4,168.00
53072,0,4,Mobile Phone,3,9,COD,Male,4.00,4,Mobile Phone,4,Divorced,3,0,19.00,2,2,1,150.00
53073,1,1,Computer,1,10,COD,Male,4.00,4,Mobile Phone,5,Single,2,0,23.00,1,2,5,156.00
53074,0,1,Phone,1,18,Credit Card,Female,3.00,4,Mobile Phone,4,Divorced,3,0,14.00,2,2,3,147.00
53075,0,10,Mobile Phone,3,9,Credit Card,Male,4.00,5,Fashion,3,Divorced,3,0,14.00,10,10,1,201.00
53076,1,1,Computer,1,11,COD,Male,3.00,4,Mobile Phone,2,Single,20,1,24.00,2,2,1,148.00
53077,0,11,Mobile Phone,1,21,Debit Card,Female,4.00,4,Mobile Phone,5,Married,3,0,13.00,4,13,18,155.00
53078,0,14,Mobile Phone,3,9,E wallet,Female,3.00,4,Laptop & Accessory,4,Married,9,0,13.00,1,2,4,182.00
53079,0,16,Mobile Phone,1,7,Debit Card,Female,4.00,4,Mobile Phone,5,Married,5,0,17.00,2,2,3,151.00
53080,0,11,Mobile Phone,1,17,Debit Card,Male,3.00,4,Laptop & Accessory,4,Single,4,1,13.00,1,2,2,167.00
53081,0,17,Mobile Phone,1,19,Debit Card,Male,3.00,5,Grocery,4,Married,3,0,12.00,1,4,10,268.00
53082,0,14,Mobile Phone,1,9,Credit Card,Female,4.00,5,Laptop & Accessory,3,Divorced,8,0,23.00,2,2,1,159.00
53083,0,28,Mobile Phone,1,12,Credit Card,Male,3.00,4,Others,5,Divorced,6,0,15.00,2,2,3,319.00
53084,0,8,Computer,3,11,E wallet,Female,4.00,4,Laptop & Accessory,3,Divorced,11,0,16.00,2,2,3,190.00
53085,0,5,Mobile Phone,1,14,Credit Card,Female,3.00,4,Laptop & Accessory,5,Divorced,3,0,13.00,4,4,13,168.00
53086,0,17,Computer,1,28,Credit Card,Male,4.00,4,Mobile Phone,2,Divorced,9,0,21.00,1,2,3,148.00
53087,0,17,Mobile Phone,1,15,UPI,Female,4.00,4,Laptop & Accessory,3,Married,6,1,15.00,1,2,3,170.00
53088,0,1,Mobile Phone,3,11,Debit Card,Female,3.00,5,Laptop & Accessory,2,Single,3,1,12.00,1,2,4,170.00
53089,0,11,Computer,1,32,Credit Card,Female,4.00,4,Laptop & Accessory,3,Divorced,5,1,16.00,4,11,8,169.00
53090,0,5,Phone,1,7,Debit Card,Male,4.00,5,Mobile Phone,5,Divorced,3,0,13.00,1,4,3,147.00
53091,0,13,Computer,1,7,Debit Card,Male,3.00,4,Others,3,Married,3,1,15.00,1,2,7,317.00
53092,0,30,Computer,3,13,Debit Card,Female,3.00,3,Grocery,5,Divorced,11,0,12.00,3,2,8,257.00
53093,0,4,Mobile Phone,3,19,COD,Female,3.00,4,Laptop & Accessory,3,Single,2,0,12.00,4,5,5,191.00
53094,0,15,Mobile Phone,3,7,E wallet,Male,3.00,3,Fashion,5,Divorced,3,0,17.00,2,2,8,209.00
53095,0,2,Mobile Phone,1,24,Credit Card,Male,4.00,4,Laptop & Accessory,5,Married,3,0,13.00,1,2,9,171.00
53096,1,1,Mobile Phone,1,10,Credit Card,Male,4.00,4,Mobile Phone,5,Divorced,7,0,14.00,2,2,3,165.00
53097,0,26,Mobile Phone,1,10,Credit Card,Male,3.00,5,Fashion,3,Divorced,4,1,15.00,1,2,5,205.00
53098,0,19,Mobile Phone,1,17,Debit Card,Male,4.00,4,Mobile Phone,2,Divorced,5,0,22.00,2,2,3,152.00
53099,0,26,Mobile Phone,1,11,Debit Card,Female,2.00,4,Grocery,2,Divorced,4,0,14.00,1,2,5,291.00
53100,0,16,Computer,1,36,Debit Card,Female,4.00,4,Laptop & Accessory,3,Married,4,0,12.00,2,2,3,171.00
53101,0,4,Mobile Phone,1,9,Debit Card,Female,3.00,6,Laptop & Accessory,2,Single,4,0,21.00,1,2,3,186.00
53102,0,31,Mobile Phone,1,14,Debit Card,Female,3.00,4,Others,5,Divorced,7,0,15.00,1,12,11,321.00
53103,0,20,Mobile Phone,1,25,Credit Card,Female,3.00,4,Laptop & Accessory,3,Married,4,0,15.00,1,2,9,173.00
53104,0,16,Computer,1,35,COD,Female,3.00,5,Laptop & Accessory,2,Divorced,2,0,12.00,1,2,5,170.00
53105,1,1,Mobile Phone,3,7,COD,Female,4.00,4,Mobile Phone,4,Single,3,1,17.00,2,2,5,157.00
53106,1,1,Computer,3,13,E wallet,Female,3.00,6,Mobile Phone,3,Married,2,0,17.00,2,2,1,149.00
53107,0,12,Computer,1,9,Debit Card,Male,3.00,4,Mobile Phone,2,Divorced,3,1,24.00,2,2,1,142.00
53108,0,14,Mobile Phone,3,9,Debit Card,Female,4.00,4,Others,3,Divorced,2,0,15.00,1,2,13,305.00
53109,0,1,Mobile Phone,1,30,Debit Card,Female,3.00,4,Mobile Phone,2,Married,3,0,23.00,2,2,3,154.00
53110,0,4,Computer,1,10,Debit Card,Male,3.00,4,Mobile Phone,2,Divorced,6,0,16.00,1,2,5,146.00
53111,0,3,Mobile Phone,1,10,Credit Card,Male,4.00,5,Fashion,3,Divorced,3,0,19.00,2,2,8,244.00
53112,1,1,Mobile Phone,1,32,COD,Female,4.00,5,Mobile Phone,4,Divorced,7,0,17.00,1,2,2,150.00
53113,1,1,Mobile Phone,2,9,COD,Male,3.00,5,Mobile Phone,2,Single,3,0,13.00,2,2,1,151.00
53114,0,4,Computer,3,29,UPI,Female,4.00,4,Fashion,5,Divorced,2,0,12.00,3,8,9,209.00
53115,0,31,Mobile Phone,3,36,E wallet,Male,3.00,5,Grocery,2,Married,5,0,13.00,1,2,1,266.00
53116,0,24,Mobile Phone,1,36,Debit Card,Male,3.00,5,Grocery,3,Divorced,2,0,15.00,12,16,8,295.00
53117,0,4,Computer,1,9,Credit Card,Female,3.00,4,Mobile Phone,2,Single,2,0,15.00,6,7,8,151.00
53118,0,31,Computer,3,35,E wallet,Female,4.00,5,Fashion,5,Divorced,6,0,20.00,14,14,3,228.00
53119,0,21,Mobile Phone,1,9,Credit Card,Female,4.00,4,Laptop & Accessory,2,Married,7,0,14.00,1,2,5,176.00
53120,0,20,Mobile Phone,1,9,Debit Card,Male,3.00,4,Grocery,3,Divorced,8,0,15.00,1,2,2,304.00
53121,0,9,Mobile Phone,1,29,Debit Card,Male,3.00,6,Mobile Phone,3,Single,2,0,16.00,3,5,4,167.00
53122,0,28,Mobile Phone,1,15,Debit Card,Female,3.00,4,Laptop & Accessory,3,Single,9,0,12.00,2,2,1,163.00
53123,0,8,Mobile Phone,1,9,Debit Card,Male,4.00,5,Mobile Phone,3,Married,5,0,13.00,6,6,8,153.00
53124,0,20,Mobile Phone,3,17,E wallet,Female,4.00,5,Fashion,2,Divorced,4,1,20.00,2,2,3,216.00
53125,0,5,Mobile Phone,1,16,Debit Card,Male,3.00,4,Fashion,4,Married,3,0,26.00,2,2,9,231.00
53126,1,1,Mobile Phone,1,22,Credit Card,Male,3.00,4,Fashion,3,Divorced,9,1,13.00,1,8,8,261.00
53127,1,1,Mobile Phone,1,17,Credit Card,Male,3.00,6,Mobile Phone,2,Married,9,0,14.00,1,2,4,159.00
53128,0,4,Mobile Phone,3,14,E wallet,Male,3.00,4,Mobile Phone,4,Single,2,0,15.00,2,2,3,155.00
53129,0,9,Mobile Phone,1,23,Debit Card,Male,4.00,4,Fashion,3,Divorced,6,1,13.00,1,2,1,201.00
53130,1,1,Computer,1,27,Debit Card,Male,4.00,4,Fashion,3,Divorced,5,0,13.00,2,2,3,223.00
53131,1,1,Computer,2,30,UPI,Female,3.00,4,Fashion,5,Married,11,1,16.00,2,2,3,225.00
53132,0,16,Computer,1,12,UPI,Male,4.00,4,Mobile Phone,3,Divorced,6,0,18.00,3,3,1,146.00
53133,0,10,Computer,3,17,Credit Card,Male,3.00,4,Fashion,2,Single,3,0,15.00,2,10,3,225.00
53134,1,1,Computer,1,11,COD,Male,3.00,5,Mobile Phone,3,Single,7,0,17.00,2,2,3,164.00
53135,0,22,Mobile Phone,3,9,E wallet,Female,3.00,4,Laptop & Accessory,2,Divorced,4,0,15.00,5,7,8,166.00
53136,0,29,Mobile Phone,3,25,Debit Card,Female,3.00,4,Grocery,4,Single,5,0,15.00,1,8,8,293.00
53137,0,15,Computer,3,17,Debit Card,Male,3.00,4,Laptop & Accessory,2,Single,9,0,15.00,1,2,11,187.00
53138,0,9,Mobile Phone,3,7,E wallet,Male,3.00,4,Laptop & Accessory,3,Divorced,11,0,12.00,4,7,10,172.00
53139,0,14,Mobile Phone,1,13,Debit Card,Female,4.00,4,Grocery,3,Single,9,0,16.00,5,2,14,257.00
53140,0,13,Computer,1,15,Debit Card,Female,3.00,4,Mobile Phone,3,Divorced,3,0,12.00,1,2,8,163.00
53141,0,5,Mobile Phone,3,9,Debit Card,Male,4.00,4,Laptop & Accessory,2,Single,6,1,14.00,2,2,6,191.00
53142,0,16,Mobile Phone,1,31,Credit Card,Male,3.00,4,Fashion,5,Divorced,3,1,22.00,5,6,9,199.00
53143,0,19,Mobile Phone,3,9,UPI,Male,4.00,4,Laptop & Accessory,4,Divorced,2,0,20.00,4,4,8,173.00
53144,1,1,Computer,2,24,Debit Card,Female,3.00,4,Mobile Phone,3,Married,2,1,12.00,1,2,1,152.00
53145,0,3,Mobile Phone,1,26,COD,Male,3.00,4,Laptop & Accessory,2,Married,6,0,13.00,1,2,3,168.00
53146,0,7,Mobile Phone,1,7,Credit Card,Female,4.00,3,Grocery,3,Married,6,0,20.00,1,2,6,287.00
53147,0,1,Mobile Phone,3,14,Debit Card,Male,3.00,5,Fashion,2,Married,11,0,22.00,2,2,2,241.00
53148,1,1,Computer,3,12,E wallet,Male,4.00,4,Mobile Phone,4,Single,3,1,15.00,2,2,1,144.00
53149,0,14,Computer,3,35,UPI,Male,3.00,6,Fashion,5,Married,5,0,16.00,2,2,2,234.00
53150,0,15,Computer,1,9,UPI,Female,4.00,5,Laptop & Accessory,3,Single,4,1,18.00,1,2,8,193.00
53151,0,1,Mobile Phone,3,36,Credit Card,Male,3.00,4,Laptop & Accessory,3,Married,7,0,13.00,2,2,1,168.00
53152,0,9,Mobile Phone,3,7,Credit Card,Female,4.00,4,Laptop & Accessory,3,Single,3,0,17.00,1,2,4,174.00
53153,0,8,Mobile Phone,3,28,Debit Card,Male,4.00,3,Laptop & Accessory,2,Single,3,0,13.00,6,6,8,178.00
53154,1,1,Phone,1,31,COD,Male,4.00,6,Mobile Phone,2,Single,3,1,19.00,2,2,1,148.00
53155,0,11,Mobile Phone,1,7,Cash on Delivery,Female,3.00,4,Fashion,2,Single,6,0,18.00,2,2,3,200.00
53156,0,20,Computer,1,25,Credit Card,Female,3.00,4,Fashion,3,Divorced,7,0,12.00,2,2,3,230.00
53157,0,15,Mobile Phone,3,9,Debit Card,Female,4.00,4,Grocery,5,Divorced,9,0,17.00,1,12,9,291.00
53158,0,11,Computer,3,16,Credit Card,Male,4.00,4,Fashion,4,Married,3,0,14.00,7,8,3,213.00
53159,0,26,Mobile Phone,1,13,COD,Male,4.00,4,Laptop & Accessory,5,Married,5,1,13.00,3,7,10,181.00
53160,1,1,Computer,3,18,UPI,Male,3.00,3,Laptop & Accessory,3,Divorced,10,0,13.00,2,2,3,172.00
53161,0,1,Computer,3,31,Credit Card,Male,3.00,4,Mobile Phone,2,Divorced,2,0,14.00,1,3,2,149.00
53162,0,12,Mobile Phone,1,17,Credit Card,Female,4.00,4,Laptop & Accessory,3,Divorced,5,0,20.00,2,2,3,223.00
53163,0,11,Mobile Phone,1,7,Debit Card,Female,4.00,4,Laptop & Accessory,4,Divorced,8,0,13.00,4,5,4,189.00
53164,0,23,Mobile Phone,1,25,Debit Card,Male,3.00,5,Others,3,Married,3,1,15.00,1,2,10,320.00
53165,0,1,Mobile Phone,1,30,Credit Card,Male,3.00,3,Mobile Phone,2,Divorced,3,1,12.00,1,2,5,152.00
53166,0,1,Mobile Phone,3,35,E wallet,Male,4.00,4,Laptop & Accessory,4,Divorced,3,0,21.00,2,2,5,188.00
53167,0,1,Phone,1,24,UPI,Male,4.00,5,Mobile Phone,4,Divorced,3,0,22.00,2,2,1,146.00
53168,0,24,Computer,2,10,Credit Card,Male,3.00,4,Others,4,Divorced,3,0,15.00,7,11,8,307.00
53169,0,1,Phone,3,20,Credit Card,Male,3.00,4,Mobile Phone,3,Divorced,3,0,12.00,2,2,7,146.00
53170,1,1,Computer,1,14,Debit Card,Female,3.00,4,Mobile Phone,3,Divorced,3,1,17.00,1,2,3,154.00
53171,1,1,Computer,3,19,Debit Card,Male,4.00,5,Mobile Phone,5,Divorced,3,0,19.00,2,2,1,145.00
53172,0,8,Mobile Phone,1,7,Debit Card,Male,3.00,5,Mobile Phone,2,Divorced,3,1,14.00,1,2,4,161.00
53173,1,1,Mobile Phone,3,20,Credit Card,Male,3.00,4,Laptop & Accessory,5,Married,4,0,18.00,1,2,3,167.00
53174,0,9,Mobile Phone,1,32,UPI,Male,3.00,5,Laptop & Accessory,2,Single,6,0,15.00,1,2,3,162.00
53175,0,5,Mobile Phone,3,13,Credit Card,Male,4.00,3,Laptop & Accessory,2,Married,6,0,23.00,4,6,8,180.00
53176,0,1,Phone,1,13,Credit Card,Female,4.00,5,Mobile Phone,3,Married,2,0,13.00,2,2,4,147.00
53177,0,11,Mobile Phone,3,9,E wallet,Male,4.00,4,Laptop & Accessory,3,Divorced,6,1,12.00,1,2,3,221.00
53178,0,1,Mobile Phone,1,7,Debit Card,Female,3.00,5,Mobile Phone,4,Single,3,0,14.00,2,2,1,153.00
53179,0,16,Mobile Phone,1,9,Debit Card,Female,3.00,4,Laptop & Accessory,2,Divorced,3,0,14.00,3,3,3,166.00
53180,0,17,Mobile Phone,1,13,UPI,Male,3.00,5,Grocery,2,Married,6,1,15.00,1,2,1,291.00
53181,0,12,Mobile Phone,1,7,Debit Card,Female,3.00,4,Mobile Phone,5,Single,5,0,18.00,2,2,1,151.00
53182,0,17,Computer,1,16,Credit Card,Male,4.00,4,Laptop & Accessory,3,Married,5,1,14.00,3,5,8,182.00
53183,0,22,Mobile Phone,1,7,Debit Card,Female,3.00,5,Grocery,5,Divorced,9,0,12.00,1,2,3,279.00
53184,0,18,Mobile Phone,2,7,Debit Card,Female,3.00,5,Laptop & Accessory,3,Single,6,0,12.00,2,2,3,185.00
53185,0,8,Mobile Phone,3,21,COD,Female,3.00,4,Mobile Phone,3,Married,3,1,19.00,2,2,7,151.00
53186,1,1,Mobile Phone,3,9,E wallet,Male,3.00,4,Mobile Phone,5,Married,2,0,12.00,1,2,3,155.00
53187,0,1,Mobile Phone,3,29,COD,Male,3.00,4,Mobile Phone,3,Single,3,0,12.00,2,2,3,159.00
53188,0,18,Mobile Phone,1,10,UPI,Male,3.00,4,Others,2,Divorced,6,1,15.00,2,2,2,320.00
53189,0,1,Mobile Phone,1,13,Credit Card,Male,4.00,4,Mobile Phone,3,Divorced,2,0,21.00,3,3,3,153.00
53190,0,7,Mobile Phone,3,15,E wallet,Male,3.00,4,Laptop & Accessory,3,Married,2,0,13.00,2,2,3,196.00
53191,0,6,Mobile Phone,1,16,Debit Card,Female,4.00,4,Laptop & Accessory,2,Divorced,3,1,13.00,2,2,6,188.00
53192,0,4,Computer,1,10,Credit Card,Female,4.00,4,Mobile Phone,3,Married,3,0,21.00,2,2,1,146.00
53193,0,27,Mobile Phone,3,7,Credit Card,Female,3.00,4,Laptop & Accessory,5,Single,9,0,21.00,7,9,11,209.00
53194,0,8,Mobile Phone,1,7,Debit Card,Male,3.00,4,Mobile Phone,2,Divorced,3,0,13.00,7,9,9,152.00
53195,1,9,Computer,3,33,Debit Card,Female,4.00,4,Laptop & Accessory,5,Divorced,4,0,15.00,1,2,1,168.00
53196,0,1,Mobile Phone,1,13,Debit Card,Female,4.00,4,Mobile Phone,2,Divorced,3,1,14.00,1,2,3,152.00
53197,0,11,Mobile Phone,1,10,UPI,Male,3.00,4,Fashion,3,Divorced,3,0,16.00,7,8,3,219.00
53198,0,3,Mobile Phone,3,10,Credit Card,Female,4.00,4,Laptop & Accessory,3,Divorced,3,0,15.00,1,2,3,181.00
53199,0,9,Mobile Phone,1,13,Debit Card,Male,3.00,6,Laptop & Accessory,2,Single,3,0,14.00,12,12,9,191.00
53200,0,7,Computer,1,13,Debit Card,Male,2.00,4,Laptop & Accessory,2,Married,5,0,24.00,5,5,8,202.00
53201,0,28,Mobile Phone,2,26,Credit Card,Male,3.00,4,Fashion,4,Divorced,4,0,16.00,4,2,2,232.00
53202,0,10,Mobile Phone,1,16,Credit Card,Male,3.00,5,Laptop & Accessory,4,Married,4,1,12.00,2,2,3,213.00
53203,0,1,Phone,1,10,Credit Card,Male,3.00,5,Mobile Phone,2,Single,2,0,14.00,1,2,2,145.00
53204,1,1,Phone,1,17,Credit Card,Male,3.00,4,Mobile,3,Single,3,1,12.00,1,2,2,135.00
53205,1,1,Computer,1,10,Debit Card,Male,4.00,4,Mobile Phone,5,Single,3,1,12.00,10,10,8,158.00
53206,0,9,Computer,1,10,Debit Card,Male,3.00,5,Mobile Phone,3,Divorced,3,0,19.00,2,2,1,138.00
53207,0,1,Mobile Phone,1,11,Credit Card,Male,3.00,3,Mobile Phone,5,Divorced,4,0,17.00,1,2,3,153.00
53208,0,1,Mobile Phone,3,15,Debit Card,Male,3.00,3,Laptop & Accessory,4,Divorced,2,0,23.00,1,2,3,174.00
53209,0,12,Mobile Phone,3,14,E wallet,Female,3.00,5,Laptop & Accessory,2,Single,2,0,21.00,2,2,6,165.00
53210,0,3,Computer,1,7,Debit Card,Male,4.00,6,Mobile Phone,2,Married,3,0,19.00,3,3,9,152.00
53211,0,22,Mobile Phone,3,9,E wallet,Male,3.00,3,Laptop & Accessory,4,Divorced,5,0,13.00,3,3,3,206.00
53212,0,1,Computer,3,10,Credit Card,Female,4.00,3,Laptop & Accessory,2,Married,3,1,21.00,2,2,5,171.00
53213,0,11,Mobile Phone,1,17,Debit Card,Male,4.00,3,Mobile Phone,2,Single,5,0,18.00,2,2,1,172.00
53214,0,24,Mobile Phone,1,35,Credit Card,Male,4.00,3,Mobile Phone,3,Divorced,3,1,12.00,4,4,9,157.00
53215,0,8,Mobile Phone,1,16,Credit Card,Female,3.00,5,Fashion,4,Single,3,0,15.00,5,8,3,211.00
53216,1,1,Mobile Phone,3,10,Debit Card,Female,4.00,4,Laptop & Accessory,3,Single,11,0,15.00,2,3,1,171.00
53217,0,13,Mobile Phone,1,9,COD,Female,4.00,5,Laptop & Accessory,3,Single,3,0,12.00,3,12,11,171.00
53218,0,6,Mobile Phone,3,17,E wallet,Male,3.00,4,Laptop & Accessory,2,Single,3,0,13.00,1,2,9,179.00
53219,1,14,Computer,3,15,COD,Male,3.00,4,Laptop & Accessory,3,Divorced,5,1,15.00,2,2,4,193.00
53220,0,12,Mobile Phone,1,7,Debit Card,Female,3.00,3,Laptop & Accessory,2,Single,2,0,14.00,2,2,9,201.00
53221,0,1,Mobile Phone,1,7,Debit Card,Female,4.00,4,Fashion,5,Divorced,3,0,12.00,2,2,8,199.00
53222,0,6,Mobile Phone,1,10,Debit Card,Female,3.00,4,Fashion,2,Single,5,0,16.00,4,2,8,237.00
53223,0,21,Mobile Phone,3,21,E wallet,Male,3.00,4,Laptop & Accessory,5,Single,4,0,13.00,1,2,8,175.00
53224,0,14,Computer,3,12,Debit Card,Male,3.00,5,Fashion,5,Divorced,7,1,22.00,1,2,3,230.00
53225,0,27,Mobile Phone,1,14,Debit Card,Male,3.00,3,Grocery,3,Divorced,5,0,20.00,1,2,4,273.00
53226,0,15,Mobile Phone,2,17,UPI,Male,4.00,5,Others,2,Married,5,0,15.00,13,13,7,316.00
53227,0,31,Mobile Phone,3,23,E wallet,Male,3.00,4,Laptop & Accessory,5,Single,10,0,15.00,2,3,3,179.00
53228,0,1,Computer,1,17,Debit Card,Male,3.00,4,Fashion,5,Married,3,0,22.00,2,2,3,213.00
53229,0,15,Mobile Phone,2,7,UPI,Male,3.00,5,Others,3,Divorced,3,0,15.00,3,3,11,317.00
53230,0,24,Mobile Phone,3,15,E wallet,Male,3.00,4,Mobile Phone,4,Divorced,9,0,16.00,2,3,3,164.00
53231,1,1,Phone,1,7,Debit Card,Female,4.00,6,Mobile Phone,4,Single,9,1,14.00,2,4,8,147.00
53232,0,10,Computer,1,15,Debit Card,Female,4.00,3,Fashion,5,Divorced,11,0,15.00,1,2,6,242.00
53233,0,12,Mobile Phone,1,7,Debit Card,Female,3.00,4,Fashion,3,Single,6,1,15.00,1,2,1,204.00
53234,0,18,Computer,1,31,Credit Card,Male,3.00,6,Mobile Phone,3,Single,4,0,15.00,1,2,5,162.00
53235,0,21,Computer,3,10,Credit Card,Female,3.00,4,Grocery,3,Married,11,1,13.00,1,12,14,263.00
53236,0,4,Mobile Phone,3,34,E wallet,Male,3.00,4,Laptop & Accessory,2,Married,9,0,24.00,5,8,8,178.00
53237,0,3,Mobile Phone,3,17,Debit Card,Male,3.00,4,Mobile Phone,3,Single,3,0,12.00,1,2,1,151.00
53238,1,6,Computer,1,26,Credit Card,Male,3.00,3,Mobile Phone,3,Married,8,1,13.00,3,3,3,153.00
53239,0,17,Computer,3,22,Debit Card,Male,3.00,5,Laptop & Accessory,2,Divorced,5,0,19.00,1,3,3,193.00
53240,0,8,Mobile Phone,1,15,Credit Card,Female,4.00,4,Laptop & Accessory,3,Single,5,0,12.00,2,5,4,186.00
53241,0,1,Mobile Phone,1,16,Credit Card,Male,3.00,4,Mobile Phone,5,Divorced,3,0,15.00,1,2,3,150.00
53242,0,13,Mobile Phone,2,10,UPI,Female,3.00,3,Laptop & Accessory,4,Divorced,11,0,16.00,4,4,7,189.00
53243,0,30,Mobile Phone,1,16,Credit Card,Male,3.00,4,Grocery,2,Divorced,9,0,12.00,1,2,2,236.00
53244,0,14,Phone,1,9,Credit Card,Female,3.00,5,Mobile Phone,2,Single,2,1,21.00,3,3,4,148.00
53245,0,1,Mobile Phone,1,14,Credit Card,Female,3.00,5,Laptop & Accessory,5,Single,10,0,20.00,2,2,8,193.00
53246,0,3,Phone,3,17,E wallet,Male,3.00,4,Mobile Phone,4,Married,3,0,15.00,1,3,3,148.00
53247,0,27,Phone,1,13,Debit Card,Male,3.00,4,Laptop & Accessory,2,Single,4,0,18.00,2,3,3,150.00
53248,0,9,Computer,1,9,Debit Card,Female,4.00,4,Laptop & Accessory,5,Married,4,0,12.00,1,2,1,176.00
53249,0,6,Computer,1,31,Debit Card,Male,4.00,4,Laptop & Accessory,2,Divorced,3,0,16.00,3,5,8,178.00
53250,0,12,Mobile Phone,1,9,Credit Card,Male,4.00,4,Mobile Phone,3,Divorced,8,1,14.00,1,2,2,156.00
53251,0,8,Mobile Phone,1,15,Debit Card,Female,3.00,4,Laptop & Accessory,5,Married,5,0,15.00,2,2,1,176.00
53252,0,26,Mobile Phone,3,10,E wallet,Male,3.00,5,Grocery,5,Divorced,3,0,15.00,2,2,17,294.00
53253,1,1,Mobile Phone,1,7,UPI,Male,4.00,4,Mobile Phone,2,Single,3,1,14.00,6,8,9,152.00
53254,0,1,Mobile Phone,3,33,Credit Card,Female,3.00,4,Laptop & Accessory,2,Single,3,0,24.00,1,2,5,187.00
53255,0,19,Mobile Phone,3,9,COD,Male,3.00,6,Laptop & Accessory,3,Single,2,0,14.00,1,4,2,191.00
53256,0,1,Mobile Phone,1,17,Credit Card,Male,4.00,3,Mobile Phone,3,Single,3,0,19.00,2,2,3,160.00
53257,1,11,Computer,3,34,Debit Card,Female,4.00,2,Laptop & Accessory,3,Single,6,1,13.00,2,2,4,189.00
53258,0,8,Mobile Phone,3,9,UPI,Male,3.00,4,Laptop & Accessory,2,Single,3,0,23.00,1,2,5,188.00
53259,1,19,Mobile Phone,1,9,Credit Card,Male,4.00,4,Others,5,Divorced,7,1,14.00,2,2,5,324.00
53260,0,10,Computer,3,15,Debit Card,Male,4.00,5,Fashion,5,Single,3,0,16.00,1,2,10,201.00
53261,0,26,Computer,1,26,Credit Card,Male,3.00,4,Mobile Phone,2,Divorced,2,0,19.00,2,2,3,168.00
53262,0,1,Computer,1,7,Debit Card,Female,4.00,6,Mobile Phone,2,Married,5,0,15.00,3,3,1,169.00
53263,0,3,Mobile Phone,1,34,Credit Card,Female,4.00,4,Laptop & Accessory,3,Divorced,6,0,13.00,2,2,2,168.00
53264,1,1,Mobile Phone,3,15,COD,Male,3.00,5,Laptop & Accessory,5,Single,8,0,18.00,2,2,3,178.00
53265,0,8,Mobile Phone,1,7,Debit Card,Female,4.00,2,Mobile Phone,2,Single,4,0,17.00,1,2,4,158.00
53266,0,28,Mobile Phone,1,26,Credit Card,Female,4.00,4,Laptop & Accessory,5,Married,11,1,12.00,1,2,5,180.00
53267,0,3,Computer,3,6,E wallet,Male,3.00,4,Laptop & Accessory,2,Divorced,2,0,20.00,1,2,2,168.00
53268,0,11,Mobile Phone,1,17,Debit Card,Female,3.00,4,Mobile Phone,5,Married,2,1,14.00,4,5,4,153.00
53269,0,12,Computer,1,9,Debit Card,Female,4.00,2,Laptop & Accessory,5,Single,8,1,13.00,5,5,13,185.00
53270,0,8,Mobile Phone,1,9,Credit Card,Female,3.00,5,Mobile Phone,5,Single,3,0,12.00,2,2,4,169.00
53271,0,9,Mobile Phone,3,15,Debit Card,Female,4.00,4,Mobile Phone,2,Divorced,3,0,17.00,1,2,3,151.00
53272,0,4,Mobile Phone,1,7,Debit Card,Male,3.00,6,Mobile Phone,3,Divorced,5,0,22.00,2,2,3,163.00
53273,0,14,Computer,1,9,Credit Card,Female,3.00,2,Laptop & Accessory,4,Divorced,3,0,25.00,1,4,8,167.00
53274,0,8,Mobile Phone,3,15,Debit Card,Female,4.00,4,Laptop & Accessory,5,Divorced,7,0,18.00,2,2,3,190.00
53275,0,16,Computer,1,15,Debit Card,Male,4.00,4,Others,2,Married,3,0,15.00,1,15,10,309.00
53276,1,1,Phone,1,13,Debit Card,Male,4.00,2,Mobile Phone,5,Divorced,3,1,22.00,2,2,1,141.00
53277,0,1,Computer,1,16,Debit Card,Male,3.00,5,Mobile Phone,4,Married,3,0,12.00,2,2,1,152.00
53278,0,26,Mobile Phone,1,18,Debit Card,Female,3.00,4,Laptop & Accessory,3,Divorced,10,0,21.00,2,2,5,156.00
53279,0,24,Mobile Phone,1,9,Credit Card,Male,4.00,4,Grocery,3,Divorced,7,0,15.00,1,2,4,301.00
53280,1,1,Phone,1,7,Debit Card,Female,3.00,5,Mobile Phone,5,Divorced,3,1,12.00,1,2,1,148.00
53281,0,7,Mobile Phone,1,14,Credit Card,Male,3.00,4,Fashion,3,Divorced,2,0,12.00,1,2,8,242.00
53282,1,1,Mobile Phone,3,23,E wallet,Female,4.00,4,Laptop & Accessory,5,Single,7,0,16.00,2,2,3,178.00
53283,0,21,Mobile Phone,1,9,UPI,Female,3.00,4,Grocery,2,Divorced,3,1,15.00,4,4,1,293.00
53284,0,10,Mobile Phone,1,7,UPI,Female,3.00,4,Laptop & Accessory,4,Divorced,2,0,16.00,1,2,6,177.00
53285,0,3,Mobile Phone,1,30,Debit Card,Male,3.00,2,Mobile Phone,3,Divorced,3,0,25.00,2,2,8,152.00
53286,1,21,Mobile Phone,1,9,Debit Card,Male,3.00,4,Others,4,Single,9,1,15.00,6,14,9,317.00
53287,0,9,Mobile Phone,1,7,Debit Card,Female,3.00,2,Mobile Phone,3,Single,5,0,14.00,1,3,3,150.00
53288,0,16,Mobile Phone,1,7,Debit Card,Female,3.00,5,Laptop & Accessory,2,Divorced,11,1,14.00,1,2,3,186.00
53289,1,1,Mobile Phone,1,9,Credit Card,Male,3.00,4,Mobile Phone,3,Single,8,0,18.00,1,3,2,169.00
53290,0,10,Phone,2,20,UPI,Male,3.00,4,Mobile Phone,4,Divorced,5,0,14.00,2,2,5,146.00
53291,0,6,Mobile Phone,1,11,Debit Card,Female,4.00,5,Laptop & Accessory,3,Divorced,3,0,13.00,2,7,9,187.00
53292,0,14,Computer,1,23,Credit Card,Male,3.00,5,Laptop & Accessory,3,Single,8,0,15.00,2,2,1,176.00
53293,0,4,Mobile Phone,1,9,Credit Card,Female,3.00,5,Laptop & Accessory,2,Single,7,1,25.00,2,2,1,194.00
53294,0,19,Phone,1,9,Debit Card,Female,4.00,5,Mobile Phone,3,Single,3,0,15.00,2,2,1,148.00
53295,0,16,Mobile Phone,1,36,Debit Card,Male,4.00,4,Laptop & Accessory,4,Divorced,3,0,14.00,3,8,9,169.00
53296,0,12,Computer,1,19,Debit Card,Male,3.00,5,Laptop & Accessory,5,Married,4,0,16.00,2,2,3,188.00
53297,0,8,Computer,1,23,Debit Card,Female,4.00,5,Mobile Phone,2,Single,3,0,17.00,2,2,4,151.00
53298,1,13,Mobile Phone,3,18,E wallet,Female,3.00,4,Fashion,2,Divorced,3,0,19.00,1,8,8,202.00
53299,1,19,Mobile Phone,3,9,Credit Card,Male,3.00,4,Laptop & Accessory,2,Single,6,0,17.00,1,8,4,177.00
53300,0,17,Mobile Phone,1,21,Debit Card,Male,4.00,4,Grocery,5,Divorced,8,0,15.00,2,2,1,297.00
53301,0,1,Mobile Phone,1,12,Cash on Delivery,Male,3.00,5,Fashion,2,Married,3,1,17.00,1,2,9,253.00
53302,0,9,Mobile Phone,1,14,UPI,Male,3.00,4,Fashion,3,Single,5,0,22.00,1,2,3,227.00
53303,0,2,Mobile Phone,3,9,E wallet,Female,3.00,4,Laptop & Accessory,4,Divorced,3,1,21.00,8,8,6,173.00
53304,0,8,Mobile Phone,2,10,UPI,Male,3.00,4,Mobile Phone,2,Divorced,2,0,20.00,2,2,3,162.00
53305,1,1,Computer,1,12,Credit Card,Female,3.00,5,Mobile Phone,3,Divorced,3,1,15.00,1,2,8,149.00
53306,0,1,Computer,1,10,Credit Card,Male,3.00,4,Mobile Phone,2,Divorced,3,0,12.00,2,2,1,142.00
53307,0,25,Mobile Phone,3,33,E wallet,Female,4.00,4,Grocery,3,Divorced,4,0,15.00,1,5,18,288.00
53308,0,18,Mobile Phone,1,11,Credit Card,Male,3.00,4,Laptop & Accessory,4,Single,11,0,13.00,2,3,4,184.00
53309,0,1,Mobile Phone,1,9,Credit Card,Male,4.00,2,Mobile Phone,5,Single,9,0,14.00,2,2,2,159.00
53310,0,7,Mobile Phone,3,7,Credit Card,Male,3.00,2,Laptop & Accessory,5,Married,3,0,23.00,1,2,9,165.00
53311,0,9,Mobile Phone,1,34,Credit Card,Female,3.00,5,Mobile Phone,5,Single,3,0,12.00,2,2,2,151.00
53312,0,10,Mobile Phone,3,7,Debit Card,Male,3.00,4,Laptop & Accessory,2,Divorced,3,1,15.00,3,5,12,187.00
53313,0,6,Mobile Phone,3,20,Debit Card,Male,4.00,4,Laptop & Accessory,2,Married,4,0,12.00,1,2,4,169.00
53314,0,4,Computer,1,12,Debit Card,Male,4.00,5,Mobile Phone,2,Married,11,0,13.00,1,2,4,163.00
53315,0,27,Mobile Phone,3,14,E wallet,Female,4.00,5,Fashion,2,Divorced,9,1,19.00,1,2,5,234.00
53316,0,19,Mobile Phone,3,16,E wallet,Male,4.00,4,Fashion,5,Married,6,1,13.00,2,2,3,233.00
53317,0,6,Mobile Phone,1,15,Credit Card,Female,4.00,2,Laptop & Accessory,3,Divorced,7,0,13.00,2,2,4,177.00
53318,0,26,Computer,1,32,Credit Card,Female,3.00,5,Grocery,2,Divorced,5,0,23.00,1,2,1,263.00
53319,0,11,Mobile Phone,3,23,E wallet,Male,4.00,5,Laptop & Accessory,3,Married,6,0,20.00,2,2,1,188.00
53320,0,2,Mobile Phone,2,15,Credit Card,Male,4.00,5,Mobile Phone,2,Married,3,0,14.00,1,2,5,174.00
53321,0,1,Mobile Phone,1,7,Debit Card,Male,3.00,5,Laptop & Accessory,2,Divorced,8,0,23.00,3,3,3,173.00
53322,0,18,Mobile Phone,1,15,Debit Card,Male,4.00,2,Mobile Phone,2,Divorced,4,1,25.00,2,2,3,153.00
53323,0,16,Computer,1,9,Credit Card,Male,3.00,4,Mobile Phone,2,Single,7,1,15.00,1,3,3,150.00
53324,0,10,Phone,2,15,Debit Card,Male,4.00,5,Mobile Phone,5,Divorced,2,0,22.00,2,2,4,148.00
53325,0,1,Mobile Phone,3,10,UPI,Male,4.00,4,Laptop & Accessory,5,Divorced,3,1,19.00,2,2,4,167.00
53326,0,9,Mobile Phone,1,16,Debit Card,Female,4.00,5,Fashion,3,Divorced,3,1,21.00,3,2,16,232.00
53327,1,1,Computer,1,32,Debit Card,Female,4.00,4,Mobile Phone,4,Married,3,1,20.00,1,8,9,145.00
53328,0,6,Computer,1,7,Debit Card,Male,4.00,4,Mobile Phone,2,Married,2,0,13.00,1,2,3,148.00
53329,0,1,Mobile Phone,3,11,E wallet,Male,3.00,5,Laptop & Accessory,5,Divorced,3,0,13.00,2,2,4,168.00
53330,0,23,Mobile Phone,1,7,COD,Female,3.00,4,Mobile Phone,5,Divorced,4,0,17.00,2,2,3,161.00
53331,0,1,Computer,1,11,Debit Card,Male,3.00,5,Mobile Phone,2,Divorced,2,0,18.00,1,4,5,157.00
53332,0,6,Computer,3,12,Debit Card,Male,3.00,4,Laptop & Accessory,4,Divorced,3,0,15.00,3,6,4,190.00
53333,0,12,Mobile Phone,3,16,E wallet,Male,4.00,5,Mobile Phone,4,Divorced,2,0,20.00,1,2,3,154.00
53334,0,16,Mobile Phone,1,10,Debit Card,Female,4.00,2,Laptop & Accessory,2,Divorced,4,1,14.00,1,2,4,177.00
53335,0,5,Phone,1,18,Debit Card,Male,3.00,4,Mobile Phone,2,Divorced,5,1,20.00,2,2,3,149.00
53336,1,1,Mobile Phone,3,7,Credit Card,Female,3.00,5,Mobile Phone,3,Married,8,1,20.00,1,2,3,153.00
53337,0,27,Mobile Phone,3,15,E wallet,Male,4.00,4,Grocery,2,Divorced,7,0,15.00,1,2,3,243.00
53338,0,9,Mobile Phone,1,32,Cash on Delivery,Male,4.00,5,Fashion,4,Divorced,5,0,17.00,4,2,9,234.00
53339,0,11,Computer,3,28,Credit Card,Female,3.00,4,Mobile Phone,2,Divorced,7,0,16.00,2,2,1,155.00
53340,0,27,Mobile Phone,1,30,Debit Card,Female,4.00,4,Grocery,2,Single,8,0,19.00,1,4,9,268.00
53341,0,17,Computer,1,7,Debit Card,Female,3.00,4,Laptop & Accessory,2,Divorced,6,0,14.00,2,3,3,181.00
53342,0,21,Mobile Phone,3,9,E wallet,Female,3.00,4,Laptop & Accessory,2,Divorced,2,1,23.00,6,8,8,170.00
53343,0,11,Computer,3,26,Credit Card,Male,3.00,4,Fashion,4,Single,3,1,14.00,1,2,10,201.00
53344,0,24,Computer,1,9,Debit Card,Male,4.00,4,Grocery,5,Married,3,0,15.00,14,15,8,304.00
53345,0,13,Mobile Phone,2,9,Debit Card,Female,3.00,5,Laptop & Accessory,2,Divorced,10,0,12.00,1,2,5,177.00
53346,0,7,Phone,2,10,UPI,Male,3.00,4,Mobile Phone,4,Married,5,1,12.00,1,2,4,148.00
53347,1,1,Mobile Phone,1,32,Debit Card,Male,3.00,4,Mobile Phone,2,Single,3,1,25.00,2,2,2,153.00
53348,0,3,Mobile Phone,1,14,Credit Card,Female,4.00,5,Mobile Phone,2,Married,8,0,15.00,2,2,4,150.00
53349,0,18,Mobile Phone,1,16,Debit Card,Male,4.00,4,Mobile Phone,5,Divorced,3,1,14.00,3,8,2,151.00
53350,0,2,Mobile Phone,3,12,Credit Card,Male,4.00,4,Laptop & Accessory,2,Single,3,0,15.00,2,2,3,174.00
53351,1,21,Computer,1,9,Debit Card,Male,3.00,5,Mobile Phone,2,Married,11,1,15.00,1,2,1,149.00
53352,0,17,Mobile Phone,1,15,Debit Card,Female,3.00,4,Laptop & Accessory,4,Married,6,0,22.00,2,2,1,173.00
53353,1,1,Phone,3,9,Credit Card,Female,3.00,5,Mobile Phone,3,Single,3,0,14.00,1,2,3,145.00
53354,1,1,Mobile Phone,1,25,UPI,Female,4.00,4,Mobile Phone,2,Single,3,0,20.00,2,2,1,152.00
53355,0,10,Mobile Phone,1,21,Debit Card,Male,4.00,4,Laptop & Accessory,2,Divorced,2,1,18.00,5,5,12,191.00
53356,0,21,Mobile Phone,3,9,Debit Card,Female,4.00,5,Mobile Phone,2,Single,3,1,19.00,2,2,3,158.00
53357,1,1,Mobile Phone,1,10,Debit Card,Female,3.00,4,Laptop & Accessory,3,Divorced,2,1,20.00,2,2,3,167.00
53358,1,5,Mobile Phone,1,9,Debit Card,Female,3.00,6,Mobile Phone,2,Married,6,1,14.00,1,2,1,153.00
53359,0,2,Phone,1,16,Credit Card,Female,4.00,4,Mobile Phone,3,Married,7,0,19.00,3,3,3,149.00
53360,1,3,Phone,1,13,Credit Card,Male,4.00,4,Mobile Phone,5,Divorced,9,1,22.00,2,3,3,149.00
53361,0,1,Phone,1,11,Debit Card,Female,4.00,4,Mobile Phone,3,Single,3,0,20.00,2,2,1,148.00
53362,0,8,Phone,1,17,Debit Card,Male,3.00,4,Mobile Phone,4,Married,3,0,15.00,2,2,1,145.00
53363,0,16,Mobile Phone,3,21,Credit Card,Female,4.00,5,Laptop & Accessory,3,Single,9,0,18.00,1,2,4,187.00
53364,0,7,Mobile Phone,1,7,UPI,Male,4.00,5,Mobile Phone,5,Single,5,1,12.00,1,2,3,153.00
53365,0,31,Mobile Phone,1,12,Cash on Delivery,Female,3.00,5,Fashion,4,Married,4,1,14.00,2,2,3,231.00
53366,0,5,Phone,3,14,Debit Card,Male,3.00,5,Mobile Phone,3,Divorced,5,0,16.00,4,6,3,148.00
53367,0,9,Mobile Phone,1,28,Debit Card,Female,3.00,4,Laptop & Accessory,2,Divorced,3,1,26.00,1,2,8,165.00
53368,0,23,Mobile Phone,1,15,UPI,Female,3.00,4,Fashion,4,Divorced,6,0,12.00,1,2,8,199.00
53369,0,22,Phone,1,27,Credit Card,Male,3.00,4,Mobile Phone,3,Divorced,6,0,18.00,1,2,1,148.00
53370,0,5,Computer,3,27,E wallet,Female,3.00,4,Laptop & Accessory,3,Divorced,3,0,14.00,2,2,1,194.00
53371,0,10,Mobile Phone,1,14,UPI,Male,4.00,4,Mobile Phone,2,Single,4,0,19.00,1,2,2,172.00
53372,0,12,Mobile Phone,1,7,Cash on Delivery,Female,4.00,4,Fashion,5,Divorced,3,0,14.00,4,6,12,261.00
53373,0,6,Computer,1,7,Debit Card,Female,4.00,5,Mobile Phone,4,Divorced,8,0,21.00,2,2,3,148.00
53374,1,1,Phone,3,26,E wallet,Male,3.00,5,Mobile Phone,4,Divorced,3,1,19.00,1,2,1,149.00
53375,0,14,Mobile Phone,3,17,E wallet,Male,4.00,5,Fashion,4,Married,4,0,13.00,2,2,3,222.00
53376,0,1,Computer,3,7,Credit Card,Male,3.00,5,Laptop & Accessory,5,Single,3,0,13.00,2,2,8,168.00
53377,0,15,Mobile Phone,1,13,Credit Card,Male,3.00,4,Mobile Phone,5,Single,4,1,14.00,2,3,18,172.00
53378,0,10,Mobile Phone,1,9,Credit Card,Male,4.00,4,Mobile Phone,3,Single,6,0,22.00,3,4,10,150.00
53380,1,1,Mobile Phone,1,11,COD,Male,3.00,4,Mobile Phone,5,Single,3,0,20.00,2,2,1,155.00
53381,0,5,Mobile Phone,1,19,Credit Card,Female,3.00,4,Laptop & Accessory,2,Divorced,2,1,12.00,1,9,6,184.00
53382,0,14,Computer,1,16,Credit Card,Male,3.00,4,Mobile Phone,4,Married,10,1,15.00,1,2,1,161.00
53383,0,6,Mobile Phone,1,10,Credit Card,Female,4.00,4,Laptop & Accessory,5,Divorced,3,0,13.00,7,7,4,192.00
53384,1,1,Mobile Phone,3,10,Debit Card,Male,3.00,5,Fashion,2,Divorced,3,1,12.00,4,4,3,228.00
53385,0,7,Mobile Phone,1,7,Debit Card,Female,3.00,5,Laptop & Accessory,2,Single,2,0,15.00,1,2,5,194.00
53386,1,1,Mobile Phone,3,7,Debit Card,Male,3.00,5,Fashion,3,Divorced,7,0,12.00,2,12,3,231.00
53387,0,19,Computer,1,11,Debit Card,Male,3.00,4,Laptop & Accessory,4,Divorced,3,0,13.00,2,2,9,169.00
53388,0,3,Computer,3,27,COD,Female,3.00,4,Mobile Phone,2,Divorced,3,0,16.00,1,2,3,147.00
53389,0,9,Mobile Phone,3,25,Credit Card,Female,3.00,4,Laptop & Accessory,3,Divorced,3,0,17.00,2,2,1,171.00
53390,0,26,Mobile Phone,1,7,Debit Card,Male,4.00,4,Grocery,2,Divorced,4,0,15.00,8,8,9,296.00
53391,1,21,Mobile Phone,1,9,COD,Male,3.00,4,Mobile Phone,3,Single,6,0,25.00,2,2,1,150.00
53392,0,27,Mobile Phone,3,9,Credit Card,Male,3.00,4,Grocery,3,Married,8,0,14.00,1,16,3,274.00
53393,0,4,Mobile Phone,3,15,UPI,Male,4.00,4,Fashion,3,Married,7,0,12.00,5,8,8,198.00
53394,0,12,Computer,3,17,COD,Female,3.00,4,Laptop & Accessory,2,Single,3,1,14.00,1,2,4,182.00
53395,0,9,Mobile Phone,3,10,Debit Card,Male,4.00,4,Fashion,2,Married,8,0,14.00,1,2,9,203.00
53396,0,13,Mobile Phone,3,9,Debit Card,Male,3.00,2,Fashion,3,Single,2,0,19.00,2,2,8,204.00
53397,1,4,Computer,3,31,Debit Card,Female,4.00,2,Grocery,4,Single,6,1,17.00,2,2,1,257.00
53398,0,21,Computer,1,23,Credit Card,Male,4.00,2,Laptop & Accessory,3,Married,3,1,20.00,1,3,8,176.00
53399,0,10,Computer,3,15,COD,Male,3.00,4,Laptop & Accessory,2,Married,6,0,14.00,2,2,8,176.00
53400,1,1,Computer,1,16,Credit Card,Male,3.00,5,Mobile Phone,5,Single,2,1,23.00,2,2,3,148.00
53401,0,7,Computer,3,24,Debit Card,Male,3.00,4,Grocery,3,Single,3,0,15.00,6,7,1,299.00
53402,1,1,Phone,1,17,Debit Card,Female,4.00,5,Mobile Phone,5,Single,8,1,21.00,2,2,1,149.00
53403,0,7,Mobile Phone,1,20,Debit Card,Female,3.00,4,Mobile Phone,2,Single,5,0,19.00,2,2,3,160.00
53404,0,19,Phone,1,7,Credit Card,Female,4.00,4,Mobile Phone,2,Married,5,0,15.00,1,2,3,148.00
53405,0,24,Mobile Phone,1,7,Credit Card,Male,4.00,4,Grocery,2,Married,11,0,15.00,1,2,4,299.00
53406,0,7,Computer,1,7,UPI,Female,3.00,2,Laptop & Accessory,4,Divorced,3,1,14.00,1,2,3,180.00
53407,0,15,Computer,1,16,Credit Card,Male,4.00,4,Others,3,Married,4,0,15.00,2,2,12,319.00
53408,0,1,Mobile Phone,1,23,COD,Female,3.00,4,Mobile Phone,4,Divorced,11,0,15.00,3,3,3,153.00
53409,0,19,Computer,1,30,Debit Card,Male,3.00,4,Laptop & Accessory,5,Divorced,3,1,16.00,2,2,9,161.00
53410,0,21,Mobile Phone,3,11,Debit Card,Female,3.00,4,Laptop & Accessory,2,Single,3,1,18.00,2,2,8,167.00
53411,1,1,Phone,1,29,Debit Card,Female,3.00,4,Mobile Phone,3,Divorced,6,1,12.00,1,2,2,146.00
53412,0,24,Mobile Phone,1,31,Debit Card,Male,4.00,4,Grocery,3,Divorced,5,1,19.00,1,2,6,265.00
53413,0,12,Computer,1,17,Credit Card,Male,4.00,4,Mobile Phone,3,Divorced,2,0,18.00,1,2,3,152.00
53414,0,20,Mobile Phone,1,14,Credit Card,Male,4.00,4,Fashion,3,Married,8,0,14.00,1,2,8,233.00
53415,0,1,Mobile Phone,1,24,Credit Card,Female,3.00,5,Laptop & Accessory,3,Married,3,0,16.00,3,4,3,169.00
53416,1,1,Mobile Phone,1,21,UPI,Male,3.00,5,Mobile Phone,4,Married,3,1,25.00,2,2,3,162.00
53417,0,5,Computer,1,7,Debit Card,Female,4.00,4,Laptop & Accessory,5,Divorced,3,0,13.00,2,2,4,166.00
53418,0,1,Computer,1,12,Debit Card,Male,4.00,4,Mobile,2,Single,3,0,16.00,2,2,1,136.00
53419,0,28,Mobile Phone,1,24,Cash on Delivery,Female,3.00,4,Fashion,3,Divorced,10,0,12.00,2,2,9,232.00
53420,0,9,Mobile Phone,1,32,Credit Card,Female,3.00,4,Fashion,3,Married,3,1,12.00,3,11,3,229.00
53421,0,4,Mobile Phone,1,15,Debit Card,Female,4.00,2,Fashion,5,Divorced,2,1,13.00,1,2,8,239.00
53422,1,1,Mobile Phone,1,18,Credit Card,Female,4.00,5,Mobile Phone,5,Single,3,1,16.00,1,2,1,151.00
53423,1,1,Computer,1,12,Credit Card,Female,3.00,4,Mobile Phone,4,Single,2,0,18.00,1,2,3,149.00
53424,0,1,Mobile Phone,1,9,Credit Card,Male,3.00,2,Laptop & Accessory,2,Divorced,3,0,13.00,2,2,4,180.00
53425,0,1,Phone,1,15,Debit Card,Male,4.00,6,Mobile Phone,5,Divorced,3,0,16.00,2,2,2,150.00
53426,0,22,Mobile Phone,1,13,Debit Card,Male,4.00,5,Laptop & Accessory,3,Single,4,0,14.00,1,3,3,167.00
53427,0,22,Mobile Phone,1,11,Debit Card,Male,4.00,5,Fashion,3,Single,9,0,15.00,2,2,9,235.00
53428,0,15,Mobile Phone,1,14,Credit Card,Female,3.00,4,Laptop & Accessory,3,Single,8,0,15.00,2,3,2,175.00
53429,0,13,Mobile Phone,1,7,Debit Card,Female,4.00,5,Grocery,2,Divorced,3,0,17.00,1,2,9,252.00
53430,0,1,Mobile Phone,1,9,Debit Card,Female,3.00,4,Laptop & Accessory,2,Divorced,2,0,19.00,1,3,3,167.00
53431,0,9,Mobile Phone,1,17,UPI,Male,3.00,4,Mobile Phone,2,Married,3,0,21.00,2,2,3,164.00
53432,0,16,Mobile Phone,3,12,E wallet,Male,3.00,4,Others,3,Divorced,8,0,15.00,1,2,1,308.00
53433,0,24,Phone,1,16,Debit Card,Male,4.00,4,Mobile Phone,2,Divorced,6,0,19.00,2,2,1,149.00
53434,0,31,Mobile Phone,1,9,Debit Card,Female,4.00,5,Grocery,2,Single,5,1,14.00,1,5,4,262.00
53435,1,1,Mobile Phone,1,18,Credit Card,Female,4.00,6,Laptop & Accessory,4,Divorced,7,0,16.00,2,2,1,173.00
53436,0,29,Computer,1,25,Credit Card,Male,4.00,4,Laptop & Accessory,4,Divorced,5,1,15.00,7,7,8,189.00
53437,0,15,Computer,1,14,Debit Card,Female,3.00,6,Others,3,Married,3,0,23.00,2,6,11,325.00
53438,0,12,Mobile Phone,3,10,Debit Card,Male,3.00,4,Laptop & Accessory,2,Single,10,1,13.00,2,2,1,194.00
53439,1,1,Computer,3,36,Credit Card,Male,4.00,6,Laptop & Accessory,5,Single,10,0,19.00,1,3,3,175.00
53440,1,16,Mobile Phone,3,9,E wallet,Female,3.00,6,Others,2,Divorced,3,0,16.00,6,7,10,323.00
53441,0,18,Mobile Phone,3,35,Credit Card,Female,3.00,2,Grocery,2,Divorced,5,1,19.00,2,2,12,258.00
53442,0,24,Computer,3,7,Debit Card,Female,4.00,4,Laptop & Accessory,3,Divorced,2,0,13.00,2,2,14,188.00
53443,1,1,Mobile Phone,1,23,Debit Card,Female,3.00,2,Mobile Phone,5,Single,3,0,17.00,16,16,15,152.00
53444,0,13,Computer,1,29,Credit Card,Female,3.00,4,Fashion,5,Single,3,1,14.00,2,2,9,234.00
53445,0,7,Computer,3,15,Debit Card,Female,3.00,5,Mobile Phone,2,Single,2,0,20.00,3,3,3,148.00
53446,0,19,Mobile Phone,3,18,Debit Card,Female,3.00,4,Grocery,2,Divorced,5,0,15.00,2,2,2,302.00
53447,0,6,Computer,1,36,Credit Card,Female,4.00,4,Mobile Phone,3,Single,11,0,13.00,6,8,8,165.00
53448,0,8,Mobile Phone,3,7,E wallet,Male,4.00,2,Laptop & Accessory,2,Married,2,0,12.00,2,2,3,222.00
53449,0,31,Mobile Phone,3,7,Cash on Delivery,Male,4.00,4,Fashion,2,Divorced,5,1,15.00,1,2,5,244.00
53450,0,19,Phone,2,31,Credit Card,Male,3.00,4,Mobile Phone,4,Single,3,0,17.00,1,2,5,147.00
53451,0,27,Computer,3,9,E wallet,Female,3.00,5,Fashion,4,Divorced,4,0,13.00,1,7,13,200.00
53452,1,1,Mobile Phone,1,22,UPI,Male,3.00,4,Laptop & Accessory,3,Married,9,0,15.00,1,2,1,173.00
53453,1,1,Computer,1,9,Debit Card,Male,3.00,4,Mobile Phone,5,Divorced,8,1,15.00,2,2,3,145.00
53454,0,8,Phone,3,17,Debit Card,Female,3.00,4,Mobile Phone,3,Divorced,3,1,20.00,1,2,1,147.00
53455,0,2,Phone,3,17,Credit Card,Male,4.00,4,Mobile Phone,4,Divorced,3,0,23.00,2,2,1,136.00
53456,0,12,Computer,1,10,UPI,Male,3.00,4,Mobile Phone,3,Divorced,5,0,17.00,3,3,3,153.00
53457,0,24,Mobile Phone,1,9,Credit Card,Male,4.00,4,Others,3,Divorced,4,1,15.00,8,8,8,317.00
53458,0,11,Mobile Phone,1,10,UPI,Female,3.00,4,Laptop & Accessory,4,Single,5,0,16.00,2,2,2,166.00
53459,0,14,Mobile Phone,3,33,E wallet,Male,4.00,4,Laptop & Accessory,5,Divorced,3,0,15.00,6,8,6,209.00
53460,0,1,Computer,1,7,Credit Card,Female,4.00,5,Mobile Phone,3,Married,3,0,14.00,2,2,4,145.00
53461,0,20,Mobile Phone,1,7,Credit Card,Male,3.00,4,Others,2,Married,11,0,15.00,2,3,3,321.00
53462,0,28,Mobile Phone,3,9,Debit Card,Female,3.00,5,Fashion,3,Divorced,8,0,12.00,7,2,1,232.00
53463,0,30,Computer,1,16,Credit Card,Female,4.00,4,Mobile Phone,3,Divorced,4,0,20.00,1,2,4,154.00
53464,0,10,Mobile Phone,1,19,Credit Card,Female,3.00,5,Fashion,2,Single,2,0,12.00,6,8,3,214.00
53465,0,29,Computer,1,9,Credit Card,Male,3.00,5,Grocery,5,Single,9,0,15.00,4,7,3,293.00
53466,0,17,Mobile Phone,3,32,Credit Card,Male,4.00,5,Fashion,2,Married,7,0,14.00,2,2,1,259.00
53467,1,1,Computer,3,16,E wallet,Female,3.00,4,Mobile Phone,2,Single,3,1,15.00,1,2,3,148.00
53468,1,1,Phone,1,17,Debit Card,Female,3.00,5,Mobile Phone,5,Single,3,0,14.00,2,2,1,139.00
53469,0,20,Mobile Phone,1,15,Debit Card,Female,4.00,5,Laptop & Accessory,5,Married,10,1,24.00,2,2,8,171.00
53470,1,15,Mobile Phone,1,11,Debit Card,Male,3.00,4,Mobile Phone,3,Divorced,11,1,13.00,2,3,8,150.00
53471,1,1,Computer,1,31,Cash on Delivery,Male,4.00,5,Fashion,5,Single,3,0,13.00,1,2,3,212.00
53472,0,1,Mobile Phone,1,7,Credit Card,Male,3.00,5,Mobile Phone,5,Divorced,3,0,17.00,1,2,4,165.00
53473,0,4,Mobile Phone,1,27,UPI,Male,3.00,4,Laptop & Accessory,5,Divorced,2,0,16.00,2,2,3,225.00
53474,0,15,Mobile Phone,1,14,COD,Female,3.00,2,Mobile Phone,3,Divorced,3,0,14.00,2,2,9,159.00
53475,0,12,Mobile Phone,1,24,Debit Card,Female,4.00,5,Fashion,3,Divorced,2,0,19.00,1,2,3,213.00
53476,0,14,Mobile Phone,1,27,Cash on Delivery,Male,4.00,4,Fashion,2,Divorced,6,0,21.00,5,12,3,228.00
53477,0,1,Computer,1,15,Debit Card,Male,3.00,6,Mobile Phone,3,Divorced,3,0,20.00,2,2,3,171.00
53478,0,29,Computer,1,9,Debit Card,Male,4.00,4,Fashion,4,Divorced,5,0,19.00,2,2,3,235.00
53479,0,2,Mobile Phone,1,17,UPI,Female,3.00,4,Laptop & Accessory,3,Single,5,0,14.00,2,2,8,162.00
53480,1,8,Mobile Phone,2,7,Credit Card,Male,4.00,5,Fashion,5,Divorced,11,0,15.00,3,4,3,230.00
53481,0,7,Mobile Phone,1,12,Debit Card,Male,3.00,5,Fashion,2,Married,6,0,16.00,1,2,3,196.00
53482,1,1,Mobile Phone,3,11,Cash on Delivery,Male,3.00,4,Fashion,5,Single,2,1,23.00,4,5,3,221.00
53483,1,1,Computer,1,36,Credit Card,Female,3.00,5,Laptop & Accessory,3,Single,3,0,23.00,4,4,9,170.00
53484,0,2,Phone,1,22,Debit Card,Male,3.00,4,Mobile Phone,3,Married,3,0,17.00,3,3,3,147.00
53485,0,8,Computer,1,10,Debit Card,Male,3.00,4,Laptop & Accessory,2,Single,2,0,18.00,2,2,5,203.00
53486,0,11,Mobile Phone,3,17,Debit Card,Female,3.00,5,Laptop & Accessory,2,Married,4,1,15.00,1,2,1,192.00
53487,1,1,Mobile Phone,1,11,COD,Male,3.00,4,Mobile Phone,2,Divorced,3,1,16.00,6,6,7,162.00
53488,1,1,Phone,1,28,Credit Card,Male,3.00,4,Mobile Phone,3,Married,3,0,21.00,2,2,1,149.00
53489,1,1,Phone,1,32,Credit Card,Male,3.00,5,Mobile Phone,4,Single,6,1,21.00,1,3,3,148.00
53490,0,16,Mobile Phone,1,9,Credit Card,Male,3.00,4,Grocery,5,Divorced,2,0,15.00,6,14,8,302.00
53491,1,1,Computer,1,5,Credit Card,Male,3.00,5,Mobile Phone,4,Married,3,0,16.00,1,2,1,151.00
53492,1,14,Computer,3,7,UPI,Male,3.00,4,Laptop & Accessory,3,Single,5,1,15.00,1,2,1,172.00
53493,0,7,Computer,3,14,Debit Card,Female,2.00,4,Laptop & Accessory,4,Divorced,2,0,18.00,2,2,3,168.00
53494,0,8,Computer,1,10,Debit Card,Male,3.00,5,Mobile Phone,2,Divorced,5,0,18.00,2,2,1,155.00
53495,0,22,Computer,1,7,Credit Card,Male,3.00,2,Grocery,2,Single,4,0,15.00,1,3,2,294.00
53496,0,19,Computer,3,16,Debit Card,Female,4.00,5,Laptop & Accessory,3,Divorced,3,0,14.00,1,5,13,181.00
53497,0,26,Mobile Phone,1,14,Debit Card,Male,3.00,4,Fashion,4,Single,9,0,20.00,4,5,3,229.00
53498,0,12,Mobile Phone,3,17,E wallet,Male,4.00,5,Fashion,3,Married,2,1,15.00,3,3,3,212.00
53499,0,3,Mobile Phone,1,35,Debit Card,Female,4.00,4,Mobile Phone,2,Married,6,0,23.00,1,2,8,150.00
53500,0,2,Mobile Phone,1,10,Credit Card,Female,4.00,4,Fashion,4,Married,2,0,18.00,1,2,8,202.00
53501,0,20,Mobile Phone,3,10,E wallet,Male,3.00,4,Grocery,3,Divorced,5,0,15.00,2,5,10,300.00
53502,0,12,Mobile Phone,3,9,E wallet,Male,3.00,4,Fashion,4,Single,9,0,17.00,2,2,1,199.00
53503,0,17,Computer,1,34,Debit Card,Female,3.00,4,Fashion,5,Divorced,10,0,12.00,1,2,2,233.00
53504,1,3,Computer,1,9,Debit Card,Male,3.00,4,Grocery,2,Married,9,0,12.00,8,2,6,247.00
53505,0,14,Mobile Phone,1,21,Credit Card,Male,3.00,5,Others,3,Single,3,0,15.00,5,5,10,321.00
53506,0,1,Phone,1,7,COD,Female,4.00,5,Mobile Phone,4,Single,3,1,12.00,1,3,3,146.00
53507,0,13,Computer,1,16,Debit Card,Male,4.00,4,Laptop & Accessory,4,Single,22,0,16.00,2,2,4,193.00
53508,0,10,Computer,1,25,Debit Card,Male,4.00,4,Laptop & Accessory,2,Single,4,0,21.00,2,2,10,203.00
53509,0,5,Computer,3,27,Debit Card,Male,4.00,2,Mobile Phone,2,Divorced,2,0,13.00,2,3,3,153.00
53510,0,2,Mobile Phone,1,9,Debit Card,Male,4.00,5,Mobile Phone,4,Divorced,2,0,18.00,1,2,5,157.00
53511,0,9,Computer,3,18,E wallet,Male,3.00,4,Laptop & Accessory,2,Married,3,0,12.00,1,2,3,175.00
53512,0,23,Mobile Phone,3,15,Cash on Delivery,Male,3.00,5,Grocery,4,Divorced,8,0,18.00,2,2,4,256.00
53513,0,8,Computer,1,9,Debit Card,Male,4.00,4,Laptop & Accessory,3,Single,4,0,12.00,2,2,3,165.00
53514,0,3,Computer,1,17,Debit Card,Female,4.00,4,Mobile Phone,4,Married,2,0,15.00,2,2,2,158.00
53515,0,16,Mobile Phone,1,36,Credit Card,Male,3.00,6,Laptop & Accessory,2,Single,6,0,20.00,2,2,1,168.00
53516,0,3,Mobile Phone,1,15,Credit Card,Male,4.00,5,Laptop & Accessory,2,Divorced,3,1,14.00,1,2,3,176.00
53517,0,12,Mobile Phone,2,7,UPI,Male,3.00,2,Mobile Phone,3,Divorced,3,0,14.00,2,6,1,153.00
53518,0,5,Computer,1,13,Debit Card,Male,3.00,5,Mobile Phone,3,Married,3,1,15.00,2,2,3,152.00
53519,1,1,Computer,1,15,Credit Card,Male,4.00,4,Mobile Phone,3,Single,3,0,13.00,1,2,1,144.00
53520,1,1,Mobile Phone,3,16,E wallet,Female,4.00,4,Laptop & Accessory,5,Single,2,1,18.00,1,2,4,207.00
53521,0,15,Mobile Phone,1,19,Debit Card,Male,3.00,4,Mobile Phone,2,Divorced,5,1,12.00,2,2,1,173.00
53522,1,1,Computer,1,22,Credit Card,Male,4.00,4,Mobile Phone,3,Divorced,3,0,13.00,3,3,3,151.00
53523,0,11,Mobile Phone,1,32,Credit Card,Female,3.00,5,Laptop & Accessory,2,Married,9,0,14.00,1,2,4,182.00
53524,0,1,Mobile Phone,1,13,Debit Card,Male,3.00,5,Mobile Phone,3,Divorced,3,0,14.00,3,3,3,150.00
53525,0,8,Mobile Phone,3,16,Debit Card,Female,4.00,4,Laptop & Accessory,3,Divorced,3,0,21.00,2,2,4,182.00
53526,0,9,Mobile Phone,2,15,COD,Male,4.00,4,Mobile Phone,3,Single,3,0,18.00,1,2,5,168.00
53527,1,1,Mobile Phone,3,30,Debit Card,Female,3.00,5,Fashion,5,Divorced,3,0,14.00,1,4,11,198.00
53528,0,14,Computer,1,16,Credit Card,Female,3.00,4,Fashion,3,Single,11,0,18.00,1,2,14,260.00
53529,1,6,Computer,3,19,Debit Card,Male,3.00,4,Grocery,5,Single,2,1,13.00,1,14,15,263.00
53530,0,16,Mobile Phone,3,11,E wallet,Male,3.00,4,Laptop & Accessory,5,Single,9,0,14.00,2,2,6,177.00
53531,0,9,Phone,1,7,Credit Card,Male,3.00,5,Mobile Phone,3,Divorced,8,0,13.00,2,2,8,148.00
53532,0,1,Mobile Phone,1,31,Credit Card,Male,3.00,4,Mobile Phone,4,Single,10,0,23.00,2,2,3,161.00
53533,1,1,Mobile Phone,1,19,Debit Card,Female,4.00,4,Mobile Phone,2,Divorced,3,1,12.00,2,2,1,150.00
53534,0,1,Mobile Phone,1,10,Credit Card,Male,3.00,2,Mobile Phone,2,Divorced,3,0,23.00,2,2,8,169.00
53535,0,4,Mobile Phone,3,17,E wallet,Male,4.00,5,Laptop & Accessory,3,Divorced,3,0,19.00,2,2,5,191.00
53536,0,14,Computer,1,33,Credit Card,Female,4.00,5,Laptop & Accessory,2,Divorced,5,1,14.00,2,2,1,169.00
53537,0,9,Mobile Phone,1,9,Debit Card,Male,3.00,5,Fashion,4,Married,4,0,19.00,7,7,3,228.00
53538,0,8,Computer,1,7,Credit Card,Male,4.00,5,Laptop & Accessory,5,Single,2,0,21.00,2,5,10,178.00
53539,0,9,Computer,1,11,UPI,Male,3.00,5,Mobile Phone,2,Divorced,3,0,14.00,3,3,3,149.00
53540,1,7,Mobile Phone,3,16,E wallet,Female,3.00,6,Laptop & Accessory,3,Single,10,0,14.00,2,2,4,178.00
53541,0,6,Computer,3,9,Debit Card,Female,4.00,4,Mobile Phone,5,Married,3,0,13.00,1,2,1,153.00
53542,0,30,Mobile Phone,1,11,Cash on Delivery,Female,4.00,4,Others,5,Married,6,0,14.00,1,5,3,324.00
53543,0,3,Mobile Phone,1,13,Credit Card,Female,3.00,4,Mobile Phone,2,Divorced,3,0,14.00,1,2,9,156.00
53544,0,1,Mobile Phone,1,16,Debit Card,Male,3.00,4,Mobile Phone,5,Single,3,0,26.00,1,2,1,151.00
53545,0,19,Mobile Phone,1,14,Credit Card,Female,3.00,4,Mobile Phone,3,Divorced,6,1,20.00,2,2,3,170.00
53546,0,11,Mobile Phone,1,7,Debit Card,Female,3.00,5,Laptop & Accessory,2,Divorced,3,0,14.00,4,4,12,190.00
53547,0,1,Mobile Phone,1,10,Debit Card,Male,3.00,5,Mobile Phone,3,Single,3,0,13.00,1,2,3,155.00
53548,1,8,Mobile Phone,1,17,Debit Card,Male,4.00,4,Mobile Phone,3,Single,3,1,12.00,2,2,3,154.00
53549,0,27,Mobile Phone,1,14,Credit Card,Female,3.00,4,Others,3,Married,5,0,15.00,5,5,8,311.00
53550,0,3,Phone,1,22,Debit Card,Female,4.00,6,Mobile Phone,2,Divorced,2,1,19.00,2,2,4,147.00
53551,1,1,Computer,1,10,Debit Card,Male,3.00,5,Mobile Phone,2,Divorced,2,1,12.00,1,2,1,154.00
53552,0,20,Mobile Phone,3,9,E wallet,Female,4.00,4,Grocery,5,Divorced,10,0,15.00,13,16,10,295.00
53553,0,18,Computer,1,24,Debit Card,Male,4.00,6,Mobile Phone,3,Single,4,0,14.00,2,2,1,148.00
53554,0,7,Mobile Phone,2,9,UPI,Male,3.00,4,Mobile Phone,3,Divorced,3,0,14.00,1,2,5,161.00
53555,1,5,Computer,1,12,Debit Card,Male,4.00,5,Mobile Phone,5,Married,8,0,18.00,2,2,1,146.00
53556,0,4,Mobile Phone,3,36,Debit Card,Male,4.00,4,Laptop & Accessory,5,Married,10,0,20.00,2,2,4,166.00
53557,0,14,Computer,3,9,Credit Card,Male,4.00,4,Laptop & Accessory,4,Divorced,7,0,13.00,2,2,1,168.00
53558,0,24,Computer,1,9,Credit Card,Female,2.00,4,Grocery,5,Divorced,4,0,15.00,3,3,3,304.00
53559,0,2,Mobile Phone,1,26,Credit Card,Male,4.00,5,Mobile Phone,5,Divorced,3,0,13.00,2,4,4,157.00
53560,0,20,Mobile Phone,1,22,Debit Card,Male,3.00,4,Others,4,Divorced,7,0,15.00,2,2,4,316.00
53561,0,9,Mobile Phone,3,24,Debit Card,Male,4.00,4,Laptop & Accessory,5,Divorced,5,1,16.00,2,2,3,215.00
53562,1,1,Phone,1,24,Debit Card,Female,4.00,4,Mobile Phone,4,Divorced,3,0,14.00,1,2,1,147.00
53563,0,7,Computer,3,32,Credit Card,Female,3.00,4,Laptop & Accessory,3,Divorced,3,0,13.00,1,2,2,170.00
53564,0,10,Mobile Phone,1,13,Debit Card,Male,3.00,6,Mobile Phone,3,Married,3,0,15.00,1,2,8,152.00
53565,0,4,Mobile Phone,1,14,Debit Card,Male,3.00,4,Laptop & Accessory,3,Married,3,0,14.00,9,9,10,160.00
53566,0,18,Mobile Phone,1,36,UPI,Male,3.00,4,Laptop & Accessory,2,Single,3,0,26.00,2,2,18,170.00
53567,0,1,Mobile Phone,3,28,E wallet,Male,3.00,2,Mobile Phone,2,Single,3,0,18.00,1,3,3,152.00
53568,0,20,Mobile Phone,1,9,Cash on Delivery,Male,3.00,4,Laptop & Accessory,2,Married,4,0,12.00,2,2,5,199.00
53569,0,16,Computer,2,9,Credit Card,Male,4.00,2,Laptop & Accessory,5,Divorced,9,0,17.00,1,2,4,188.00
53570,0,31,Mobile Phone,3,14,E wallet,Male,3.00,2,Laptop & Accessory,2,Married,2,1,19.00,1,2,10,177.00
53571,0,6,Computer,1,20,UPI,Female,4.00,5,Mobile Phone,4,Divorced,3,0,21.00,1,3,3,152.00
53572,0,6,Computer,1,9,Debit Card,Female,3.00,4,Laptop & Accessory,3,Single,6,1,15.00,2,2,8,175.00
53573,0,10,Mobile Phone,1,7,Cash on Delivery,Female,4.00,6,Fashion,5,Married,4,1,22.00,6,8,3,228.00
53574,0,7,Mobile Phone,1,16,Credit Card,Male,3.00,4,Mobile Phone,2,Divorced,2,0,14.00,2,5,11,153.00
53575,0,14,Mobile Phone,3,17,Cash on Delivery,Female,3.00,5,Laptop & Accessory,4,Married,9,0,13.00,2,2,4,194.00
53576,0,1,Mobile Phone,3,17,Debit Card,Male,3.00,4,Laptop & Accessory,2,Single,2,0,15.00,1,2,2,175.00
53577,0,4,Mobile Phone,1,7,Credit Card,Male,4.00,4,Mobile Phone,4,Divorced,2,1,22.00,2,6,8,161.00
53578,0,16,Computer,1,33,Credit Card,Female,3.00,4,Fashion,5,Divorced,5,1,18.00,1,2,1,257.00
53579,0,9,Computer,3,15,E wallet,Female,4.00,5,Fashion,2,Divorced,6,1,12.00,3,5,3,229.00
53580,0,1,Phone,1,21,Debit Card,Male,3.00,4,Mobile Phone,5,Divorced,3,1,15.00,3,7,9,147.00
53581,0,28,Computer,1,7,Debit Card,Female,3.00,4,Fashion,3,Married,9,0,18.00,2,2,3,230.00
53582,0,18,Phone,1,9,Debit Card,Female,4.00,2,Mobile Phone,2,Divorced,3,0,14.00,7,8,8,145.00
53583,1,1,Computer,1,17,Credit Card,Female,4.00,5,Mobile Phone,4,Single,3,1,26.00,2,2,1,144.00
53584,0,3,Mobile Phone,1,7,Debit Card,Female,4.00,4,Mobile Phone,2,Married,3,0,16.00,1,2,3,163.00
53585,0,28,Mobile Phone,1,10,Debit Card,Male,3.00,4,Grocery,2,Divorced,5,0,15.00,2,2,10,303.00
53586,0,5,Mobile Phone,1,18,Credit Card,Male,4.00,4,Laptop & Accessory,5,Divorced,3,1,13.00,1,2,2,193.00
53587,0,5,Mobile Phone,1,31,Credit Card,Female,4.00,5,Laptop & Accessory,5,Single,3,0,20.00,1,2,9,193.00
53588,0,31,Mobile Phone,3,10,Debit Card,Female,3.00,5,Laptop & Accessory,2,Single,7,0,18.00,1,2,6,177.00
53589,0,17,Mobile Phone,1,10,Debit Card,Male,4.00,6,Others,2,Divorced,5,0,15.00,2,2,8,322.00
53590,0,23,Mobile Phone,1,11,Credit Card,Male,3.00,5,Others,3,Divorced,4,0,15.00,1,2,1,312.00
53591,0,10,Computer,1,10,COD,Male,3.00,4,Mobile Phone,4,Divorced,3,0,13.00,2,2,8,162.00
53592,0,22,Mobile Phone,1,9,COD,Male,4.00,2,Mobile Phone,4,Single,7,0,12.00,1,2,1,151.00
53593,0,1,Mobile Phone,1,11,Debit Card,Male,4.00,4,Mobile Phone,3,Married,3,0,12.00,2,2,4,150.00
53594,0,3,Mobile Phone,1,14,Debit Card,Male,3.00,4,Laptop & Accessory,2,Married,3,1,12.00,1,2,1,191.00
53595,0,22,Mobile Phone,1,7,Debit Card,Male,4.00,5,Others,2,Single,8,0,15.00,2,2,1,308.00
53596,0,3,Mobile Phone,1,7,Debit Card,Female,3.00,5,Grocery,2,Married,5,0,15.00,1,2,8,286.00
53597,0,8,Mobile Phone,1,27,COD,Female,3.00,2,Mobile Phone,3,Divorced,2,0,18.00,2,2,1,151.00
53598,0,18,Mobile Phone,3,12,E wallet,Male,3.00,4,Others,4,Divorced,9,0,15.00,2,4,11,307.00
53599,0,7,Mobile Phone,3,17,E wallet,Male,3.00,2,Fashion,3,Married,2,1,15.00,2,2,9,209.00
53600,0,1,Mobile Phone,1,32,Debit Card,Female,3.00,2,Mobile Phone,2,Single,3,1,13.00,2,2,2,155.00
53601,0,1,Phone,1,7,Debit Card,Male,3.00,4,Mobile Phone,3,Divorced,3,0,23.00,1,2,2,137.00
53602,1,1,Computer,3,31,Debit Card,Male,4.00,6,Mobile Phone,2,Single,3,1,15.00,2,2,1,136.00
53603,0,1,Mobile Phone,1,11,Debit Card,Male,3.00,4,Mobile Phone,2,Single,3,1,21.00,1,3,3,154.00
53604,1,9,Mobile Phone,3,9,E wallet,Female,4.00,6,Others,4,Single,4,1,15.00,1,2,12,313.00
53605,0,29,Computer,1,15,Credit Card,Male,3.00,5,Grocery,4,Married,3,1,16.00,4,16,1,261.00
53606,1,1,Computer,1,17,Debit Card,Female,3.00,5,Mobile Phone,3,Single,3,0,21.00,3,3,3,151.00
53607,0,20,Mobile Phone,3,11,E wallet,Female,3.00,5,Others,4,Divorced,4,0,15.00,2,2,9,313.00
53608,0,8,Mobile Phone,3,9,E wallet,Female,3.00,4,Laptop & Accessory,5,Single,2,1,13.00,2,2,3,170.00
53609,0,25,Computer,3,16,Debit Card,Male,3.00,4,Others,4,Married,6,1,25.00,3,12,11,323.00
53610,0,31,Mobile Phone,1,25,Credit Card,Male,4.00,4,Fashion,2,Single,8,0,13.00,2,6,3,230.00
53611,0,8,Computer,1,26,Credit Card,Female,3.00,4,Laptop & Accessory,4,Married,6,0,14.00,4,6,11,169.00
53612,0,2,Computer,1,7,Credit Card,Male,3.00,4,Mobile Phone,3,Single,2,1,12.00,1,2,3,147.00
53613,0,18,Mobile Phone,1,11,Debit Card,Male,4.00,2,Others,5,Married,3,0,15.00,2,15,14,317.00
53614,0,8,Computer,2,18,Debit Card,Male,3.00,5,Laptop & Accessory,4,Divorced,6,0,12.00,1,2,9,170.00
53615,0,9,Mobile Phone,1,13,Debit Card,Male,4.00,4,Mobile Phone,3,Divorced,2,1,15.00,2,3,3,160.00
53616,0,16,Phone,1,14,Credit Card,Female,4.00,2,Laptop & Accessory,4,Divorced,8,1,17.00,1,2,1,149.00
53617,0,17,Mobile Phone,3,11,E wallet,Female,3.00,5,Fashion,2,Single,5,0,15.00,11,16,3,227.00
53618,0,10,Mobile Phone,1,9,Debit Card,Female,3.00,4,Laptop & Accessory,4,Single,11,1,12.00,5,6,13,179.00
53619,1,8,Mobile Phone,1,22,Credit Card,Female,4.00,4,Fashion,2,Divorced,3,0,12.00,1,2,6,205.00
53620,0,2,Computer,1,9,Debit Card,Male,3.00,5,Mobile Phone,2,Divorced,3,1,13.00,3,3,3,164.00
53621,0,25,Computer,1,13,Credit Card,Female,3.00,5,Mobile Phone,3,Single,2,0,15.00,8,8,8,153.00
53622,0,4,Computer,1,16,Credit Card,Female,4.00,4,Laptop & Accessory,3,Single,9,1,19.00,2,2,8,172.00
53623,1,1,Mobile Phone,1,14,COD,Female,3.00,4,Mobile Phone,3,Married,5,1,14.00,2,8,8,158.00
53624,0,2,Phone,1,7,COD,Male,3.00,4,Mobile Phone,5,Single,4,0,12.00,1,2,3,146.00
53625,0,1,Phone,1,7,Credit Card,Female,3.00,4,Mobile Phone,4,Single,3,0,19.00,2,3,2,146.00
53626,0,6,Mobile Phone,3,15,Credit Card,Male,3.00,2,Laptop & Accessory,2,Divorced,3,0,16.00,1,2,9,187.00
53627,0,19,Computer,1,32,Credit Card,Female,3.00,4,Others,4,Single,5,0,15.00,2,2,1,306.00
53628,0,13,Mobile Phone,1,20,Credit Card,Female,4.00,5,Grocery,4,Married,8,1,15.00,14,16,3,296.00
53629,0,31,Phone,1,30,Debit Card,Male,3.00,4,Mobile Phone,3,Married,3,0,13.00,3,3,3,149.00
53630,1,1,Mobile Phone,1,14,Debit Card,Male,4.00,4,Laptop & Accessory,3,Divorced,3,0,19.00,2,2,2,174.00
53631,1,3,Mobile Phone,1,30,Credit Card,Male,4.00,4,Mobile Phone,5,Single,2,0,14.00,1,2,4,164.00
53632,0,4,Mobile Phone,1,13,COD,Female,3.00,5,Laptop & Accessory,2,Divorced,2,0,13.00,6,7,8,171.00
53633,0,10,Mobile Phone,1,17,Cash on Delivery,Female,4.00,4,Fashion,3,Divorced,5,0,13.00,1,2,8,196.00
53634,0,20,Mobile Phone,2,7,Debit Card,Female,3.00,4,Mobile Phone,5,Single,8,0,13.00,4,6,8,159.00
53635,0,2,Computer,1,7,Debit Card,Female,3.00,6,Laptop & Accessory,2,Divorced,2,0,12.00,8,8,6,192.00
53636,0,24,Mobile Phone,1,35,Debit Card,Female,3.00,4,Grocery,5,Divorced,6,1,15.00,1,2,3,294.00
53637,1,4,Mobile Phone,3,32,E wallet,Male,3.00,5,Fashion,4,Single,4,1,13.00,1,2,3,216.00
53638,1,16,Mobile Phone,3,12,Debit Card,Male,4.00,4,Fashion,4,Single,11,1,20.00,6,8,3,209.00
53639,0,4,Mobile Phone,1,24,Credit Card,Female,4.00,4,Fashion,5,Divorced,3,1,24.00,1,2,9,244.00
53640,0,13,Mobile Phone,1,25,Debit Card,Male,3.00,4,Laptop & Accessory,3,Single,2,0,12.00,1,2,8,170.00
53641,0,5,Computer,3,9,Debit Card,Female,3.00,4,Fashion,3,Married,3,1,20.00,4,10,3,224.00
53642,0,15,Computer,3,17,Credit Card,Male,3.00,6,Laptop & Accessory,4,Single,3,0,14.00,4,12,10,187.00
53643,1,1,Computer,3,7,Debit Card,Female,3.00,4,Mobile Phone,4,Single,3,1,12.00,2,3,3,148.00
53644,1,8,Phone,1,10,Debit Card,Male,3.00,4,Mobile Phone,5,Divorced,6,0,13.00,2,2,3,149.00
53645,0,16,Computer,1,9,Debit Card,Male,3.00,4,Grocery,3,Divorced,2,1,15.00,1,3,11,304.00
53646,0,29,Mobile Phone,1,9,Credit Card,Female,3.00,6,Others,3,Divorced,6,0,15.00,6,10,12,317.00
53647,0,30,Mobile Phone,2,15,Debit Card,Male,3.00,4,Others,4,Single,8,0,15.00,2,8,8,322.00
53648,0,14,Computer,1,23,Debit Card,Male,4.00,4,Mobile Phone,3,Married,11,0,17.00,2,2,1,160.00
53649,0,8,Mobile Phone,1,16,Debit Card,Male,3.00,4,Fashion,2,Married,2,0,12.00,2,2,3,210.00
53650,0,14,Mobile Phone,1,9,Debit Card,Male,4.00,4,Laptop & Accessory,2,Single,3,0,14.00,4,9,9,172.00
53651,0,15,Computer,3,7,E wallet,Female,4.00,4,Laptop & Accessory,5,Married,2,0,18.00,1,2,8,166.00
53652,0,9,Computer,1,11,Debit Card,Male,3.00,4,Laptop & Accessory,3,Single,3,1,12.00,2,2,2,167.00
53653,0,25,Mobile Phone,2,12,Debit Card,Male,3.00,4,Grocery,4,Married,3,1,12.00,1,2,11,265.00
53654,0,12,Mobile Phone,3,9,Debit Card,Female,3.00,4,Laptop & Accessory,5,Married,5,0,16.00,1,2,8,194.00
53655,0,8,Mobile Phone,3,22,Credit Card,Female,4.00,4,Laptop & Accessory,5,Single,3,0,13.00,2,10,7,186.00
53656,0,1,Mobile Phone,1,26,Credit Card,Male,4.00,4,Mobile Phone,2,Divorced,5,0,12.00,2,2,3,162.00
53657,1,21,Mobile Phone,1,14,Credit Card,Female,3.00,5,Fashion,5,Divorced,9,1,15.00,5,6,3,225.00
53658,0,14,Phone,1,7,Debit Card,Male,3.00,4,Mobile Phone,4,Divorced,5,0,23.00,2,2,4,149.00
53659,0,10,Computer,3,14,E wallet,Female,3.00,2,Laptop & Accessory,5,Divorced,4,0,17.00,6,7,14,171.00
53660,0,22,Mobile Phone,1,11,Debit Card,Male,3.00,4,Fashion,2,Single,3,0,12.00,2,2,9,204.00
53661,0,1,Mobile Phone,3,18,Credit Card,Female,4.00,2,Mobile Phone,2,Divorced,10,0,15.00,2,2,1,150.00
53662,0,25,Mobile Phone,1,18,Cash on Delivery,Female,3.00,5,Grocery,4,Single,5,0,17.00,1,2,4,256.00
53663,0,1,Computer,1,7,Debit Card,Female,4.00,4,Mobile Phone,2,Single,3,0,16.00,2,2,1,141.00
53664,0,9,Mobile Phone,1,7,Credit Card,Female,3.00,5,Laptop & Accessory,2,Divorced,2,0,13.00,2,2,1,179.00
53665,0,1,Computer,3,9,Debit Card,Male,3.00,6,Laptop & Accessory,2,Single,5,0,21.00,2,2,1,176.00
53666,1,19,Mobile Phone,3,20,E wallet,Male,3.00,2,Grocery,3,Single,8,1,18.00,1,4,9,262.00
53667,0,30,Mobile Phone,1,30,Debit Card,Male,4.00,4,Grocery,4,Divorced,6,1,13.00,12,2,10,259.00
53668,0,8,Computer,1,33,COD,Female,4.00,5,Mobile Phone,3,Married,3,0,21.00,2,2,1,145.00
53669,0,14,Mobile Phone,1,9,Credit Card,Female,3.00,2,Laptop & Accessory,3,Married,7,0,21.00,6,12,9,189.00
53670,0,8,Mobile Phone,1,36,Credit Card,Male,3.00,4,Laptop & Accessory,3,Divorced,6,0,14.00,1,8,8,179.00
53671,1,1,Computer,3,9,Debit Card,Female,3.00,5,Mobile Phone,2,Single,9,0,15.00,1,2,1,153.00
53672,1,1,Computer,3,25,E wallet,Female,4.00,4,Laptop & Accessory,3,Divorced,2,1,19.00,4,4,3,171.00
53673,0,12,Computer,1,14,Debit Card,Male,3.00,2,Mobile Phone,3,Married,3,0,12.00,1,2,4,151.00
53674,0,8,Mobile Phone,1,9,COD,Female,4.00,4,Laptop & Accessory,2,Single,3,0,12.00,2,5,12,192.00
53675,0,2,Mobile Phone,3,33,Debit Card,Male,3.00,5,Laptop & Accessory,5,Divorced,3,0,12.00,2,2,5,172.00
53676,1,1,Mobile Phone,1,29,Credit Card,Male,4.00,4,Laptop & Accessory,3,Divorced,3,1,16.00,4,7,8,187.00
53677,0,13,Mobile Phone,3,28,Debit Card,Male,3.00,5,Laptop & Accessory,2,Divorced,5,1,13.00,1,2,5,186.00
53678,0,25,Computer,3,9,E wallet,Male,3.00,4,Fashion,4,Divorced,4,0,12.00,1,4,3,231.00
53679,0,15,Computer,1,29,Debit Card,Female,4.00,4,Laptop & Accessory,2,Married,5,1,15.00,1,4,4,180.00
53680,0,11,Mobile Phone,1,11,Debit Card,Male,3.00,4,Mobile Phone,3,Divorced,9,1,16.00,2,2,4,155.00
53681,0,7,Computer,3,12,Debit Card,Male,4.00,4,Laptop & Accessory,2,Divorced,8,0,14.00,2,2,3,225.00
53682,0,6,Mobile Phone,3,9,E wallet,Male,3.00,4,Laptop & Accessory,4,Divorced,2,1,14.00,1,2,3,166.00
53683,0,13,Computer,1,32,Debit Card,Male,4.00,4,Fashion,3,Divorced,5,0,22.00,1,2,6,234.00
53684,0,1,Mobile Phone,3,25,Debit Card,Male,4.00,2,Laptop & Accessory,3,Divorced,4,0,12.00,1,2,3,187.00
53685,0,26,Computer,1,35,Credit Card,Female,3.00,2,Grocery,3,Divorced,4,1,12.00,1,2,3,257.00
53686,0,17,Mobile Phone,1,13,Credit Card,Female,4.00,5,Laptop & Accessory,3,Single,3,1,15.00,2,2,9,166.00
53687,0,1,Mobile Phone,3,17,E wallet,Female,4.00,5,Laptop & Accessory,2,Divorced,3,1,12.00,3,5,5,183.00
53688,1,1,Phone,1,24,Debit Card,Female,3.00,4,Mobile Phone,3,Single,3,1,14.00,4,8,8,149.00
53689,0,1,Mobile Phone,1,9,Credit Card,Male,3.00,5,Mobile Phone,2,Single,2,0,13.00,1,2,2,164.00
53690,0,16,Mobile Phone,2,17,UPI,Female,3.00,4,Grocery,5,Divorced,2,0,15.00,1,2,10,293.00
53691,0,26,Mobile Phone,1,15,UPI,Female,3.00,4,Mobile Phone,5,Divorced,11,0,14.00,2,2,5,155.00
53692,0,11,Mobile Phone,1,18,Credit Card,Female,4.00,4,Mobile Phone,3,Single,6,0,19.00,1,2,3,161.00
53693,0,9,Computer,1,25,Debit Card,Male,3.00,4,Fashion,2,Single,4,0,12.00,1,3,3,219.00
53694,0,1,Mobile Phone,1,7,COD,Male,3.00,4,Mobile Phone,2,Divorced,6,0,12.00,2,2,3,157.00
53695,0,1,Mobile Phone,1,14,UPI,Male,4.00,2,Mobile Phone,5,Single,2,0,13.00,2,2,8,161.00
53696,0,3,Mobile Phone,2,24,UPI,Male,3.00,5,Fashion,5,Single,3,0,14.00,1,2,10,205.00
53697,1,1,Computer,1,35,Debit Card,Male,4.00,5,Laptop & Accessory,5,Single,5,0,21.00,1,2,4,168.00
53698,1,1,Computer,1,21,UPI,Female,3.00,4,Fashion,2,Single,2,1,13.00,3,8,8,201.00
53699,0,28,Mobile Phone,1,7,Credit Card,Female,3.00,4,Grocery,2,Single,8,0,15.00,6,13,8,298.00
53700,0,31,Mobile Phone,1,7,Credit Card,Female,4.00,4,Others,5,Divorced,5,1,15.00,2,2,6,322.00
53701,0,29,Mobile Phone,1,7,Credit Card,Male,3.00,2,Grocery,2,Married,4,0,14.00,1,2,1,272.00
53702,0,10,Mobile Phone,3,10,E wallet,Female,3.00,4,Laptop & Accessory,4,Single,5,1,17.00,1,2,3,218.00
53703,1,1,Computer,3,7,Debit Card,Female,3.00,6,Mobile Phone,3,Single,3,0,13.00,2,2,1,139.00
53704,0,4,Mobile Phone,3,14,E wallet,Female,4.00,4,Laptop & Accessory,5,Married,9,0,15.00,2,2,3,173.00
53705,0,5,Mobile Phone,1,15,Debit Card,Female,4.00,4,Grocery,4,Single,5,0,12.00,1,2,1,289.00
53706,0,8,Computer,1,7,UPI,Male,4.00,4,Mobile Phone,5,Married,7,0,15.00,2,2,4,155.00
53707,1,1,Phone,1,15,Debit Card,Female,3.00,5,Mobile Phone,4,Single,3,0,13.00,1,2,1,138.00
53708,0,1,Phone,1,18,Debit Card,Male,4.00,4,Mobile Phone,5,Divorced,2,0,15.00,2,2,5,146.00
53709,0,10,Mobile Phone,1,11,Debit Card,Male,3.00,5,Laptop & Accessory,2,Single,3,0,17.00,2,2,9,183.00
53710,0,10,Mobile Phone,3,23,E wallet,Female,4.00,5,Laptop & Accessory,5,Divorced,6,0,14.00,2,2,3,181.00
53711,0,21,Mobile Phone,1,7,COD,Male,4.00,4,Mobile Phone,2,Divorced,9,0,13.00,2,2,3,159.00
53712,1,1,Mobile Phone,3,16,Debit Card,Male,4.00,5,Mobile Phone,5,Divorced,5,0,13.00,2,3,3,169.00
53713,0,11,Computer,1,12,COD,Male,3.00,2,Mobile Phone,3,Single,2,0,15.00,2,2,4,160.00
53714,0,30,Phone,1,7,Debit Card,Female,3.00,4,Mobile Phone,5,Divorced,4,0,23.00,2,2,1,146.00
53715,0,21,Mobile Phone,1,9,Credit Card,Female,3.00,4,Grocery,3,Divorced,5,0,15.00,4,6,7,297.00
53716,0,1,Mobile Phone,3,11,Credit Card,Female,3.00,4,Laptop & Accessory,3,Divorced,3,1,13.00,2,2,4,167.00
53717,0,6,Mobile Phone,3,14,E wallet,Male,4.00,4,Laptop & Accessory,2,Divorced,6,0,13.00,2,2,3,217.00
53718,0,8,Mobile Phone,1,7,Debit Card,Female,3.00,5,Mobile Phone,4,Divorced,7,0,18.00,2,2,3,158.00
53719,0,15,Phone,1,12,Credit Card,Male,3.00,2,Mobile Phone,3,Divorced,4,1,13.00,2,2,4,146.00
53720,0,14,Computer,1,16,UPI,Male,3.00,4,Laptop & Accessory,3,Married,5,0,12.00,2,2,8,165.00
53721,0,5,Mobile Phone,3,15,Debit Card,Male,3.00,4,Fashion,2,Married,3,0,19.00,3,2,10,233.00
53722,1,10,Mobile Phone,3,16,E wallet,Male,3.00,4,Fashion,1,Married,6,0,12.00,1,5,3,226.00
53723,1,3,Computer,1,9,Debit Card,Female,3.00,5,Mobile Phone,5,Single,4,1,24.00,1,2,1,161.00
53724,1,1,Computer,1,7,Debit Card,Female,4.00,2,Fashion,4,Single,3,0,12.00,4,5,8,199.00
53725,0,19,Mobile Phone,1,27,Credit Card,Male,4.00,6,Fashion,5,Married,4,1,19.00,1,2,8,234.00
53726,0,5,Phone,2,15,Credit Card,Female,4.00,2,Mobile Phone,4,Single,11,0,19.00,1,2,3,146.00
53727,1,1,Computer,1,9,Debit Card,Male,4.00,4,Mobile Phone,1,Divorced,8,1,14.00,3,3,3,162.00
53728,0,19,Mobile Phone,1,36,Cash on Delivery,Male,3.00,4,Fashion,1,Divorced,6,1,19.00,2,2,3,219.00
53729,0,22,Mobile Phone,3,14,E wallet,Male,4.00,4,Laptop & Accessory,5,Married,6,0,12.00,2,3,3,180.00
53730,1,1,Mobile Phone,2,16,COD,Female,3.00,4,Mobile Phone,3,Divorced,3,0,16.00,2,3,3,152.00
53731,0,14,Computer,1,15,Credit Card,Male,3.00,5,Fashion,4,Married,4,0,12.00,1,5,9,263.00
53732,0,2,Mobile Phone,3,12,Credit Card,Male,3.00,4,Laptop & Accessory,5,Single,2,0,19.00,2,2,3,210.00
53733,0,18,Computer,1,12,Debit Card,Male,3.00,5,Mobile Phone,3,Single,5,0,15.00,1,2,4,157.00
53734,0,27,Mobile Phone,1,9,Credit Card,Male,3.00,2,Grocery,4,Single,6,0,13.00,1,9,9,291.00
53735,0,23,Mobile Phone,1,12,COD,Male,4.00,4,Laptop & Accessory,3,Divorced,4,0,15.00,1,2,3,192.00
53736,0,14,Phone,1,9,Credit Card,Male,4.00,4,Mobile Phone,3,Married,4,0,15.00,1,2,3,148.00
53737,0,18,Mobile Phone,1,27,Debit Card,Male,3.00,4,Mobile Phone,4,Single,3,0,14.00,2,2,4,159.00
53738,0,7,Computer,3,14,Credit Card,Male,3.00,4,Laptop & Accessory,5,Divorced,2,0,15.00,1,2,4,169.00
53739,0,8,Mobile Phone,3,10,UPI,Male,3.00,6,Laptop & Accessory,5,Single,5,0,19.00,3,4,13,173.00
53740,0,4,Mobile Phone,3,23,Debit Card,Male,4.00,4,Laptop & Accessory,3,Divorced,10,0,16.00,1,3,3,178.00
53741,0,16,Computer,1,16,Credit Card,Female,4.00,4,Mobile Phone,1,Single,3,0,14.00,5,6,9,162.00
53742,0,18,Computer,3,7,E wallet,Female,4.00,4,Laptop & Accessory,3,Divorced,9,0,13.00,2,2,1,173.00
53743,0,4,Computer,1,14,COD,Male,4.00,4,Mobile Phone,3,Married,3,0,14.00,1,2,1,138.00
53744,0,51,Mobile Phone,1,7,Debit Card,Male,4.00,2,Laptop & Accessory,3,Divorced,2,0,25.00,2,3,9,174.00
53745,0,23,Mobile Phone,1,14,Debit Card,Male,3.00,4,Fashion,4,Married,5,0,15.00,1,2,3,230.00
53746,0,8,Computer,1,22,Credit Card,Male,4.00,4,Grocery,5,Married,9,0,15.00,3,7,10,295.00
53747,1,1,Computer,3,7,COD,Male,4.00,4,Mobile Phone,3,Divorced,5,0,16.00,2,2,3,154.00
53748,1,1,Computer,3,20,COD,Female,3.00,4,Laptop & Accessory,4,Single,7,0,12.00,1,2,1,183.00
53749,1,1,Mobile Phone,3,31,Credit Card,Female,3.00,5,Laptop & Accessory,4,Single,2,1,24.00,3,11,11,171.00
53750,0,9,Phone,3,14,Debit Card,Male,4.00,4,Mobile Phone,3,Divorced,3,0,14.00,2,2,1,149.00
53751,1,1,Computer,1,16,Credit Card,Male,3.00,4,Mobile Phone,5,Single,4,1,12.00,1,2,1,157.00
53752,0,1,Computer,3,20,Debit Card,Female,4.00,4,Mobile Phone,4,Divorced,3,0,14.00,1,2,1,145.00
53753,0,18,Computer,1,9,Credit Card,Male,3.00,4,Fashion,3,Single,7,1,19.00,1,3,3,227.00
53754,0,3,Mobile Phone,3,26,Debit Card,Male,4.00,5,Laptop & Accessory,3,Married,3,0,15.00,2,2,3,211.00
53755,0,4,Phone,2,7,Debit Card,Male,3.00,4,Mobile Phone,3,Married,2,0,22.00,1,2,4,146.00
53756,0,29,Mobile Phone,1,11,Debit Card,Male,2.00,4,Laptop & Accessory,3,Divorced,2,1,17.00,1,2,3,165.00
53757,0,7,Mobile Phone,1,11,Credit Card,Female,3.00,5,Mobile Phone,4,Divorced,10,0,12.00,1,2,3,163.00
53758,0,21,Mobile Phone,3,21,Credit Card,Female,4.00,4,Laptop & Accessory,3,Divorced,5,1,18.00,2,2,3,171.00
53759,1,1,Computer,1,9,Credit Card,Male,3.00,5,Mobile Phone,5,Single,9,0,12.00,1,2,1,151.00
53760,0,2,Phone,1,7,Debit Card,Male,4.00,5,Mobile Phone,3,Married,3,0,15.00,1,2,1,141.00
53761,0,2,Computer,3,14,Debit Card,Male,3.00,4,Laptop & Accessory,5,Single,2,0,15.00,2,2,4,174.00
53762,0,23,Mobile Phone,1,10,Credit Card,Female,3.00,5,Laptop & Accessory,5,Divorced,6,0,26.00,2,2,3,173.00
53763,0,3,Computer,1,9,Debit Card,Female,4.00,4,Mobile Phone,4,Divorced,2,0,14.00,1,2,3,157.00
53764,0,2,Mobile Phone,1,36,Debit Card,Male,4.00,6,Laptop & Accessory,4,Divorced,3,0,15.00,2,2,8,190.00
53765,0,7,Mobile Phone,1,15,Debit Card,Male,4.00,4,Laptop & Accessory,3,Single,4,1,18.00,1,2,1,189.00
53766,0,6,Mobile Phone,1,17,Credit Card,Male,1.00,4,Fashion,1,Single,4,0,26.00,1,2,1,237.00
53767,0,28,Computer,1,18,Credit Card,Female,3.00,4,Grocery,1,Married,5,0,21.00,1,2,13,285.00
53768,1,1,Phone,1,7,COD,Male,4.00,5,Mobile Phone,5,Single,8,0,14.00,1,2,8,149.00
53769,0,18,Mobile Phone,1,35,Debit Card,Male,3.00,4,Grocery,5,Divorced,5,0,14.00,1,15,18,288.00
53770,0,13,Mobile Phone,1,13,Debit Card,Female,3.00,4,Fashion,4,Single,6,0,19.00,1,3,3,209.00
53771,0,20,Mobile Phone,3,10,Debit Card,Female,3.00,4,Grocery,4,Divorced,10,0,13.00,1,6,2,291.00
53772,0,9,Mobile Phone,1,23,Debit Card,Female,4.00,5,Fashion,4,Single,3,0,20.00,2,4,3,211.00
53773,0,1,Phone,1,27,Debit Card,Male,4.00,4,Laptop & Accessory,3,Single,2,0,15.00,2,2,3,148.00
53774,1,4,Phone,1,16,Debit Card,Male,3.00,4,Mobile Phone,5,Single,5,0,15.00,2,2,1,145.00
53775,0,8,Mobile Phone,3,7,Cash on Delivery,Male,4.00,5,Fashion,3,Divorced,3,1,15.00,8,9,7,196.00
53776,1,1,Computer,1,10,Debit Card,Female,3.00,4,Mobile Phone,3,Single,3,0,13.00,7,8,8,166.00
53777,0,24,Computer,1,29,Credit Card,Male,3.00,6,Grocery,1,Single,3,1,14.00,1,14,10,269.00
53778,0,8,Phone,3,14,COD,Male,3.00,4,Mobile Phone,3,Married,2,1,26.00,1,6,8,148.00
53779,0,16,Mobile Phone,1,9,Credit Card,Male,4.00,5,Mobile Phone,4,Married,6,0,15.00,2,2,1,173.00
53780,0,11,Mobile Phone,1,20,Credit Card,Male,3.00,4,Laptop & Accessory,1,Married,3,0,18.00,1,4,8,168.00
53781,0,3,Mobile Phone,1,15,UPI,Female,3.00,6,Laptop & Accessory,5,Married,5,0,14.00,1,2,3,222.00
53782,0,7,Mobile Phone,1,32,Debit Card,Male,3.00,5,Laptop & Accessory,4,Single,3,0,14.00,1,2,3,168.00
53783,0,19,Phone,1,35,COD,Male,4.00,4,Mobile Phone,1,Married,6,0,21.00,2,2,4,146.00
53784,0,16,Computer,1,9,Debit Card,Male,3.00,4,Fashion,1,Married,4,1,15.00,13,14,3,226.00
53785,0,14,Mobile Phone,3,16,Credit Card,Male,3.00,4,Laptop & Accessory,5,Married,2,0,13.00,3,8,2,180.00
53786,0,7,Mobile Phone,1,35,Debit Card,Male,4.00,4,Laptop & Accessory,3,Married,3,1,13.00,2,6,8,177.00
53787,0,14,Mobile Phone,2,13,Credit Card,Male,3.00,4,Grocery,1,Single,3,1,22.00,1,8,8,289.00
53788,0,1,Phone,1,28,COD,Male,3.00,5,Mobile Phone,5,Married,2,0,15.00,1,2,1,148.00
53789,0,14,Computer,1,15,Debit Card,Male,4.00,4,Laptop & Accessory,1,Married,5,1,19.00,3,3,3,166.00
53790,0,19,Mobile Phone,1,7,Cash on Delivery,Male,4.00,4,Fashion,4,Married,3,0,13.00,7,8,8,199.00
53791,0,9,Phone,3,7,Debit Card,Female,4.00,5,Mobile Phone,3,Married,2,0,24.00,3,5,3,149.00
53792,0,6,Mobile Phone,1,12,Debit Card,Female,4.00,5,Laptop & Accessory,4,Married,5,0,13.00,2,3,6,184.00
53793,0,10,Mobile Phone,3,9,Debit Card,Male,4.00,4,Mobile Phone,1,Single,5,1,22.00,1,2,3,151.00
53794,0,22,Mobile Phone,3,23,Debit Card,Female,4.00,4,Laptop & Accessory,3,Married,10,0,15.00,2,8,8,189.00
53795,0,3,Mobile Phone,1,16,Debit Card,Male,4.00,2,Mobile Phone,3,Married,8,0,19.00,2,2,1,150.00
53796,0,7,Mobile Phone,3,15,Debit Card,Male,3.00,4,Laptop & Accessory,5,Married,4,0,14.00,3,3,3,189.00
53797,1,1,Mobile Phone,3,7,Debit Card,Male,4.00,5,Laptop & Accessory,5,Married,3,0,12.00,4,7,3,222.00
53798,0,12,Computer,2,17,UPI,Male,4.00,4,Laptop & Accessory,3,Married,5,0,12.00,1,2,3,186.00
53799,0,9,Phone,1,7,Credit Card,Male,4.00,5,Mobile Phone,5,Single,3,0,20.00,1,2,3,150.00
53800,0,4,Mobile Phone,3,36,Cash on Delivery,Male,3.00,4,Fashion,4,Married,5,0,13.00,1,2,3,218.00
53801,1,1,Phone,1,9,Debit Card,Female,4.00,4,Mobile Phone,5,Married,3,1,13.00,2,2,1,146.00
53802,1,17,Mobile Phone,1,9,Cash on Delivery,Female,4.00,5,Fashion,1,Married,2,0,17.00,2,2,3,227.00
53803,1,2,Mobile Phone,1,9,Credit Card,Male,3.00,4,Laptop & Accessory,4,Married,6,0,12.00,1,2,5,174.00
53804,0,6,Computer,1,7,COD,Male,4.00,4,Laptop & Accessory,5,Married,6,0,15.00,2,2,3,166.00
53805,0,22,Phone,1,22,UPI,Female,4.00,4,Mobile Phone,5,Married,10,0,13.00,8,8,7,149.00
53806,0,8,Mobile Phone,1,14,Credit Card,Male,3.00,4,Mobile Phone,1,Single,3,0,14.00,1,2,1,155.00
53807,0,29,Mobile Phone,3,33,E wallet,Male,3.00,5,Others,1,Married,3,0,15.00,3,3,14,321.00
53808,0,8,Mobile Phone,1,7,Debit Card,Male,3.00,4,Laptop & Accessory,1,Married,11,0,18.00,2,3,2,180.00
53809,0,1,Phone,1,10,Debit Card,Female,3.00,4,Mobile Phone,1,Married,3,0,22.00,2,2,1,146.00
53810,0,12,Mobile Phone,3,21,Debit Card,Male,4.00,4,Laptop & Accessory,4,Married,2,0,12.00,6,8,3,224.00
53811,0,12,Mobile Phone,3,23,Debit Card,Female,3.00,4,Laptop & Accessory,4,Single,4,0,13.00,1,2,3,167.00
53812,0,10,Mobile Phone,3,7,Debit Card,Female,4.00,4,Laptop & Accessory,3,Single,8,0,14.00,2,2,1,193.00
53813,0,3,Mobile Phone,1,10,Credit Card,Male,3.00,4,Mobile Phone,5,Single,3,1,19.00,1,2,6,172.00
53814,0,9,Mobile Phone,1,17,Credit Card,Female,3.00,4,Laptop & Accessory,3,Single,5,1,17.00,2,2,5,186.00
53815,0,13,Mobile Phone,3,13,Credit Card,Male,3.00,2,Fashion,3,Married,4,0,12.00,5,8,7,207.00
53816,0,3,Computer,1,9,Debit Card,Male,3.00,4,Laptop & Accessory,1,Married,3,0,20.00,1,2,3,214.00
53817,0,24,Mobile Phone,3,6,E wallet,Male,3.00,4,Others,3,Married,6,1,15.00,1,2,1,318.00
53819,0,10,Computer,1,13,Debit Card,Male,4.00,2,Laptop & Accessory,5,Married,5,1,14.00,2,2,3,181.00
53820,0,16,Mobile Phone,1,16,UPI,Male,4.00,5,Others,1,Single,10,0,15.00,2,2,2,321.00
53821,0,9,Mobile Phone,1,35,Debit Card,Male,3.00,2,Laptop & Accessory,3,Married,3,0,18.00,6,7,9,159.00
53822,0,8,Computer,1,17,COD,Male,4.00,5,Laptop & Accessory,3,Married,3,0,15.00,3,8,8,176.00
53823,0,14,Mobile Phone,3,21,Debit Card,Female,3.00,4,Laptop & Accessory,5,Married,3,0,16.00,1,2,3,171.00
53824,0,17,Mobile Phone,1,34,COD,Male,3.00,2,Mobile Phone,4,Married,7,0,13.00,2,2,3,174.00
53825,0,9,Mobile Phone,1,14,Debit Card,Male,4.00,5,Mobile Phone,1,Married,3,0,19.00,2,2,2,152.00
53826,0,20,Mobile Phone,3,7,Debit Card,Male,3.00,2,Grocery,5,Single,3,0,15.00,2,2,13,301.00
53827,1,1,Phone,1,31,Credit Card,Male,3.00,4,Mobile Phone,4,Married,3,1,18.00,1,2,1,149.00
53828,0,1,Computer,1,33,UPI,Female,3.00,5,Mobile Phone,3,Married,3,1,15.00,1,2,4,153.00
53829,0,24,Computer,1,27,Credit Card,Male,3.00,4,Grocery,3,Married,4,1,16.00,4,2,14,237.00
53830,0,6,Mobile Phone,1,12,UPI,Female,3.00,2,Mobile Phone,1,Married,5,0,18.00,2,2,3,158.00
53831,0,18,Mobile Phone,1,14,Credit Card,Female,3.00,4,Others,1,Married,2,1,15.00,2,2,11,315.00
53832,0,4,Phone,1,14,Credit Card,Male,3.00,5,Mobile Phone,4,Married,3,0,13.00,1,2,2,146.00
53833,0,19,Mobile Phone,1,12,Credit Card,Female,3.00,6,Laptop & Accessory,5,Single,3,1,15.00,2,2,5,183.00
53834,0,19,Computer,3,33,E wallet,Male,3.00,5,Laptop & Accessory,5,Married,3,0,16.00,1,5,6,169.00
53835,0,5,Computer,3,9,UPI,Male,3.00,4,Laptop & Accessory,5,Single,9,0,14.00,1,2,4,178.00
53836,0,10,Mobile Phone,1,19,Debit Card,Female,4.00,4,Laptop & Accessory,3,Married,11,1,13.00,1,2,2,172.00
53837,0,8,Computer,1,17,Debit Card,Male,3.00,2,Laptop & Accessory,1,Married,3,0,14.00,6,8,3,172.00
53838,0,23,Mobile Phone,1,32,Debit Card,Female,3.00,4,Mobile Phone,5,Married,3,0,15.00,1,2,5,157.00
53839,0,13,Mobile Phone,1,17,Credit Card,Male,4.00,4,Laptop & Accessory,5,Married,4,0,14.00,5,8,8,179.00
53840,0,1,Mobile Phone,1,26,UPI,Male,4.00,5,Mobile Phone,5,Married,3,0,12.00,1,2,8,166.00
53841,0,9,Mobile Phone,1,25,Debit Card,Male,3.00,2,Laptop & Accessory,5,Married,3,0,12.00,1,2,11,177.00
53842,0,2,Mobile Phone,1,34,Credit Card,Female,3.00,6,Laptop & Accessory,5,Married,2,0,22.00,2,2,1,25.00
53843,0,1,Mobile Phone,1,12,Credit Card,Male,4.00,4,Mobile Phone,1,Single,3,0,19.00,2,3,3,156.00
53844,1,1,Computer,3,10,Credit Card,Female,4.00,4,Mobile Phone,1,Single,3,1,13.00,1,2,1,141.00
53845,0,21,Mobile Phone,2,33,Debit Card,Female,4.00,4,Others,3,Married,5,0,15.00,2,2,1,322.00
53846,0,13,Mobile Phone,1,10,Credit Card,Male,4.00,5,Laptop & Accessory,3,Married,2,0,16.00,1,2,8,156.00
53847,0,14,Mobile Phone,1,22,Debit Card,Female,4.00,5,Fashion,3,Married,3,0,14.00,2,15,3,229.00
53848,0,9,Computer,1,15,Debit Card,Female,3.00,4,Laptop & Accessory,3,Married,3,0,13.00,3,3,10,166.00
53849,0,11,Mobile Phone,1,26,Debit Card,Male,3.00,4,Laptop & Accessory,3,Married,5,0,18.00,1,2,3,183.00
53850,0,13,Computer,1,11,Credit Card,Female,3.00,4,Laptop & Accessory,3,Single,2,0,14.00,4,4,9,175.00
53851,0,19,Mobile Phone,1,9,UPI,Female,3.00,5,Laptop & Accessory,1,Married,3,0,20.00,3,4,10,183.00
53852,0,12,Mobile Phone,1,9,Credit Card,Female,3.00,5,Fashion,3,Married,5,1,20.00,2,2,3,203.00
53853,1,1,Mobile Phone,3,17,Credit Card,Male,3.00,5,Fashion,5,Married,11,0,18.00,5,7,3,228.00
53854,0,11,Mobile Phone,1,17,Credit Card,Female,4.00,4,Mobile Phone,4,Married,3,0,12.00,2,8,8,164.00
53855,0,14,Mobile Phone,1,23,Debit Card,Female,3.00,4,Fashion,1,Single,8,1,16.00,2,4,4,204.00
53856,0,18,Computer,2,7,UPI,Male,3.00,4,Laptop & Accessory,1,Married,6,1,12.00,2,2,3,182.00
53857,0,22,Computer,1,11,Credit Card,Male,3.00,5,Grocery,1,Married,4,0,26.00,1,3,3,277.00
53858,1,1,Mobile Phone,3,22,Credit Card,Male,3.00,6,Laptop & Accessory,1,Married,8,1,15.00,2,3,3,179.00
53859,0,1,Computer,1,9,COD,Female,3.00,4,Mobile Phone,1,Single,3,1,14.00,2,2,4,163.00
53860,0,1,Mobile Phone,1,15,Credit Card,Female,3.00,2,Mobile Phone,3,Married,9,0,18.00,1,2,3,160.00
53861,0,1,Computer,1,9,Credit Card,Male,3.00,4,Mobile Phone,1,Single,4,0,14.00,1,2,3,151.00
53862,1,4,Phone,1,14,Debit Card,Male,4.00,4,Mobile Phone,5,Single,5,1,15.00,1,2,4,147.00
53863,0,3,Mobile Phone,3,17,Credit Card,Male,3.00,5,Laptop & Accessory,3,Single,11,0,12.00,2,2,5,184.00
53864,0,10,Mobile Phone,1,12,Debit Card,Female,3.00,4,Fashion,5,Married,6,0,13.00,2,2,3,205.00
53865,0,1,Computer,1,9,Debit Card,Male,4.00,2,Laptop & Accessory,3,Married,3,0,18.00,1,2,8,177.00
53866,0,13,Mobile Phone,1,19,Credit Card,Male,4.00,4,Laptop & Accessory,4,Married,6,0,22.00,2,2,1,178.00
53867,0,23,Mobile Phone,1,29,UPI,Female,4.00,4,Grocery,4,Married,5,0,17.00,1,2,3,289.00
53868,0,24,Mobile Phone,1,24,Debit Card,Female,3.00,5,Fashion,5,Married,7,0,16.00,2,2,12,258.00
53869,0,1,Mobile Phone,3,9,Credit Card,Female,3.00,4,Mobile Phone,3,Single,3,0,20.00,1,3,3,153.00
53870,0,8,Mobile Phone,1,10,Debit Card,Female,4.00,4,Laptop & Accessory,4,Married,3,0,13.00,8,8,10,179.00
53871,0,10,Phone,1,14,Debit Card,Male,4.00,4,Mobile Phone,4,Single,4,0,12.00,1,2,4,145.00
53872,0,23,Mobile Phone,1,13,Debit Card,Female,3.00,5,Grocery,3,Married,4,1,20.00,1,3,13,265.00
53873,0,10,Computer,1,7,Credit Card,Female,3.00,5,Laptop & Accessory,3,Married,2,0,16.00,2,2,3,169.00
53874,0,10,Mobile Phone,1,10,Debit Card,Male,4.00,2,Laptop & Accessory,5,Married,8,0,21.00,2,2,5,193.00
53875,0,28,Mobile Phone,1,29,Credit Card,Female,4.00,4,Grocery,3,Married,5,0,15.00,3,5,8,299.00
53876,0,17,Mobile Phone,1,22,Debit Card,Male,4.00,5,Grocery,3,Married,3,0,15.00,5,7,12,301.00
53877,1,1,Computer,3,19,UPI,Male,3.00,4,Laptop & Accessory,1,Single,5,1,25.00,4,7,8,171.00
53878,0,12,Computer,1,7,Debit Card,Male,3.00,4,Laptop & Accessory,1,Married,9,0,16.00,3,3,10,172.00
53879,0,3,Mobile Phone,3,12,Credit Card,Male,3.00,5,Laptop & Accessory,4,Married,3,1,14.00,1,2,10,167.00
53880,0,7,Mobile Phone,3,9,Credit Card,Male,4.00,4,Laptop & Accessory,1,Married,3,0,15.00,2,2,5,180.00
53881,0,6,Mobile Phone,1,9,Credit Card,Male,3.00,4,Laptop & Accessory,4,Married,2,0,14.00,1,2,7,180.00
53882,0,5,Mobile Phone,3,12,Debit Card,Female,4.00,4,Laptop & Accessory,1,Married,3,0,12.00,1,2,3,180.00
53883,0,23,Mobile Phone,1,23,Credit Card,Female,4.00,4,Mobile Phone,5,Married,6,1,17.00,2,3,3,151.00
53884,0,12,Computer,1,9,Credit Card,Female,3.00,5,Mobile Phone,4,Single,3,0,23.00,2,4,4,149.00
53885,0,21,Mobile Phone,3,9,Debit Card,Female,3.00,2,Grocery,4,Married,8,0,15.00,1,2,3,285.00
53886,0,23,Mobile Phone,1,7,Debit Card,Male,3.00,4,Grocery,3,Single,6,0,15.00,1,2,1,279.00
53887,0,15,Mobile Phone,3,30,Debit Card,Male,4.00,4,Fashion,3,Single,5,1,17.00,1,2,3,196.00
53888,0,1,Mobile Phone,3,16,Debit Card,Male,3.00,4,Mobile Phone,5,Single,3,0,12.00,1,2,3,152.00
53889,0,7,Computer,3,23,Debit Card,Female,3.00,4,Laptop & Accessory,1,Married,3,1,26.00,1,2,3,179.00
53890,0,10,Mobile Phone,1,33,Debit Card,Male,4.00,4,Laptop & Accessory,3,Married,8,0,15.00,2,2,3,178.00
53891,0,18,Mobile Phone,2,7,Debit Card,Female,3.00,4,Mobile Phone,1,Married,6,1,19.00,3,3,3,157.00
53892,1,1,Mobile Phone,1,15,Credit Card,Male,4.00,5,Mobile Phone,3,Single,3,1,12.00,2,2,3,165.00
53893,0,12,Mobile Phone,1,11,Credit Card,Female,3.00,4,Mobile Phone,3,Married,9,0,20.00,1,2,1,158.00
53894,0,27,Mobile Phone,1,31,Credit Card,Male,3.00,2,Fashion,1,Married,5,0,16.00,1,2,3,195.00
53895,1,12,Computer,3,14,Credit Card,Female,4.00,4,Mobile Phone,3,Married,4,1,12.00,5,8,8,152.00
53896,1,1,Phone,1,9,Debit Card,Male,4.00,4,Mobile Phone,4,Single,3,0,13.00,2,2,1,139.00
53897,0,1,Computer,1,14,Credit Card,Male,4.00,4,Mobile Phone,1,Single,3,0,21.00,6,6,8,151.00
53898,0,29,Mobile Phone,1,29,COD,Male,4.00,5,Mobile Phone,4,Married,7,0,13.00,2,2,3,160.00
53899,0,8,Mobile Phone,1,12,Credit Card,Male,3.00,5,Laptop & Accessory,1,Married,3,0,15.00,5,5,14,165.00
53900,0,31,Mobile Phone,1,7,Credit Card,Male,4.00,6,Fashion,1,Married,5,0,21.00,1,2,1,234.00
53901,0,7,Phone,1,28,Credit Card,Male,4.00,2,Mobile Phone,4,Married,3,0,19.00,3,3,14,145.00
53902,0,11,Computer,3,7,Credit Card,Male,3.00,6,Laptop & Accessory,1,Married,3,0,15.00,1,2,3,220.00
53903,0,8,Mobile Phone,1,26,Debit Card,Female,3.00,5,Mobile Phone,1,Married,3,0,13.00,4,9,8,154.00
53904,1,1,Phone,3,14,Debit Card,Male,3.00,4,Mobile Phone,1,Married,3,1,22.00,2,2,3,148.00
53905,0,18,Mobile Phone,1,9,Debit Card,Female,4.00,2,Fashion,1,Married,3,1,20.00,7,7,8,204.00
53906,0,9,Computer,1,9,Credit Card,Male,4.00,5,Mobile Phone,1,Single,2,1,15.00,2,2,5,174.00
53907,0,17,Mobile Phone,3,9,Credit Card,Male,4.00,4,Laptop & Accessory,1,Married,3,1,18.00,1,9,9,203.00
53908,0,1,Mobile Phone,1,16,Credit Card,Male,4.00,2,Mobile Phone,3,Married,3,0,17.00,1,2,5,169.00
53909,0,15,Mobile Phone,3,13,E wallet,Male,3.00,4,Fashion,3,Single,3,0,13.00,7,9,3,217.00
53910,0,3,Mobile Phone,1,16,Credit Card,Female,3.00,4,Mobile Phone,3,Married,11,0,18.00,2,2,3,155.00
53911,0,10,Mobile Phone,3,9,Debit Card,Female,3.00,4,Laptop & Accessory,1,Single,5,0,16.00,4,7,8,170.00
53912,0,19,Computer,1,7,Debit Card,Male,4.00,5,Fashion,3,Married,5,0,24.00,4,2,5,232.00
53913,1,1,Phone,2,29,UPI,Male,3.00,6,Mobile Phone,3,Married,3,0,12.00,1,2,1,141.00
53914,1,11,Computer,3,16,Debit Card,Male,3.00,6,Grocery,3,Married,9,0,12.00,2,2,11,254.00
53915,0,1,Phone,1,24,Credit Card,Male,4.00,6,Mobile Phone,3,Married,3,0,16.00,1,2,3,148.00
53916,0,19,Mobile Phone,1,35,Cash on Delivery,Female,3.00,5,Grocery,4,Single,3,0,15.00,4,9,7,292.00
53917,0,6,Computer,1,17,Debit Card,Male,3.00,4,Mobile Phone,3,Married,8,0,14.00,1,2,4,159.00
53918,0,5,Mobile Phone,1,9,Debit Card,Male,4.00,4,Mobile Phone,3,Married,3,0,15.00,1,2,4,160.00
53919,0,15,Computer,2,11,UPI,Male,3.00,6,Laptop & Accessory,4,Married,8,0,20.00,1,2,3,189.00
53920,0,14,Mobile Phone,1,15,Debit Card,Female,4.00,4,Laptop & Accessory,5,Married,4,1,17.00,1,2,1,190.00
53921,0,1,Mobile Phone,1,36,Credit Card,Male,4.00,4,Mobile Phone,5,Married,3,0,14.00,2,2,3,164.00
53922,0,20,Mobile Phone,1,20,Debit Card,Male,3.00,4,Laptop & Accessory,4,Single,8,0,15.00,2,2,10,181.00
53923,0,9,Mobile Phone,1,34,Debit Card,Male,3.00,4,Laptop & Accessory,3,Married,4,0,17.00,1,2,8,194.00
53924,0,4,Mobile Phone,1,23,Debit Card,Male,3.00,4,Mobile Phone,1,Married,3,0,13.00,1,2,9,154.00
53925,0,21,Computer,3,9,E wallet,Male,3.00,4,Laptop & Accessory,4,Married,9,0,12.00,1,2,1,175.00
53926,0,20,Mobile Phone,3,9,Debit Card,Male,4.00,4,Fashion,1,Married,6,1,13.00,1,2,3,229.00
53927,1,1,Mobile Phone,3,20,E wallet,Male,4.00,5,Laptop & Accessory,5,Married,7,1,14.00,3,3,3,186.00
53928,1,1,Mobile Phone,3,7,Debit Card,Male,3.00,6,Laptop & Accessory,4,Single,8,0,16.00,1,2,1,192.00
53929,0,1,Mobile Phone,1,11,Credit Card,Female,3.00,4,Mobile Phone,4,Single,3,0,14.00,2,2,3,158.00
53930,0,5,Computer,1,31,COD,Female,2.00,4,Laptop & Accessory,1,Single,4,0,21.00,2,2,5,177.00
53931,0,13,Computer,1,7,Debit Card,Male,4.00,4,Laptop & Accessory,1,Married,3,1,16.00,4,6,9,190.00
53932,0,6,Mobile Phone,3,26,Debit Card,Male,4.00,6,Fashion,3,Married,5,0,14.00,2,2,3,221.00
53933,0,14,Mobile Phone,3,14,Credit Card,Male,3.00,4,Others,4,Single,3,0,15.00,2,13,9,323.00
53934,0,19,Mobile Phone,2,11,Debit Card,Female,3.00,6,Fashion,3,Married,6,0,22.00,2,2,3,223.00
53935,0,4,Computer,1,9,COD,Female,4.00,5,Mobile Phone,5,Single,2,0,17.00,1,2,8,175.00
53936,0,1,Computer,2,17,Credit Card,Male,3.00,4,Mobile Phone,1,Married,2,0,15.00,2,3,2,146.00
53937,1,1,Computer,2,15,UPI,Female,4.00,5,Mobile Phone,1,Married,8,0,12.00,2,2,3,147.00
53938,0,5,Mobile Phone,3,12,Cash on Delivery,Male,3.00,4,Laptop & Accessory,3,Married,3,0,20.00,1,2,3,208.00
53939,0,1,Mobile Phone,1,15,Credit Card,Female,4.00,4,Mobile Phone,1,Single,3,0,12.00,2,2,5,159.00
53940,1,1,Mobile Phone,3,16,E wallet,Female,3.00,6,Mobile Phone,4,Single,3,0,14.00,2,3,3,153.00
53941,0,3,Computer,1,7,Debit Card,Male,4.00,2,Laptop & Accessory,3,Single,10,1,13.00,1,2,3,188.00
53942,0,4,Mobile Phone,3,22,E wallet,Male,4.00,5,Fashion,5,Married,4,0,12.00,1,2,8,196.00
53943,0,8,Mobile Phone,1,9,Credit Card,Male,4.00,2,Mobile Phone,1,Married,2,1,15.00,1,2,3,154.00
53944,0,7,Computer,3,9,E wallet,Female,4.00,4,Laptop & Accessory,4,Single,10,0,16.00,1,2,8,176.00
53945,0,23,Mobile Phone,3,18,E wallet,Female,4.00,4,Laptop & Accessory,1,Single,5,0,13.00,1,2,5,170.00
53946,1,1,Mobile Phone,3,23,Debit Card,Female,4.00,4,Fashion,5,Single,4,1,21.00,1,2,3,211.00
53947,0,12,Computer,1,9,Credit Card,Female,4.00,5,Mobile Phone,4,Married,6,0,15.00,1,2,6,150.00
53948,1,1,Mobile Phone,3,23,E wallet,Male,4.00,4,Fashion,3,Married,4,0,14.00,2,2,1,207.00
53949,0,3,Phone,1,11,COD,Female,4.00,5,Mobile Phone,5,Married,3,0,14.00,1,2,1,146.00
53950,0,1,Mobile Phone,1,23,Debit Card,Male,3.00,2,Laptop & Accessory,3,Married,5,0,17.00,2,2,8,178.00
53951,0,6,Computer,1,12,COD,Male,4.00,4,Mobile Phone,4,Single,4,0,15.00,2,2,8,152.00
53952,0,12,Mobile Phone,1,25,Credit Card,Male,3.00,6,Laptop & Accessory,1,Married,5,1,17.00,1,2,1,183.00
53953,1,7,Computer,1,24,COD,Male,3.00,5,Mobile Phone,3,Married,11,1,17.00,2,2,1,149.00
53954,0,16,Mobile Phone,1,19,Credit Card,Male,3.00,4,Mobile Phone,4,Married,10,0,23.00,2,2,5,153.00
53955,0,29,Mobile Phone,1,9,Credit Card,Male,3.00,5,Others,5,Married,10,0,15.00,1,2,1,315.00
53956,0,7,Computer,1,11,COD,Male,3.00,4,Laptop & Accessory,4,Married,7,0,16.00,1,2,8,156.00
53957,0,15,Phone,1,16,Debit Card,Male,4.00,4,Mobile Phone,5,Married,3,0,21.00,2,2,5,148.00
53958,0,8,Computer,3,17,Debit Card,Male,3.00,4,Laptop & Accessory,3,Married,3,1,15.00,2,2,8,165.00
53959,0,27,Computer,1,7,Credit Card,Female,3.00,5,Grocery,3,Married,6,1,21.00,1,2,3,255.00
53960,0,17,Mobile Phone,2,9,Debit Card,Male,4.00,4,Mobile Phone,1,Single,2,0,14.00,1,2,9,160.00
53961,0,8,Mobile Phone,3,10,Debit Card,Female,3.00,6,Laptop & Accessory,1,Single,7,0,13.00,2,3,3,185.00
53962,1,1,Mobile Phone,3,14,E wallet,Male,3.00,4,Mobile Phone,4,Single,3,0,14.00,2,2,1,152.00
53963,0,12,Mobile Phone,1,13,UPI,Female,3.00,5,Mobile Phone,3,Married,3,0,12.00,1,2,5,162.00
53964,1,1,Phone,1,15,Credit Card,Female,4.00,4,Mobile Phone,5,Married,3,1,18.00,1,2,1,149.00
53965,0,5,Mobile Phone,3,36,E wallet,Female,4.00,5,Laptop & Accessory,1,Married,3,0,15.00,3,6,8,180.00
53966,0,25,Mobile Phone,1,10,Cash on Delivery,Female,3.00,4,Fashion,3,Married,4,0,12.00,3,2,3,256.00
53967,0,11,Mobile Phone,3,16,E wallet,Male,3.00,5,Laptop & Accessory,4,Married,3,0,15.00,1,2,4,167.00
53968,0,20,Mobile Phone,1,9,Credit Card,Male,3.00,4,Others,1,Married,9,1,15.00,2,3,3,318.00
53969,0,10,Mobile Phone,1,17,Debit Card,Male,3.00,4,Fashion,5,Married,9,1,14.00,2,6,8,208.00
53970,1,8,Computer,1,7,Credit Card,Male,3.00,4,Mobile Phone,4,Married,3,1,13.00,2,3,4,148.00
53971,0,11,Mobile Phone,2,15,UPI,Male,3.00,4,Laptop & Accessory,4,Married,4,0,14.00,5,5,8,166.00
53972,1,1,Mobile Phone,3,34,Debit Card,Male,3.00,4,Laptop & Accessory,1,Single,3,1,19.00,1,8,8,183.00
53973,0,7,Mobile Phone,1,15,Debit Card,Male,3.00,2,Mobile Phone,5,Married,8,0,20.00,7,8,7,156.00
53974,0,2,Phone,1,7,Debit Card,Male,3.00,4,Mobile Phone,1,Married,3,0,12.00,1,2,4,145.00
53975,0,13,Mobile Phone,1,17,Credit Card,Male,4.00,4,Fashion,3,Single,9,0,22.00,3,2,3,260.00
53976,0,20,Computer,3,33,Debit Card,Male,4.00,5,Laptop & Accessory,4,Single,10,0,16.00,3,3,3,205.00
53977,0,14,Mobile Phone,1,9,Debit Card,Female,3.00,4,Mobile Phone,5,Married,6,0,18.00,2,2,3,159.00
53978,0,16,Mobile Phone,1,20,Credit Card,Male,4.00,2,Laptop & Accessory,5,Married,7,0,19.00,2,2,1,180.00
53979,0,9,Computer,1,9,Credit Card,Male,3.00,4,Laptop & Accessory,1,Married,4,0,15.00,1,2,8,183.00
53980,0,12,Computer,2,9,UPI,Male,4.00,4,Mobile Phone,4,Married,7,0,14.00,4,4,9,151.00
53981,1,1,Computer,1,16,Debit Card,Male,4.00,4,Laptop & Accessory,5,Married,6,0,18.00,1,2,8,178.00
53982,1,1,Mobile Phone,1,17,Credit Card,Male,3.00,4,Laptop & Accessory,5,Single,3,0,16.00,1,2,9,167.00
53983,0,13,Computer,3,27,Debit Card,Male,3.00,4,Laptop & Accessory,1,Married,4,0,19.00,2,3,3,166.00
53984,0,17,Computer,1,16,Debit Card,Male,3.00,4,Mobile Phone,3,Single,6,0,14.00,1,2,3,149.00
53985,0,15,Mobile Phone,1,12,Debit Card,Male,3.00,2,Laptop & Accessory,4,Single,5,0,13.00,2,2,3,194.00
53986,0,15,Mobile Phone,3,11,E wallet,Female,3.00,4,Fashion,3,Married,2,1,14.00,1,14,3,229.00
53987,0,4,Mobile Phone,1,17,Credit Card,Female,4.00,4,Fashion,3,Single,11,0,15.00,1,2,3,222.00
53988,1,1,Phone,2,27,Credit Card,Female,4.00,4,Mobile Phone,4,Married,2,1,12.00,1,2,5,146.00
53989,1,10,Mobile Phone,1,28,Credit Card,Female,4.00,4,Laptop & Accessory,4,Married,6,0,23.00,2,4,3,214.00
53990,0,14,Mobile Phone,1,7,Debit Card,Female,3.00,4,Laptop & Accessory,1,Married,6,0,18.00,1,2,4,190.00
53991,0,8,Mobile Phone,3,15,Cash on Delivery,Male,4.00,2,Laptop & Accessory,3,Married,3,0,22.00,1,5,9,193.00
53992,0,31,Computer,3,9,Credit Card,Male,3.00,4,Grocery,4,Married,6,0,23.00,11,15,15,25.00
53993,0,9,Mobile Phone,1,30,Credit Card,Male,4.00,6,Mobile Phone,3,Married,2,0,17.00,2,2,4,152.00
53994,0,21,Mobile Phone,1,11,Debit Card,Female,4.00,5,Fashion,4,Married,10,1,13.00,3,15,3,228.00
53995,0,14,Mobile Phone,1,19,Debit Card,Female,3.00,4,Laptop & Accessory,5,Married,4,0,13.00,8,8,8,169.00
53996,0,28,Mobile Phone,1,14,Credit Card,Female,4.00,4,Laptop & Accessory,1,Married,6,0,16.00,2,2,8,194.00
53997,0,5,Computer,3,14,E wallet,Female,4.00,4,Fashion,5,Married,4,0,15.00,3,3,3,221.00
53998,0,2,Mobile Phone,1,7,Credit Card,Female,4.00,4,Mobile Phone,5,Married,3,0,26.00,2,2,3,161.00
53999,0,12,Mobile Phone,3,9,E wallet,Female,4.00,6,Laptop & Accessory,1,Married,4,1,21.00,1,2,4,179.00
54000,0,1,Mobile Phone,3,17,Credit Card,Male,3.00,4,Laptop & Accessory,1,Single,3,0,14.00,1,2,3,172.00
54001,0,31,Computer,1,22,Debit Card,Male,3.00,4,Grocery,3,Married,4,1,15.00,1,3,3,283.00
54002,0,1,Computer,1,21,Credit Card,Female,3.00,4,Mobile Phone,3,Single,3,0,17.00,2,2,1,140.00
54003,1,1,Mobile Phone,2,25,UPI,Male,3.00,2,Mobile Phone,5,Married,2,0,18.00,2,2,1,155.00
54004,1,1,Phone,2,20,UPI,Male,3.00,5,Mobile Phone,5,Married,6,1,16.00,2,3,1,148.00
54005,0,19,Computer,3,9,Debit Card,Female,4.00,4,Laptop & Accessory,3,Married,6,0,23.00,4,6,8,177.00
54006,0,10,Mobile Phone,1,9,UPI,Female,4.00,4,Laptop & Accessory,4,Married,6,1,23.00,1,2,1,195.00
54007,0,17,Computer,3,9,Debit Card,Male,4.00,4,Laptop & Accessory,1,Married,3,0,21.00,6,8,8,182.00
54008,0,1,Computer,1,12,Debit Card,Female,3.00,4,Mobile Phone,1,Single,2,1,15.00,2,2,3,149.00
54009,0,3,Computer,1,27,Credit Card,Male,3.00,4,Mobile Phone,1,Married,3,0,14.00,2,4,11,163.00
54010,0,6,Computer,3,17,E wallet,Male,4.00,4,Laptop & Accessory,1,Single,10,0,14.00,2,2,1,171.00
54011,0,16,Computer,1,17,COD,Male,3.00,4,Mobile Phone,3,Married,5,0,23.00,2,4,4,154.00
54012,0,21,Phone,1,16,Debit Card,Female,4.00,4,Mobile Phone,3,Single,6,0,13.00,2,3,1,146.00
54013,0,20,Mobile Phone,1,9,Debit Card,Male,3.00,4,Fashion,1,Married,5,0,15.00,2,5,3,211.00
54014,0,2,Computer,2,7,Debit Card,Male,3.00,4,Mobile Phone,1,Married,3,0,16.00,1,3,3,152.00
54015,0,3,Mobile Phone,1,36,Debit Card,Male,4.00,6,Laptop & Accessory,3,Married,10,0,18.00,2,2,7,189.00
54016,0,16,Mobile Phone,1,15,Debit Card,Male,3.00,4,Mobile Phone,3,Single,6,0,14.00,2,2,1,165.00
54017,1,1,Mobile Phone,3,9,E wallet,Male,3.00,5,Laptop & Accessory,4,Single,9,1,13.00,3,3,3,224.00
54018,0,20,Mobile Phone,3,10,Cash on Delivery,Female,3.00,2,Grocery,5,Married,4,0,13.00,2,2,9,257.00
54019,0,1,Mobile Phone,3,30,Credit Card,Female,3.00,5,Laptop & Accessory,3,Married,3,0,22.00,5,6,9,160.00
54020,0,3,Mobile Phone,2,13,Credit Card,Male,3.00,5,Mobile Phone,4,Married,3,0,12.00,2,2,1,153.00
54021,0,17,Mobile Phone,1,13,Credit Card,Female,3.00,5,Others,3,Married,9,0,15.00,4,7,15,319.00
54022,0,22,Mobile Phone,1,17,Debit Card,Male,4.00,5,Others,4,Married,6,0,15.00,4,13,10,322.00
54023,1,1,Computer,1,31,Debit Card,Male,4.00,5,Mobile Phone,1,Single,3,1,25.00,2,2,1,149.00
54024,1,10,Mobile Phone,3,17,Debit Card,Female,4.00,4,Fashion,4,Married,7,0,22.00,1,2,8,198.00
54025,0,1,Computer,1,22,Debit Card,Female,4.00,5,Mobile Phone,5,Married,2,0,20.00,8,8,4,173.00
54026,0,13,Mobile Phone,1,26,UPI,Male,3.00,4,Laptop & Accessory,1,Married,10,0,15.00,2,3,3,164.00
54027,0,29,Mobile Phone,1,9,COD,Male,4.00,5,Mobile Phone,1,Married,10,0,21.00,1,2,5,152.00
54028,0,2,Mobile Phone,3,10,Credit Card,Female,4.00,4,Mobile Phone,4,Married,3,0,20.00,2,2,1,154.00
54029,1,1,Phone,3,16,Credit Card,Male,3.00,4,Mobile Phone,1,Single,3,0,14.00,1,2,1,136.00
54030,1,1,Mobile Phone,1,14,Debit Card,Male,4.00,4,Mobile Phone,4,Single,3,1,24.00,2,2,1,150.00
54031,0,10,Mobile Phone,3,17,COD,Female,4.00,5,Laptop & Accessory,3,Married,3,1,14.00,2,2,8,182.00
54032,0,5,Mobile Phone,1,27,Debit Card,Male,3.00,4,Laptop & Accessory,3,Married,3,0,12.00,1,2,3,167.00
54033,0,8,Mobile Phone,3,11,Debit Card,Male,4.00,4,Fashion,1,Married,4,1,14.00,1,2,3,222.00
54034,0,3,Phone,1,14,Debit Card,Male,3.00,4,Mobile Phone,5,Single,5,0,15.00,1,2,3,146.00
54035,0,11,Mobile Phone,1,14,Credit Card,Male,4.00,4,Laptop & Accessory,5,Married,7,1,23.00,1,2,5,168.00
54036,0,9,Mobile Phone,1,23,UPI,Female,3.00,5,Laptop & Accessory,4,Married,2,1,12.00,2,2,3,173.00
54037,0,19,Mobile Phone,1,32,Debit Card,Female,4.00,5,Laptop & Accessory,1,Married,2,0,14.00,1,4,9,184.00
54038,0,10,Computer,2,9,UPI,Male,4.00,5,Laptop & Accessory,1,Single,3,0,22.00,2,2,9,164.00
54039,0,14,Mobile Phone,1,7,Debit Card,Male,4.00,4,Grocery,5,Married,4,0,15.00,10,12,17,293.00
54040,0,1,Mobile Phone,1,7,Debit Card,Female,3.00,5,Mobile Phone,3,Married,3,1,14.00,1,2,1,154.00
54041,0,1,Mobile Phone,3,9,Credit Card,Female,3.00,2,Laptop & Accessory,3,Single,2,0,15.00,1,2,8,190.00
54042,0,22,Computer,1,29,Credit Card,Female,3.00,4,Grocery,1,Married,5,0,15.00,1,5,8,297.00
54043,0,18,Mobile Phone,1,7,Debit Card,Male,4.00,2,Laptop & Accessory,5,Married,4,0,16.00,3,3,3,175.00
54044,1,1,Computer,1,23,COD,Male,3.00,6,Mobile Phone,5,Married,3,1,24.00,4,4,1,148.00
54045,1,20,Mobile Phone,1,31,Debit Card,Male,4.00,4,Mobile Phone,1,Single,3,0,17.00,1,2,1,151.00
54046,0,10,Mobile Phone,3,24,E wallet,Male,3.00,5,Laptop & Accessory,4,Married,4,0,17.00,2,2,4,180.00
54047,0,15,Mobile Phone,3,15,E wallet,Female,3.00,4,Laptop & Accessory,4,Married,7,0,22.00,2,2,5,169.00
54048,0,16,Mobile Phone,1,13,Credit Card,Male,3.00,4,Fashion,5,Married,11,0,14.00,4,2,8,258.00
54049,0,5,Mobile Phone,3,17,Credit Card,Female,3.00,4,Laptop & Accessory,1,Married,4,1,12.00,1,2,5,191.00
54050,0,8,Mobile Phone,3,10,Credit Card,Female,4.00,5,Laptop & Accessory,1,Married,5,1,13.00,1,2,2,206.00
54051,0,5,Mobile Phone,1,11,Credit Card,Female,4.00,2,Mobile Phone,3,Married,10,0,13.00,3,3,3,165.00
54052,0,1,Computer,1,13,UPI,Male,4.00,2,Mobile Phone,1,Married,2,0,19.00,3,8,8,150.00
54053,0,19,Computer,1,7,Credit Card,Male,3.00,4,Laptop & Accessory,3,Single,6,0,13.00,2,2,4,179.00
54054,0,7,Mobile Phone,3,17,E wallet,Male,3.00,4,Laptop & Accessory,3,Single,3,0,15.00,1,2,10,180.00
54055,0,2,Computer,3,7,Debit Card,Male,3.00,5,Laptop & Accessory,1,Married,3,1,13.00,1,2,8,193.00
54056,1,1,Computer,3,31,COD,Male,3.00,2,Mobile Phone,5,Single,3,0,18.00,2,2,1,136.00
54057,0,13,Computer,3,28,Debit Card,Female,3.00,6,Laptop & Accessory,3,Married,8,0,20.00,1,2,3,182.00
54058,0,1,Phone,1,9,COD,Male,3.00,4,Mobile Phone,4,Married,3,0,12.00,2,2,3,147.00
54059,0,8,Computer,1,29,UPI,Male,3.00,5,Laptop & Accessory,1,Married,3,1,16.00,4,7,12,182.00
54060,1,1,Mobile Phone,3,20,E wallet,Female,3.00,4,Laptop & Accessory,3,Single,5,1,12.00,3,3,3,224.00
54061,0,21,Computer,1,21,COD,Male,4.00,4,Laptop & Accessory,4,Married,10,0,19.00,1,2,8,180.00
54062,0,30,Mobile Phone,3,18,E wallet,Female,3.00,5,Laptop & Accessory,5,Married,6,0,17.00,1,2,1,179.00
54063,0,13,Mobile Phone,1,16,Credit Card,Male,3.00,4,Laptop & Accessory,5,Married,3,0,26.00,5,8,10,177.00
54064,0,12,Computer,1,15,Credit Card,Female,3.00,5,Laptop & Accessory,4,Married,3,1,17.00,2,2,8,146.00
54065,0,31,Mobile Phone,3,28,Debit Card,Female,4.00,4,Grocery,1,Married,6,1,15.00,2,2,1,304.00
54066,1,1,Computer,1,12,Debit Card,Female,3.00,2,Mobile Phone,3,Single,5,1,15.00,1,2,4,149.00
54067,0,12,Mobile Phone,1,16,Debit Card,Male,4.00,4,Mobile Phone,1,Married,4,0,20.00,2,2,4,173.00
54068,0,23,Computer,1,9,Debit Card,Male,3.00,4,Others,1,Married,5,0,15.00,3,5,4,317.00
54069,0,16,Mobile Phone,3,19,E wallet,Male,4.00,4,Laptop & Accessory,1,Married,5,1,13.00,1,2,1,176.00
54070,1,1,Computer,2,29,UPI,Female,3.00,5,Mobile Phone,4,Married,3,0,13.00,2,2,1,154.00
54071,0,9,Mobile Phone,3,25,Credit Card,Male,4.00,4,Laptop & Accessory,5,Married,2,0,17.00,1,2,5,25.00
54072,0,2,Computer,1,23,Credit Card,Male,3.00,4,Mobile Phone,3,Single,3,0,15.00,1,2,5,146.00
54073,0,5,Computer,1,10,Credit Card,Male,3.00,4,Mobile Phone,5,Married,3,1,14.00,1,3,4,156.00
54074,0,10,Computer,1,16,Debit Card,Male,4.00,2,Mobile Phone,4,Married,3,0,23.00,2,2,3,153.00
54075,0,8,Mobile Phone,3,7,E wallet,Male,3.00,4,Fashion,1,Single,3,0,22.00,2,3,3,224.00
54076,0,8,Mobile Phone,3,20,Credit Card,Male,3.00,4,Fashion,3,Married,3,0,19.00,2,2,3,211.00
54077,0,1,Mobile Phone,1,7,Credit Card,Male,4.00,4,Mobile Phone,5,Single,2,0,14.00,4,8,7,154.00
54078,0,3,Mobile Phone,1,7,Debit Card,Male,3.00,4,Laptop & Accessory,5,Married,2,0,13.00,2,2,3,179.00
54079,0,6,Computer,1,22,Credit Card,Female,3.00,4,Laptop & Accessory,1,Married,7,0,19.00,1,2,3,192.00
54080,0,5,Computer,1,7,Debit Card,Male,3.00,6,Laptop & Accessory,5,Married,3,0,22.00,2,9,8,175.00
54081,1,1,Phone,1,24,COD,Male,3.00,5,Mobile Phone,1,Married,7,0,13.00,1,2,4,149.00
54082,0,12,Mobile Phone,3,7,Debit Card,Male,3.00,5,Mobile Phone,5,Single,6,0,15.00,1,2,1,154.00
54083,0,9,Mobile Phone,3,14,Debit Card,Female,3.00,4,Laptop & Accessory,1,Married,3,1,12.00,2,2,10,177.00
54084,0,1,Mobile Phone,3,16,E wallet,Male,3.00,4,Laptop & Accessory,1,Single,3,0,15.00,1,2,8,166.00
54085,0,6,Mobile Phone,1,12,Debit Card,Male,3.00,5,Laptop & Accessory,1,Single,10,0,25.00,1,2,3,222.00
54086,1,1,Computer,3,33,E wallet,Male,4.00,4,Laptop & Accessory,1,Married,3,1,12.00,1,2,9,181.00
54087,1,17,Mobile Phone,3,31,Debit Card,Male,4.00,4,Fashion,5,Single,8,1,14.00,3,3,3,229.00
54088,0,28,Mobile Phone,1,16,Debit Card,Female,4.00,4,Laptop & Accessory,3,Married,5,0,12.00,1,3,4,154.00
54089,0,7,Computer,1,14,Debit Card,Male,3.00,4,Laptop & Accessory,3,Married,3,0,21.00,3,3,9,185.00
54090,0,17,Mobile Phone,1,18,Debit Card,Male,2.00,4,Fashion,3,Married,3,0,18.00,2,2,10,200.00
54091,0,12,Computer,2,7,UPI,Male,3.00,4,Mobile Phone,4,Married,2,1,12.00,2,2,3,155.00
54092,0,29,Mobile Phone,2,33,UPI,Male,4.00,2,Others,4,Married,6,1,15.00,2,2,5,321.00
54093,0,5,Phone,1,9,Credit Card,Female,3.00,6,Mobile Phone,1,Married,3,1,12.00,2,2,1,136.00
54094,0,13,Mobile Phone,3,22,E wallet,Male,4.00,4,Grocery,5,Single,2,0,13.00,5,2,11,258.00
54095,0,16,Computer,1,30,Debit Card,Male,3.00,5,Laptop & Accessory,3,Single,3,0,13.00,3,4,8,168.00
54096,0,5,Computer,1,17,Credit Card,Female,3.00,4,Fashion,3,Married,6,0,21.00,4,2,9,235.00
54097,0,28,Mobile Phone,1,17,Credit Card,Female,4.00,4,Laptop & Accessory,5,Single,8,1,20.00,1,2,5,169.00
54098,0,1,Mobile Phone,1,7,Debit Card,Male,3.00,5,Laptop & Accessory,3,Single,3,0,13.00,2,2,3,171.00
54099,0,1,Mobile Phone,1,19,UPI,Male,4.00,4,Mobile Phone,1,Single,3,0,14.00,2,2,5,151.00
54100,0,14,Computer,1,18,COD,Female,4.00,4,Laptop & Accessory,3,Married,3,0,12.00,3,10,5,188.00
54101,0,14,Mobile Phone,3,9,E wallet,Female,4.00,4,Laptop & Accessory,4,Married,5,0,15.00,2,6,11,182.00
54102,0,1,Phone,2,9,UPI,Female,3.00,4,Mobile Phone,4,Married,6,0,15.00,1,2,3,147.00
54103,0,4,Mobile Phone,1,7,Credit Card,Male,4.00,4,Mobile Phone,4,Married,3,0,14.00,1,2,8,162.00
54104,0,1,Mobile Phone,1,9,UPI,Male,3.00,4,Mobile Phone,3,Married,8,1,20.00,1,2,3,165.00
54105,0,21,Mobile Phone,1,32,Credit Card,Male,3.00,4,Fashion,3,Single,4,0,24.00,2,13,3,211.00
54106,0,7,Computer,1,7,Credit Card,Male,3.00,5,Mobile Phone,3,Married,3,0,13.00,1,2,1,145.00
54107,0,12,Mobile Phone,3,7,Debit Card,Male,3.00,4,Laptop & Accessory,4,Married,2,0,16.00,5,6,9,169.00
54108,0,5,Mobile Phone,3,9,Debit Card,Male,3.00,4,Mobile Phone,3,Married,2,0,20.00,2,2,3,156.00
54109,0,12,Computer,1,13,Debit Card,Male,4.00,5,Laptop & Accessory,3,Married,4,0,12.00,3,8,8,178.00
54110,0,16,Mobile Phone,1,25,Debit Card,Male,3.00,4,Laptop & Accessory,5,Married,8,1,18.00,1,2,3,179.00
54111,0,15,Mobile Phone,1,7,Debit Card,Male,4.00,4,Mobile Phone,1,Married,5,0,23.00,1,2,1,153.00
54112,0,21,Computer,1,7,Credit Card,Female,4.00,4,Fashion,4,Married,2,0,19.00,1,2,13,245.00
54113,0,9,Mobile Phone,1,18,Credit Card,Male,3.00,4,Mobile Phone,3,Married,9,1,12.00,1,3,3,152.00
54114,0,1,Mobile Phone,1,7,Debit Card,Male,4.00,4,Mobile Phone,3,Single,2,0,13.00,1,2,3,159.00
54115,0,9,Mobile Phone,1,16,Credit Card,Male,3.00,4,Laptop & Accessory,3,Single,3,0,20.00,1,2,9,176.00
54116,0,7,Mobile Phone,1,22,Credit Card,Female,4.00,4,Laptop & Accessory,1,Married,2,1,14.00,6,9,2,37.00
54117,0,6,Mobile Phone,1,36,Debit Card,Female,3.00,5,Mobile Phone,4,Single,3,0,14.00,4,5,2,153.00
54118,0,14,Phone,1,7,Debit Card,Male,3.00,4,Mobile Phone,1,Married,10,0,20.00,1,2,1,149.00
54119,0,6,Phone,3,7,Credit Card,Male,4.00,5,Mobile Phone,4,Married,2,0,15.00,1,3,3,148.00
54120,0,13,Mobile Phone,1,31,Debit Card,Male,3.00,4,Laptop & Accessory,1,Single,9,0,14.00,2,2,8,166.00
54121,0,12,Mobile Phone,1,17,Credit Card,Female,3.00,6,Fashion,3,Married,5,0,13.00,2,2,12,257.00
54122,0,6,Mobile Phone,3,7,E wallet,Female,3.00,4,Fashion,1,Married,3,0,20.00,4,6,3,229.00
54123,0,11,Mobile Phone,1,17,Debit Card,Female,3.00,2,Fashion,1,Married,3,1,26.00,1,7,9,262.00
54124,0,1,Mobile Phone,3,15,UPI,Female,3.00,4,Laptop & Accessory,3,Married,2,1,23.00,2,2,5,174.00
54125,0,26,Computer,3,127,Debit Card,Male,3.00,4,Mobile Phone,1,Married,4,0,16.00,2,2,1,160.00
54126,0,18,Phone,1,7,Credit Card,Male,3.00,4,Mobile Phone,1,Single,8,1,13.00,1,2,3,149.00
54127,0,1,Phone,3,12,Credit Card,Male,3.00,4,Mobile Phone,5,Single,3,1,12.00,2,2,3,149.00
54128,0,13,Computer,1,16,Debit Card,Male,3.00,4,Others,1,Single,4,0,15.00,1,2,4,319.00
54129,1,1,Computer,3,16,E wallet,Male,3.00,4,Mobile Phone,5,Married,3,0,20.00,2,2,1,143.00
54130,0,10,Mobile Phone,3,10,Credit Card,Female,4.00,5,Fashion,1,Married,2,0,20.00,4,4,5,201.00
54131,0,10,Computer,1,11,Debit Card,Female,4.00,4,Laptop & Accessory,4,Married,9,0,14.00,2,2,3,176.00
54132,0,30,Computer,1,7,Debit Card,Male,3.00,4,Laptop & Accessory,3,Married,3,0,22.00,1,2,10,188.00
54133,1,1,Mobile Phone,1,7,Credit Card,Male,3.00,4,Mobile Phone,1,Married,11,1,15.00,3,3,3,173.00
54134,0,16,Mobile Phone,1,9,Debit Card,Male,3.00,4,Others,3,Married,7,0,15.00,2,5,15,314.00
54135,1,20,Phone,1,14,COD,Male,4.00,4,Mobile Phone,3,Married,10,0,12.00,7,10,9,148.00
54136,0,15,Mobile Phone,1,35,Debit Card,Female,3.00,5,Grocery,4,Married,2,0,24.00,2,2,11,261.00
54137,0,8,Mobile Phone,3,35,E wallet,Female,4.00,5,Laptop & Accessory,3,Married,3,0,22.00,2,2,8,192.00
54138,0,10,Computer,3,22,E wallet,Male,3.00,6,Laptop & Accessory,1,Married,3,0,25.00,5,12,12,179.00
54139,0,15,Mobile Phone,3,10,Debit Card,Male,3.00,5,Laptop & Accessory,4,Married,4,0,12.00,1,2,3,214.00
54140,0,6,Phone,1,9,COD,Male,4.00,4,Mobile Phone,5,Single,3,0,15.00,2,2,3,149.00
54141,0,9,Mobile Phone,2,33,Debit Card,Female,3.00,4,Fashion,1,Single,3,1,17.00,2,2,3,213.00
54142,0,12,Mobile Phone,3,17,Debit Card,Female,4.00,4,Laptop & Accessory,1,Married,3,0,12.00,1,2,10,178.00
54143,1,14,Computer,3,7,Debit Card,Male,4.00,4,Laptop & Accessory,3,Married,9,0,13.00,2,2,2,192.00
54144,0,10,Mobile Phone,3,18,E wallet,Female,4.00,5,Laptop & Accessory,1,Married,6,0,14.00,2,2,1,192.00
54145,0,19,Mobile Phone,3,27,Debit Card,Female,3.00,4,Laptop & Accessory,3,Single,10,0,16.00,2,2,2,174.00
54146,0,14,Mobile Phone,1,9,Debit Card,Male,3.00,5,Mobile Phone,3,Single,4,0,15.00,1,3,3,153.00
54147,0,9,Computer,1,25,Debit Card,Male,4.00,4,Laptop & Accessory,3,Married,3,1,15.00,2,2,3,182.00
54148,0,14,Phone,1,9,Credit Card,Female,4.00,4,Mobile Phone,3,Married,4,0,15.00,2,2,3,145.00
54149,0,9,Mobile Phone,1,7,Debit Card,Female,4.00,6,Mobile Phone,1,Married,3,0,13.00,1,2,2,155.00
54150,0,3,Mobile Phone,1,20,UPI,Male,3.00,5,Laptop & Accessory,4,Married,6,1,14.00,2,2,4,165.00
54151,0,3,Mobile Phone,1,35,Credit Card,Female,4.00,5,Mobile Phone,5,Single,3,0,15.00,1,2,5,163.00
54152,1,14,Mobile Phone,3,35,E wallet,Male,3.00,5,Fashion,5,Married,6,1,14.00,1,2,1,234.00
54153,0,13,Mobile Phone,3,31,E wallet,Female,3.00,5,Grocery,1,Married,2,0,12.00,2,2,7,245.00
54154,0,5,Computer,1,12,Credit Card,Male,4.00,4,Laptop & Accessory,5,Single,2,0,20.00,1,2,3,224.00
54155,0,1,Mobile Phone,3,12,UPI,Female,2.00,5,Mobile Phone,3,Single,2,0,19.00,1,2,1,155.00
54156,0,10,Computer,1,30,Credit Card,Male,3.00,2,Laptop & Accessory,1,Married,6,0,18.00,1,2,4,151.00
54157,0,13,Mobile Phone,1,13,Credit Card,Male,3.00,5,Fashion,5,Married,6,0,16.00,2,2,3,225.00
54158,0,1,Mobile Phone,1,11,Debit Card,Male,3.00,2,Laptop & Accessory,4,Married,3,1,21.00,2,2,4,186.00
54159,0,23,Computer,3,9,Credit Card,Male,4.00,5,Laptop & Accessory,4,Married,4,0,15.00,2,2,9,179.00
54160,0,8,Mobile Phone,1,15,Credit Card,Male,3.00,2,Laptop & Accessory,3,Married,4,0,13.00,1,2,3,169.00
54161,1,5,Mobile Phone,3,7,Debit Card,Female,4.00,4,Laptop & Accessory,1,Single,10,1,12.00,1,2,6,185.00
54162,0,23,Computer,1,15,Debit Card,Male,4.00,5,Laptop & Accessory,4,Married,3,0,24.00,1,2,8,176.00
54163,1,1,Phone,1,9,UPI,Male,4.00,5,Mobile Phone,3,Single,8,1,16.00,1,2,1,146.00
54164,0,7,Computer,1,10,Debit Card,Female,3.00,4,Mobile Phone,3,Married,3,1,12.00,3,4,1,154.00
54165,0,1,Mobile Phone,1,9,Credit Card,Male,3.00,4,Mobile Phone,4,Married,11,0,13.00,2,3,3,160.00
54166,0,6,Computer,1,9,Debit Card,Male,4.00,4,Mobile Phone,1,Single,2,0,14.00,2,4,7,156.00
54167,0,31,Mobile Phone,1,10,Credit Card,Female,3.00,2,Mobile Phone,5,Married,6,1,21.00,1,2,1,152.00
54168,0,4,Mobile Phone,1,31,Debit Card,Male,4.00,4,Mobile Phone,3,Married,3,0,23.00,2,2,1,152.00
54169,0,12,Computer,1,30,Debit Card,Male,3.00,5,Fashion,3,Single,2,0,22.00,2,2,3,220.00
54170,0,10,Mobile Phone,1,34,Credit Card,Male,4.00,4,Laptop & Accessory,3,Married,8,0,14.00,1,8,8,177.00
54171,0,9,Phone,1,23,Credit Card,Male,3.00,2,Mobile Phone,4,Married,2,0,14.00,2,2,4,149.00
54172,0,3,Mobile Phone,1,22,Debit Card,Female,3.00,5,Laptop & Accessory,3,Single,2,1,13.00,2,2,9,167.00
54173,0,5,Mobile Phone,1,33,Debit Card,Male,3.00,4,Mobile Phone,3,Married,3,0,18.00,4,5,4,154.00
54174,0,8,Mobile Phone,1,26,Credit Card,Male,4.00,4,Mobile Phone,1,Married,2,0,12.00,1,2,3,152.00
54175,1,1,Phone,1,31,Debit Card,Male,3.00,5,Mobile Phone,3,Single,7,1,15.00,1,2,4,145.00
54176,0,3,Mobile Phone,1,28,Debit Card,Female,3.00,2,Fashion,5,Married,3,0,12.00,7,9,3,225.00
54177,0,6,Mobile Phone,1,12,Debit Card,Male,4.00,2,Mobile Phone,4,Married,2,1,13.00,2,2,6,158.00
54178,0,1,Computer,1,23,Credit Card,Male,4.00,2,Mobile Phone,1,Married,3,1,14.00,1,2,1,154.00
54179,0,27,Mobile Phone,3,9,Debit Card,Female,4.00,5,Grocery,1,Married,4,0,17.00,1,4,8,279.00
54180,0,12,Mobile Phone,1,9,Debit Card,Male,3.00,4,Mobile Phone,1,Single,7,1,12.00,1,2,3,164.00
54181,0,1,Computer,1,18,UPI,Female,4.00,2,Laptop & Accessory,3,Married,2,0,19.00,1,2,4,165.00
54182,1,1,Mobile Phone,3,16,Debit Card,Male,3.00,5,Mobile Phone,5,Single,9,0,24.00,1,2,4,159.00
54183,0,8,Mobile Phone,1,14,Debit Card,Female,3.00,4,Fashion,4,Single,2,0,12.00,1,2,12,245.00
54184,0,1,Phone,1,22,Debit Card,Male,4.00,4,Mobile Phone,1,Single,3,0,15.00,2,2,1,137.00
54185,1,1,Mobile Phone,1,13,Credit Card,Male,3.00,4,Mobile Phone,5,Single,4,0,12.00,1,2,4,155.00
54186,0,27,Mobile Phone,1,12,UPI,Female,3.00,4,Others,3,Married,6,0,15.00,2,5,9,316.00
54187,1,1,Computer,1,23,Debit Card,Female,4.00,6,Mobile Phone,5,Single,3,1,23.00,1,7,8,164.00
54188,0,16,Mobile Phone,3,15,E wallet,Male,3.00,4,Laptop & Accessory,4,Married,2,0,12.00,3,5,3,193.00
54189,0,18,Mobile Phone,1,14,Credit Card,Female,3.00,5,Fashion,1,Married,5,0,15.00,1,6,3,227.00
54190,0,20,Mobile Phone,3,9,E wallet,Female,3.00,4,Others,5,Single,5,0,15.00,3,3,2,314.00
54191,0,7,Mobile Phone,1,9,Credit Card,Male,4.00,4,Mobile Phone,1,Single,6,0,12.00,1,2,1,150.00
54192,0,18,Mobile Phone,1,17,UPI,Male,3.00,4,Laptop & Accessory,1,Married,4,1,14.00,1,2,4,190.00
54193,0,4,Phone,1,16,Credit Card,Male,3.00,5,Mobile Phone,3,Single,3,0,14.00,1,2,9,147.00
54194,1,3,Phone,3,12,COD,Male,3.00,4,Laptop & Accessory,1,Married,5,0,15.00,1,2,1,146.00
54195,1,1,Phone,1,7,Credit Card,Male,4.00,4,Mobile Phone,1,Married,4,1,17.00,1,3,1,148.00
54196,0,17,Mobile Phone,1,9,Credit Card,Female,4.00,2,Mobile Phone,3,Married,3,0,13.00,2,2,5,151.00
54197,1,14,Mobile Phone,3,10,E wallet,Male,3.00,5,Mobile Phone,3,Married,3,1,15.00,2,2,3,152.00
54198,0,9,Phone,3,9,E wallet,Female,4.00,4,Mobile Phone,1,Married,3,0,14.00,3,3,3,145.00
54199,0,10,Mobile Phone,1,12,Debit Card,Female,3.00,5,Mobile Phone,5,Married,11,1,15.00,2,2,1,159.00
54200,0,7,Computer,3,7,Debit Card,Female,3.00,2,Laptop & Accessory,5,Married,4,0,20.00,1,2,4,179.00
54201,0,9,Phone,1,11,UPI,Male,4.00,4,Mobile Phone,1,Married,3,0,13.00,2,2,1,145.00
54202,0,1,Phone,1,9,Debit Card,Female,3.00,4,Mobile Phone,5,Married,3,0,14.00,2,2,1,148.00
54203,1,1,Phone,1,32,Debit Card,Male,3.00,6,Mobile Phone,3,Single,3,0,13.00,1,2,2,148.00
54204,0,1,Computer,3,15,Debit Card,Male,3.00,4,Fashion,3,Single,3,0,16.00,2,2,3,212.00
54205,0,4,Computer,1,7,Credit Card,Female,3.00,4,Laptop & Accessory,1,Single,3,0,24.00,2,4,8,165.00
54206,1,5,Mobile Phone,1,19,Cash on Delivery,Female,3.00,4,Others,3,Married,3,0,15.00,2,16,9,320.00
54207,0,8,Computer,3,30,E wallet,Male,4.00,4,Laptop & Accessory,3,Single,2,0,21.00,1,9,8,171.00
54208,0,11,Mobile Phone,1,26,Debit Card,Male,4.00,4,Mobile Phone,4,Married,6,0,22.00,1,2,1,155.00
54209,0,20,Computer,3,12,E wallet,Male,4.00,4,Laptop & Accessory,1,Single,6,1,22.00,2,2,9,183.00
54210,0,9,Phone,1,15,Debit Card,Male,3.00,2,Mobile Phone,1,Married,3,0,20.00,2,2,2,148.00
54211,1,12,Mobile Phone,1,7,Debit Card,Male,4.00,5,Fashion,3,Single,11,1,14.00,1,2,1,179.00
54212,1,1,Mobile Phone,1,12,COD,Male,3.00,4,Mobile Phone,3,Single,3,1,14.00,1,3,3,159.00
54213,0,18,Mobile Phone,3,7,E wallet,Female,4.00,4,Laptop & Accessory,5,Married,7,1,22.00,2,2,4,180.00
54214,0,9,Computer,1,18,Credit Card,Male,4.00,5,Fashion,5,Married,4,1,14.00,2,3,3,224.00
54215,0,1,Mobile Phone,3,30,E wallet,Female,3.00,5,Laptop & Accessory,1,Married,9,1,20.00,1,2,1,167.00
54216,0,7,Computer,1,30,Debit Card,Female,4.00,4,Fashion,1,Single,3,1,13.00,4,2,13,260.00
54217,0,9,Computer,3,6,Debit Card,Male,4.00,4,Fashion,5,Married,3,0,23.00,1,2,3,216.00
54218,0,9,Mobile Phone,1,30,Credit Card,Female,2.00,4,Mobile Phone,5,Married,5,1,16.00,1,3,3,165.00
54219,0,5,Mobile Phone,1,14,Debit Card,Male,3.00,4,Laptop & Accessory,1,Married,5,0,23.00,1,2,8,184.00
54220,0,11,Mobile Phone,1,7,Debit Card,Male,3.00,5,Laptop & Accessory,3,Married,3,0,19.00,1,2,8,185.00
54221,0,6,Mobile Phone,1,7,Credit Card,Male,3.00,4,Laptop & Accessory,1,Married,3,1,23.00,6,8,9,187.00
54222,0,12,Computer,1,36,Debit Card,Female,3.00,4,Laptop & Accessory,1,Single,3,0,12.00,7,10,10,149.00
54223,0,24,Mobile Phone,1,14,Credit Card,Female,3.00,5,Others,3,Married,7,1,15.00,5,14,9,312.00
54224,0,31,Mobile Phone,3,32,Debit Card,Female,5.00,4,Fashion,5,Single,9,0,12.00,7,8,10,201.00
54225,0,10,Mobile Phone,1,15,Cash on Delivery,Female,3.00,4,Fashion,3,Married,3,0,14.00,8,13,3,226.00
54226,0,29,Mobile Phone,1,15,Credit Card,Female,3.00,4,Grocery,3,Married,4,1,15.00,1,2,3,273.00
54227,0,10,Computer,1,18,Debit Card,Male,4.00,5,Laptop & Accessory,4,Single,3,0,14.00,2,2,4,190.00
54228,0,19,Mobile Phone,1,14,Debit Card,Male,3.00,4,Fashion,5,Married,4,0,18.00,1,2,3,222.00
54229,0,9,Computer,1,7,Credit Card,Male,4.00,4,Mobile Phone,5,Married,6,0,14.00,1,2,3,147.00
54230,1,1,Mobile Phone,1,16,Credit Card,Male,4.00,5,Mobile Phone,3,Married,2,1,18.00,2,2,1,159.00
54231,0,31,Computer,3,7,Debit Card,Female,3.00,5,Laptop & Accessory,3,Single,9,0,12.00,2,2,4,180.00
54232,0,3,Mobile Phone,1,9,Debit Card,Male,4.00,4,Mobile Phone,4,Married,2,0,24.00,2,2,5,152.00
54233,0,5,Mobile Phone,1,7,Credit Card,Male,3.00,4,Mobile Phone,4,Single,3,0,18.00,2,2,1,150.00
54234,0,6,Mobile Phone,1,7,Debit Card,Male,4.00,4,Laptop & Accessory,4,Married,3,0,18.00,2,2,10,187.00
54235,0,10,Mobile Phone,1,13,Debit Card,Female,3.00,2,Mobile Phone,1,Married,5,0,13.00,1,2,1,155.00
54236,0,5,Mobile Phone,1,15,Debit Card,Female,4.00,4,Laptop & Accessory,1,Single,3,0,24.00,2,2,9,169.00
54237,0,9,Mobile Phone,3,7,E wallet,Male,3.00,5,Laptop & Accessory,5,Single,2,0,15.00,2,3,9,168.00
54238,0,19,Mobile Phone,1,13,UPI,Male,3.00,4,Fashion,5,Married,6,1,15.00,2,2,1,257.00
54239,0,11,Mobile Phone,1,14,Credit Card,Male,2.00,4,Fashion,3,Single,6,0,14.00,1,2,3,262.00
54240,0,20,Mobile Phone,2,12,Credit Card,Male,4.00,4,Laptop & Accessory,4,Married,3,1,23.00,2,2,3,175.00
54241,0,4,Mobile Phone,1,7,Debit Card,Male,3.00,5,Laptop & Accessory,1,Married,3,1,13.00,2,4,1,176.00
54242,0,9,Mobile Phone,1,7,Credit Card,Male,2.00,5,Mobile Phone,3,Single,3,0,19.00,2,2,5,154.00
54243,0,29,Mobile Phone,3,7,Debit Card,Male,4.00,4,Fashion,1,Married,5,0,15.00,1,2,3,227.00
54244,0,12,Computer,1,13,Credit Card,Female,4.00,6,Laptop & Accessory,1,Married,9,1,13.00,1,2,10,178.00
54245,0,8,Mobile Phone,1,7,Credit Card,Male,4.00,4,Laptop & Accessory,4,Married,3,0,16.00,2,2,4,168.00
54246,0,30,Mobile Phone,1,14,Debit Card,Male,3.00,6,Fashion,1,Single,6,0,12.00,1,2,3,198.00
54247,0,1,Phone,3,9,COD,Male,4.00,4,Mobile Phone,5,Married,5,0,14.00,2,2,1,148.00
54248,0,25,Phone,1,16,Debit Card,Male,4.00,4,Mobile Phone,1,Married,5,0,24.00,2,2,4,146.00
54249,0,4,Mobile Phone,1,9,Debit Card,Male,5.00,5,Laptop & Accessory,1,Married,3,0,20.00,4,11,9,167.00
54250,1,10,Mobile Phone,3,16,Credit Card,Male,4.00,5,Fashion,1,Single,3,0,17.00,4,5,3,221.00
54251,0,14,Computer,1,7,Debit Card,Male,4.00,5,Grocery,4,Married,3,0,23.00,6,2,12,260.00
54252,0,25,Mobile Phone,3,28,E wallet,Male,4.00,4,Laptop & Accessory,1,Single,2,1,23.00,1,2,1,179.00
54253,0,4,Mobile Phone,3,11,Credit Card,Female,4.00,5,Laptop & Accessory,4,Married,3,1,13.00,3,3,8,177.00
54254,0,20,Computer,1,7,Credit Card,Male,3.00,5,Fashion,5,Married,4,1,14.00,5,2,6,232.00
54255,0,6,Mobile Phone,3,13,Credit Card,Male,3.00,4,Laptop & Accessory,3,Single,3,0,17.00,6,6,8,175.00
54256,0,28,Mobile Phone,1,9,Cash on Delivery,Female,3.00,4,Fashion,3,Married,11,0,13.00,1,2,4,260.00
54257,0,1,Mobile Phone,3,10,UPI,Female,3.00,4,Laptop & Accessory,3,Married,2,0,22.00,1,2,3,175.00
54258,0,2,Computer,3,11,Credit Card,Male,3.00,4,Laptop & Accessory,3,Married,3,0,16.00,1,2,5,167.00
54259,0,31,Mobile Phone,3,17,Credit Card,Male,3.00,4,Grocery,3,Single,2,0,14.00,1,2,9,264.00
54260,0,18,Computer,1,30,Credit Card,Male,4.00,4,Laptop & Accessory,4,Married,6,0,13.00,1,2,3,145.00
54261,1,1,Phone,2,13,UPI,Male,4.00,4,Mobile Phone,5,Married,6,1,23.00,1,2,3,146.00
54262,0,6,Mobile Phone,1,7,Debit Card,Male,4.00,4,Mobile Phone,5,Single,3,0,14.00,1,2,1,155.00
54263,1,1,Computer,1,13,Debit Card,Female,4.00,5,Mobile Phone,1,Single,3,1,19.00,1,2,1,154.00
54264,0,8,Mobile Phone,1,13,UPI,Female,3.00,4,Laptop & Accessory,3,Single,3,0,15.00,1,3,11,173.00
54265,0,11,Computer,1,9,Debit Card,Male,4.00,5,Laptop & Accessory,1,Married,7,0,15.00,2,2,1,177.00
54266,0,31,Computer,2,9,UPI,Female,3.00,5,Others,1,Married,11,0,15.00,1,3,3,313.00
54267,0,24,Computer,1,7,Debit Card,Female,4.00,4,Others,4,Married,5,1,15.00,1,2,8,307.00
54268,1,1,Mobile Phone,3,12,E wallet,Male,3.00,5,Laptop & Accessory,3,Single,3,1,12.00,1,2,4,182.00
54269,0,1,Mobile Phone,1,14,Credit Card,Male,4.00,5,Mobile Phone,1,Married,3,0,12.00,1,3,2,154.00
54270,0,1,Mobile Phone,1,22,Credit Card,Female,3.00,4,Mobile Phone,1,Single,3,0,16.00,2,2,1,154.00
54271,0,25,Computer,1,7,Credit Card,Female,2.00,5,Fashion,5,Single,5,0,21.00,5,13,9,200.00
54272,1,1,Computer,1,14,Debit Card,Male,4.00,6,Laptop & Accessory,3,Single,3,1,25.00,2,2,7,186.00
54273,0,28,Computer,2,33,UPI,Female,2.00,2,Grocery,1,Single,4,1,15.00,3,5,5,298.00
54274,0,1,Mobile Phone,1,25,Debit Card,Male,3.00,4,Mobile Phone,3,Married,2,0,13.00,1,2,3,153.00
54275,0,8,Mobile Phone,1,13,Debit Card,Female,3.00,5,Laptop & Accessory,4,Married,8,0,16.00,2,2,1,170.00
54276,0,11,Mobile Phone,3,10,Debit Card,Male,3.00,4,Fashion,1,Single,4,0,13.00,1,2,4,199.00
54277,0,8,Mobile Phone,1,12,Credit Card,Female,3.00,5,Fashion,5,Single,4,0,13.00,3,2,9,241.00
54278,0,10,Computer,3,18,Cash on Delivery,Female,4.00,4,Fashion,1,Married,2,0,15.00,1,3,3,222.00
54279,0,10,Mobile Phone,1,10,Debit Card,Female,3.00,4,Mobile Phone,1,Married,7,0,23.00,1,2,1,153.00
54280,0,17,Computer,3,33,Debit Card,Male,4.00,4,Grocery,1,Married,3,1,15.00,2,5,13,295.00
54281,0,4,Computer,1,30,Debit Card,Male,4.00,6,Mobile Phone,3,Married,3,0,26.00,1,2,10,151.00
54282,0,7,Computer,3,29,E wallet,Male,4.00,4,Laptop & Accessory,4,Married,2,0,14.00,1,2,8,186.00
54283,1,20,Mobile Phone,1,21,Debit Card,Female,4.00,4,Mobile Phone,4,Married,11,1,19.00,4,5,4,175.00
54284,0,25,Mobile Phone,1,13,Debit Card,Male,3.00,4,Others,3,Single,9,0,15.00,9,16,16,320.00
54285,1,1,Mobile Phone,3,13,Debit Card,Male,4.00,6,Laptop & Accessory,3,Married,6,1,19.00,1,8,8,187.00
54286,0,1,Phone,1,13,UPI,Female,3.00,5,Mobile Phone,4,Married,3,0,20.00,3,5,4,149.00
54287,1,21,Mobile Phone,1,30,Credit Card,Female,4.00,4,Fashion,1,Married,3,0,13.00,8,16,3,228.00
54288,1,1,Phone,3,29,E wallet,Male,3.00,4,Mobile Phone,3,Single,3,1,20.00,2,2,1,142.00
54289,0,1,Mobile Phone,1,9,COD,Male,4.00,4,Mobile Phone,1,Married,2,0,15.00,3,3,2,150.00
54290,0,23,Mobile Phone,1,27,Credit Card,Female,4.00,4,Laptop & Accessory,5,Married,3,0,15.00,6,6,12,191.00
54291,0,17,Computer,1,35,Credit Card,Female,4.00,2,Mobile Phone,3,Single,6,0,13.00,1,2,3,172.00
54292,0,24,Computer,3,19,E wallet,Female,4.00,4,Fashion,1,Single,6,0,12.00,2,3,3,217.00
54293,1,1,Mobile Phone,3,27,Debit Card,Female,4.00,6,Laptop & Accessory,3,Married,5,1,12.00,1,3,3,171.00
54294,0,15,Mobile Phone,3,16,Debit Card,Male,4.00,4,Fashion,3,Married,5,1,14.00,1,2,8,207.00
54295,0,1,Mobile Phone,2,32,Debit Card,Female,4.00,4,Mobile Phone,3,Married,3,0,24.00,3,6,8,154.00
54296,0,10,Mobile Phone,1,13,Credit Card,Male,3.00,4,Laptop & Accessory,4,Married,8,0,21.00,1,2,2,174.00
54297,1,15,Computer,1,15,Debit Card,Male,3.00,6,Fashion,1,Single,4,0,16.00,2,2,4,232.00
54298,0,13,Mobile Phone,3,11,Debit Card,Female,3.00,5,Laptop & Accessory,3,Married,6,0,15.00,6,6,10,184.00
54299,0,1,Mobile Phone,3,35,Debit Card,Male,3.00,5,Laptop & Accessory,3,Married,4,0,19.00,2,3,3,211.00
54300,0,4,Mobile Phone,2,16,UPI,Male,3.00,4,Laptop & Accessory,1,Married,2,1,20.00,5,5,8,188.00
54301,1,1,Mobile Phone,1,16,Credit Card,Female,3.00,4,Mobile Phone,5,Single,9,0,23.00,2,2,5,167.00
54302,0,19,Mobile Phone,1,36,Credit Card,Male,3.00,4,Mobile Phone,1,Single,7,0,14.00,2,2,4,160.00
54303,0,12,Mobile Phone,1,10,COD,Female,3.00,4,Laptop & Accessory,3,Single,5,1,21.00,3,3,3,168.00
54304,0,4,Mobile Phone,1,25,Debit Card,Female,4.00,4,Mobile Phone,3,Single,3,0,15.00,2,2,5,151.00
54305,0,6,Computer,3,16,Credit Card,Male,3.00,6,Laptop & Accessory,1,Married,2,0,18.00,1,2,8,172.00
54306,0,4,Mobile Phone,1,12,COD,Female,3.00,4,Mobile Phone,5,Married,7,0,15.00,1,3,31,157.00
54307,0,4,Mobile Phone,1,9,Credit Card,Male,3.00,5,Mobile Phone,1,Single,2,0,14.00,1,2,3,152.00
54308,0,15,Computer,1,17,Debit Card,Male,4.00,5,Grocery,5,Married,6,0,15.00,3,8,8,297.00
54309,0,15,Phone,1,16,Debit Card,Male,4.00,4,Mobile Phone,5,Married,4,0,22.00,1,2,5,147.00
54310,0,1,Phone,1,10,Credit Card,Female,4.00,4,Mobile Phone,4,Single,3,0,15.00,2,2,1,140.00
54311,0,14,Computer,1,33,Credit Card,Female,3.00,4,Laptop & Accessory,4,Married,3,0,12.00,1,3,14,181.00
54312,0,9,Mobile Phone,3,7,E wallet,Male,4.00,4,Fashion,4,Married,3,0,14.00,1,2,7,198.00
54313,0,27,Phone,3,13,E wallet,Male,3.00,4,Laptop & Accessory,3,Married,4,1,21.00,1,5,6,148.00
54314,0,19,Phone,1,16,Debit Card,Male,3.00,4,Laptop & Accessory,4,Married,10,0,19.00,2,2,16,148.00
54315,0,6,Computer,3,15,E wallet,Female,3.00,4,Fashion,1,Single,3,0,15.00,3,4,3,215.00
54316,0,3,Computer,1,7,COD,Male,3.00,4,Laptop & Accessory,3,Married,3,0,14.00,1,2,10,168.00
54317,0,25,Mobile Phone,1,14,Credit Card,Male,3.00,5,Laptop & Accessory,3,Married,4,0,18.00,2,2,1,186.00
54318,0,31,Mobile Phone,1,16,Credit Card,Female,4.00,5,Mobile Phone,4,Married,6,1,21.00,2,2,1,158.00
54319,0,14,Mobile Phone,3,11,E wallet,Male,4.00,5,Fashion,1,Married,9,0,12.00,2,2,12,234.00
54320,0,8,Computer,3,9,E wallet,Female,4.00,4,Mobile Phone,3,Married,8,0,19.00,1,2,3,147.00
54321,0,1,Phone,1,26,Credit Card,Male,4.00,4,Mobile Phone,1,Married,3,0,25.00,3,3,3,148.00
54322,0,1,Computer,1,16,Credit Card,Male,3.00,4,Mobile Phone,4,Married,8,0,19.00,3,3,3,145.00
54323,0,2,Mobile Phone,1,28,Credit Card,Male,3.00,4,Mobile Phone,1,Married,3,0,12.00,1,2,3,152.00
54324,0,31,Mobile Phone,1,31,Debit Card,Male,3.00,2,Fashion,1,Married,5,1,17.00,2,2,3,219.00
54325,0,1,Computer,1,10,Credit Card,Male,4.00,5,Mobile Phone,3,Married,3,1,16.00,1,2,2,151.00
54326,0,24,Mobile Phone,1,18,Debit Card,Female,3.00,4,Others,4,Single,5,0,16.00,1,5,5,324.00
54327,0,15,Mobile Phone,1,21,Debit Card,Male,3.00,4,Mobile Phone,3,Married,6,0,13.00,2,2,9,150.00
54328,0,4,Mobile Phone,3,12,Debit Card,Female,3.00,4,Fashion,1,Married,4,0,13.00,2,8,3,219.00
54329,0,12,Mobile Phone,3,7,Debit Card,Female,3.00,5,Laptop & Accessory,1,Single,6,0,23.00,1,2,3,212.00
54330,0,6,Mobile Phone,1,13,Debit Card,Male,3.00,4,Mobile Phone,3,Single,5,0,21.00,1,2,5,155.00
54331,0,1,Mobile Phone,1,24,COD,Male,3.00,4,Mobile Phone,4,Married,2,1,17.00,1,2,2,156.00
54332,1,1,Computer,3,7,COD,Female,4.00,6,Mobile Phone,5,Single,2,0,22.00,2,2,1,148.00
54333,0,10,Computer,1,10,Credit Card,Male,2.00,4,Mobile Phone,4,Single,6,0,13.00,3,8,3,146.00
54334,0,4,Computer,1,16,Credit Card,Male,4.00,4,Laptop & Accessory,5,Married,3,0,12.00,6,7,11,156.00
54335,0,19,Mobile Phone,3,11,Debit Card,Female,2.00,4,Laptop & Accessory,5,Married,6,1,12.00,1,2,4,175.00
54336,0,30,Mobile Phone,1,15,Debit Card,Female,4.00,4,Mobile Phone,5,Married,6,1,19.00,3,3,3,168.00
54337,0,7,Mobile Phone,1,9,Debit Card,Male,3.00,4,Mobile Phone,1,Single,2,0,15.00,2,2,3,150.00
54338,1,1,Phone,1,9,Debit Card,Male,3.00,5,Mobile Phone,1,Single,3,0,23.00,2,2,1,136.00
54339,0,20,Mobile Phone,3,7,E wallet,Female,4.00,4,Fashion,5,Married,3,0,26.00,9,16,3,230.00
54340,0,12,Phone,1,16,Debit Card,Female,4.00,4,Mobile Phone,1,Single,3,0,13.00,2,3,2,148.00
54341,0,5,Mobile Phone,1,19,Credit Card,Female,4.00,4,Mobile Phone,1,Married,10,1,24.00,2,2,3,164.00
54342,0,8,Phone,1,34,Credit Card,Female,4.00,4,Mobile Phone,4,Single,4,0,16.00,1,2,3,148.00
54343,1,5,Mobile Phone,3,27,E wallet,Female,4.00,4,Mobile Phone,4,Single,3,1,23.00,1,2,3,156.00
54344,0,24,Mobile Phone,1,7,Credit Card,Male,3.00,5,Mobile Phone,3,Married,4,0,16.00,2,2,3,162.00
54345,0,27,Mobile Phone,1,20,Credit Card,Female,3.00,2,Laptop & Accessory,5,Married,3,0,12.00,2,2,4,170.00
54346,0,7,Mobile Phone,1,21,Credit Card,Female,4.00,4,Mobile Phone,4,Married,3,0,14.00,2,2,7,153.00
54347,0,14,Mobile Phone,1,11,Credit Card,Female,3.00,4,Others,3,Married,3,0,15.00,2,10,10,315.00
54348,0,29,Mobile Phone,1,21,Credit Card,Male,4.00,2,Others,4,Single,10,0,15.00,3,3,16,312.00
54349,0,8,Computer,1,9,Debit Card,Male,3.00,5,Laptop & Accessory,3,Married,3,0,18.00,1,2,3,220.00
54350,0,25,Mobile Phone,1,10,Credit Card,Female,4.00,4,Grocery,4,Single,5,0,19.00,1,2,1,262.00
54351,0,26,Mobile Phone,1,7,Debit Card,Male,4.00,5,Others,3,Married,2,0,15.00,8,12,10,325.00
54352,0,1,Phone,1,16,Credit Card,Female,5.00,4,Mobile Phone,4,Single,3,0,17.00,1,2,4,148.00
54353,1,1,Mobile Phone,1,30,Debit Card,Male,3.00,5,Laptop & Accessory,3,Married,5,1,14.00,2,2,2,184.00
54354,0,17,Computer,1,14,Credit Card,Male,3.00,2,Mobile Phone,1,Married,6,0,15.00,2,3,3,146.00
54355,0,19,Computer,1,9,Credit Card,Male,4.00,5,Grocery,1,Married,11,0,15.00,2,12,9,293.00
54356,0,11,Mobile Phone,1,28,Debit Card,Male,4.00,2,Mobile Phone,5,Married,3,1,13.00,2,2,8,161.00
54357,0,9,Computer,1,9,Credit Card,Female,3.00,4,Laptop & Accessory,4,Single,7,0,12.00,1,2,3,169.00
54358,0,16,Computer,1,28,Credit Card,Female,3.00,4,Laptop & Accessory,3,Married,4,0,17.00,1,2,3,178.00
54359,0,12,Mobile Phone,1,9,Debit Card,Male,3.00,4,Laptop & Accessory,3,Married,11,0,15.00,2,2,1,191.00
54360,0,12,Mobile Phone,1,36,COD,Male,3.00,4,Laptop & Accessory,1,Married,5,0,19.00,1,2,8,188.00
54361,0,1,Computer,1,7,COD,Male,3.00,5,Laptop & Accessory,5,Married,7,0,20.00,3,3,1,168.00
54362,0,23,Computer,1,25,Debit Card,Male,4.00,4,Laptop & Accessory,1,Married,3,1,16.00,1,2,8,193.00
54363,0,8,Computer,1,17,Credit Card,Male,3.00,4,Mobile Phone,3,Married,3,1,18.00,3,3,1,163.00
54364,0,14,Mobile Phone,1,26,Credit Card,Male,2.00,4,Laptop & Accessory,1,Married,10,1,16.00,4,4,8,152.00
54365,1,2,Mobile Phone,1,36,Credit Card,Male,4.00,4,Laptop & Accessory,5,Married,9,1,20.00,2,2,1,192.00
54366,1,1,Mobile Phone,3,34,E wallet,Female,3.00,4,Fashion,1,Married,3,0,23.00,1,2,10,201.00
54367,0,1,Phone,1,12,Debit Card,Male,3.00,2,Mobile Phone,4,Married,3,1,17.00,3,3,3,148.00
54368,0,10,Computer,1,25,Credit Card,Female,4.00,4,Mobile Phone,1,Single,3,0,14.00,1,2,8,147.00
54369,0,14,Computer,1,16,Debit Card,Male,4.00,5,Laptop & Accessory,1,Married,11,0,15.00,1,2,3,174.00
54370,0,20,Mobile Phone,1,7,Credit Card,Male,4.00,4,Fashion,5,Married,9,0,17.00,1,2,3,219.00
54371,1,1,Mobile Phone,3,11,Credit Card,Male,3.00,6,Fashion,1,Married,3,0,12.00,7,10,3,229.00
54372,0,4,Computer,1,7,Debit Card,Male,3.00,5,Fashion,3,Single,3,0,23.00,5,6,3,210.00
54373,0,1,Computer,3,27,Debit Card,Female,3.00,4,Laptop & Accessory,3,Single,3,0,15.00,2,2,3,225.00
54374,0,25,Mobile Phone,1,15,Debit Card,Male,3.00,5,Fashion,4,Married,7,0,17.00,3,2,8,250.00
54375,1,1,Mobile Phone,1,10,COD,Female,3.00,4,Mobile Phone,5,Single,7,1,12.00,1,2,5,152.00
54376,0,15,Mobile Phone,3,13,Debit Card,Female,4.00,4,Fashion,1,Single,5,1,19.00,1,2,1,261.00
54377,1,1,Computer,3,33,E wallet,Female,3.00,5,Laptop & Accessory,5,Single,7,0,16.00,2,2,2,192.00
54378,1,1,Phone,1,7,COD,Male,3.00,4,Mobile Phone,3,Single,2,0,15.00,1,2,6,146.00
54379,0,19,Computer,3,13,Credit Card,Female,3.00,5,Fashion,1,Single,8,0,13.00,6,13,3,214.00
54380,0,28,Mobile Phone,3,10,E wallet,Female,3.00,4,Laptop & Accessory,5,Married,4,0,15.00,2,2,6,184.00
54381,0,10,Mobile Phone,1,12,Debit Card,Male,4.00,4,Laptop & Accessory,4,Single,10,0,17.00,3,4,8,184.00
54382,0,7,Mobile Phone,1,11,Credit Card,Female,3.00,5,Mobile Phone,4,Married,8,0,22.00,1,2,2,151.00
54383,0,11,Computer,1,18,UPI,Male,3.00,4,Fashion,1,Married,3,1,15.00,2,2,8,247.00
54384,0,12,Mobile Phone,3,10,Debit Card,Male,4.00,4,Fashion,3,Married,2,0,13.00,2,6,3,231.00
54385,0,5,Computer,1,7,Credit Card,Male,3.00,6,Laptop & Accessory,3,Married,2,0,13.00,1,2,5,168.00
54386,0,31,Phone,1,10,Debit Card,Male,4.00,5,Mobile Phone,1,Married,5,0,18.00,1,2,1,147.00
54387,0,11,Computer,3,11,E wallet,Male,3.00,4,Mobile Phone,1,Married,6,0,18.00,4,6,9,153.00
54388,0,3,Computer,3,7,Credit Card,Female,3.00,4,Fashion,1,Married,3,0,15.00,5,5,2,204.00
54389,0,9,Computer,3,7,E wallet,Female,4.00,4,Fashion,3,Single,3,0,15.00,2,2,3,213.00
54390,1,1,Phone,1,25,Credit Card,Male,3.00,5,Mobile Phone,1,Single,3,1,14.00,1,2,2,149.00
54391,0,26,Mobile Phone,1,9,Debit Card,Female,3.00,5,Mobile Phone,1,Single,9,0,16.00,3,3,3,157.00
54392,0,16,Mobile Phone,1,11,Cash on Delivery,Male,3.00,4,Others,1,Married,3,0,15.00,1,12,16,317.00
54393,0,31,Phone,2,13,Credit Card,Male,3.00,4,Mobile Phone,3,Married,10,0,18.00,1,3,3,148.00
54394,0,24,Mobile Phone,3,7,Credit Card,Female,4.00,4,Others,1,Married,5,0,15.00,2,2,7,320.00
54395,1,1,Phone,1,21,Credit Card,Male,3.00,4,Mobile Phone,1,Married,7,1,14.00,2,2,5,149.00
54396,0,17,Mobile Phone,3,23,E wallet,Female,4.00,4,Grocery,1,Married,7,1,23.00,1,2,10,286.00
54397,1,1,Mobile Phone,1,9,Debit Card,Female,3.00,4,Mobile Phone,5,Married,9,0,21.00,2,2,8,152.00
54398,0,26,Computer,3,9,Debit Card,Male,4.00,5,Others,3,Single,3,1,15.00,2,16,13,316.00
54399,0,6,Mobile Phone,3,11,Debit Card,Female,3.00,4,Mobile Phone,4,Married,4,0,12.00,2,2,3,164.00
54400,1,1,Mobile Phone,1,7,Debit Card,Male,4.00,5,Mobile Phone,3,Single,2,1,15.00,1,2,3,162.00
54401,0,13,Phone,1,7,Credit Card,Female,4.00,4,Mobile Phone,3,Married,9,0,15.00,2,2,3,147.00
54402,0,6,Computer,3,33,E wallet,Male,4.00,4,Laptop & Accessory,1,Married,2,0,19.00,3,3,3,170.00
54403,0,15,Mobile Phone,1,26,Debit Card,Male,3.00,4,Laptop & Accessory,5,Married,4,0,17.00,1,2,1,156.00
54404,0,14,Mobile Phone,1,31,COD,Male,4.00,4,Laptop & Accessory,1,Married,3,0,18.00,3,5,8,158.00
54405,0,19,Mobile Phone,1,7,UPI,Male,4.00,2,Others,1,Married,2,0,15.00,2,2,8,317.00
54406,0,5,Computer,1,10,Credit Card,Male,4.00,4,Fashion,3,Married,11,0,13.00,1,3,3,262.00
54407,0,7,Mobile Phone,1,12,Debit Card,Female,4.00,5,Mobile Phone,1,Married,3,0,14.00,1,2,3,154.00
54408,0,8,Mobile Phone,1,9,Debit Card,Male,3.00,5,Laptop & Accessory,5,Married,8,0,14.00,1,6,10,185.00
54409,0,11,Mobile Phone,1,7,Credit Card,Female,3.00,5,Mobile Phone,5,Married,4,0,15.00,1,2,3,164.00
54410,0,19,Computer,1,14,Debit Card,Male,4.00,2,Laptop & Accessory,3,Married,6,0,18.00,2,2,3,189.00
54411,1,1,Computer,1,17,Credit Card,Male,4.00,4,Fashion,3,Married,8,0,12.00,1,2,3,225.00
54412,0,13,Computer,1,9,Cash on Delivery,Female,4.00,4,Fashion,3,Single,2,0,26.00,7,2,9,234.00
54413,0,3,Phone,1,22,Debit Card,Male,3.00,4,Mobile Phone,1,Single,3,0,20.00,2,2,6,148.00
54414,0,16,Mobile Phone,1,24,Debit Card,Female,3.00,2,Laptop & Accessory,5,Single,5,1,14.00,2,2,3,190.00
54415,0,3,Mobile Phone,3,27,E wallet,Male,3.00,4,Laptop & Accessory,1,Married,4,0,15.00,2,2,3,194.00
54416,0,1,Mobile Phone,1,7,Debit Card,Female,4.00,4,Laptop & Accessory,3,Married,2,0,13.00,2,2,3,174.00
54417,0,16,Mobile Phone,1,9,Credit Card,Female,3.00,5,Mobile Phone,5,Married,2,1,12.00,8,8,9,151.00
54418,0,14,Mobile Phone,1,9,Credit Card,Male,3.00,4,Others,3,Married,2,0,15.00,4,4,10,319.00
54419,0,25,Mobile Phone,1,7,Debit Card,Male,4.00,4,Mobile Phone,1,Married,3,0,12.00,2,2,1,152.00
54420,1,1,Computer,1,36,Credit Card,Male,4.00,5,Mobile Phone,4,Single,2,0,12.00,1,2,5,160.00
54421,0,6,Computer,1,14,Debit Card,Male,4.00,2,Mobile Phone,4,Married,3,0,21.00,1,2,4,153.00
54422,0,12,Computer,3,9,Debit Card,Male,3.00,5,Laptop & Accessory,1,Married,5,0,19.00,2,8,6,177.00
54423,0,6,Phone,1,9,COD,Male,3.00,5,Laptop & Accessory,5,Single,6,0,14.00,1,2,5,147.00
54424,0,20,Mobile Phone,3,9,Cash on Delivery,Female,4.00,6,Grocery,4,Married,5,1,15.00,7,8,8,294.00
54425,1,1,Mobile Phone,1,9,Debit Card,Male,4.00,4,Mobile Phone,3,Single,4,0,12.00,1,2,1,160.00
54426,0,3,Mobile Phone,3,9,Credit Card,Male,4.00,5,Laptop & Accessory,4,Married,4,0,20.00,2,2,1,191.00
54427,0,5,Mobile Phone,1,30,Credit Card,Male,4.00,5,Laptop & Accessory,1,Married,2,0,22.00,1,8,9,181.00
54428,0,1,Computer,1,12,Debit Card,Male,3.00,2,Laptop & Accessory,5,Married,3,0,13.00,2,2,6,165.00
54429,0,19,Mobile Phone,1,27,Credit Card,Male,4.00,4,Grocery,1,Married,2,1,15.00,3,2,11,260.00
54430,0,10,Mobile Phone,1,13,Debit Card,Male,3.00,4,Mobile Phone,1,Married,2,0,12.00,2,11,12,157.00
54431,0,29,Mobile Phone,1,7,Credit Card,Male,3.00,4,Others,5,Single,2,1,15.00,4,5,14,315.00
54432,1,11,Computer,1,36,Debit Card,Male,3.00,4,Fashion,4,Married,3,1,13.00,5,2,10,243.00
54433,0,2,Phone,1,16,Credit Card,Male,4.00,4,Mobile Phone,1,Married,3,0,24.00,2,2,5,146.00
54434,0,11,Mobile Phone,3,13,Credit Card,Male,4.00,4,Laptop & Accessory,1,Married,6,0,15.00,2,2,2,190.00
54435,0,1,Mobile Phone,1,10,Credit Card,Male,4.00,5,Mobile Phone,3,Single,3,0,18.00,2,2,1,157.00
54436,0,11,Computer,1,7,Credit Card,Female,4.00,4,Fashion,1,Married,4,1,19.00,1,2,3,261.00
54437,0,9,Mobile Phone,1,29,Debit Card,Female,4.00,2,Fashion,4,Married,9,0,19.00,6,2,3,245.00
54438,0,12,Mobile Phone,3,14,Credit Card,Female,3.00,2,Laptop & Accessory,5,Married,3,1,25.00,5,8,8,181.00
54439,0,1,Computer,1,7,Debit Card,Female,3.00,4,Laptop & Accessory,4,Married,3,0,21.00,2,2,5,189.00
54440,0,24,Mobile Phone,1,11,Debit Card,Male,4.00,4,Others,4,Married,5,0,15.00,1,2,7,316.00
54441,0,27,Mobile Phone,1,10,Credit Card,Male,3.00,4,Grocery,3,Married,5,1,15.00,2,2,4,301.00
54442,0,16,Mobile Phone,3,7,Debit Card,Male,2.00,4,Laptop & Accessory,3,Married,3,0,26.00,7,12,7,174.00
54443,0,3,Computer,3,9,Debit Card,Male,3.00,4,Laptop & Accessory,1,Single,3,0,19.00,1,2,10,171.00
54444,0,29,Mobile Phone,1,27,COD,Male,3.00,4,Laptop & Accessory,1,Married,5,1,20.00,1,2,9,179.00
54445,0,1,Computer,1,18,Credit Card,Male,3.00,4,Laptop & Accessory,5,Married,3,1,14.00,2,4,4,172.00
54446,0,11,Phone,1,7,Debit Card,Female,3.00,4,Mobile Phone,1,Single,3,0,13.00,2,6,8,146.00
54447,1,8,Computer,1,31,Debit Card,Male,3.00,4,Mobile Phone,3,Married,5,1,23.00,1,2,1,157.00
54448,0,12,Mobile Phone,1,30,Debit Card,Male,3.00,4,Laptop & Accessory,1,Married,11,0,15.00,1,2,3,182.00
54449,1,1,Phone,1,23,Credit Card,Male,3.00,4,Mobile Phone,4,Married,4,1,14.00,2,2,3,149.00
54450,0,2,Mobile Phone,1,15,Debit Card,Female,4.00,4,Mobile Phone,1,Single,3,0,22.00,2,2,3,158.00
54451,0,23,Computer,1,17,Debit Card,Female,3.00,4,Others,5,Single,11,1,15.00,1,2,3,312.00
54452,0,10,Mobile Phone,1,10,COD,Male,2.00,4,Laptop & Accessory,4,Single,6,0,13.00,3,8,8,170.00
54453,0,5,Computer,3,12,E wallet,Female,3.00,4,Mobile Phone,4,Married,3,0,12.00,1,3,3,153.00
54454,1,1,Mobile Phone,3,11,E wallet,Male,3.00,5,Laptop & Accessory,1,Single,3,1,13.00,5,8,5,183.00
54455,0,11,Computer,1,16,Credit Card,Male,3.00,4,Mobile Phone,1,Married,3,1,13.00,1,2,3,148.00
54456,0,16,Computer,3,33,E wallet,Female,4.00,4,Grocery,4,Married,7,0,15.00,4,2,9,260.00
54457,1,1,Phone,1,10,Debit Card,Male,3.00,4,Mobile Phone,3,Single,3,0,14.00,2,2,1,139.00
54458,0,9,Mobile Phone,3,23,E wallet,Male,4.00,4,Fashion,4,Married,2,0,16.00,4,7,10,205.00
54459,0,10,Computer,1,25,Debit Card,Male,3.00,2,Mobile Phone,1,Married,6,0,19.00,2,2,1,162.00
54460,0,25,Mobile Phone,1,9,Credit Card,Male,3.00,6,Laptop & Accessory,4,Married,7,0,19.00,1,2,3,180.00
54461,0,15,Mobile Phone,3,9,Debit Card,Male,3.00,4,Grocery,4,Single,3,0,20.00,1,2,5,285.00
54462,0,1,Phone,3,17,Credit Card,Female,4.00,5,Mobile Phone,3,Single,3,0,13.00,1,2,1,137.00
54463,0,2,Mobile Phone,1,23,Credit Card,Male,4.00,2,Laptop & Accessory,5,Single,2,0,20.00,1,2,8,182.00
54464,0,5,Mobile Phone,3,14,Cash on Delivery,Male,4.00,2,Laptop & Accessory,1,Married,6,0,12.00,4,8,8,194.00
54465,0,13,Mobile Phone,1,7,Credit Card,Male,3.00,2,Fashion,1,Married,2,0,18.00,2,4,3,221.00
54466,0,10,Computer,1,31,Debit Card,Female,3.00,4,Laptop & Accessory,4,Married,9,0,16.00,2,2,9,182.00
54467,0,6,Mobile Phone,3,14,Debit Card,Male,4.00,5,Laptop & Accessory,3,Married,3,0,15.00,4,5,9,180.00
54468,0,12,Mobile Phone,1,32,Debit Card,Female,3.00,5,Fashion,4,Married,5,0,18.00,1,2,2,246.00
54469,0,31,Computer,1,7,Debit Card,Male,3.00,6,Laptop & Accessory,3,Married,4,1,14.00,2,2,3,182.00
54470,0,5,Mobile Phone,1,12,COD,Male,3.00,4,Mobile Phone,1,Married,2,1,13.00,2,2,4,173.00
54471,0,5,Mobile Phone,2,9,UPI,Male,4.00,5,Laptop & Accessory,5,Married,5,0,13.00,1,2,1,189.00
54472,0,19,Computer,1,14,Debit Card,Male,4.00,4,Fashion,5,Married,3,0,19.00,3,10,12,177.00
54473,0,5,Mobile Phone,1,9,Debit Card,Male,3.00,4,Mobile Phone,1,Married,2,1,19.00,3,3,3,152.00
54474,0,7,Computer,1,12,Debit Card,Female,4.00,4,Fashion,4,Married,8,0,12.00,8,2,9,244.00
54475,0,1,Mobile Phone,1,17,Credit Card,Male,4.00,4,Grocery,5,Married,3,1,15.00,2,12,11,296.00
54476,0,17,Computer,1,17,Debit Card,Female,3.00,4,Mobile Phone,1,Single,2,0,20.00,1,2,8,150.00
54477,0,23,Mobile Phone,1,7,Cash on Delivery,Female,3.00,5,Grocery,3,Single,9,1,13.00,1,2,8,265.00
54478,1,16,Mobile Phone,1,15,Credit Card,Male,3.00,5,Laptop & Accessory,4,Married,4,0,16.00,8,8,8,174.00
54479,0,1,Mobile Phone,1,12,Debit Card,Female,3.00,4,Mobile Phone,4,Single,3,1,13.00,1,2,3,150.00
54480,0,6,Mobile Phone,3,15,COD,Female,4.00,5,Laptop & Accessory,4,Married,3,1,12.00,12,12,10,177.00
54481,0,1,Mobile Phone,3,9,Debit Card,Male,4.00,4,Laptop & Accessory,3,Single,3,1,12.00,1,2,5,170.00
54482,0,5,Mobile Phone,3,14,E wallet,Male,4.00,4,Laptop & Accessory,1,Married,6,0,13.00,1,2,8,200.00
54483,0,6,Mobile Phone,1,9,Credit Card,Female,4.00,2,Laptop & Accessory,1,Single,9,0,17.00,1,2,8,176.00
54484,1,1,Mobile Phone,1,9,Credit Card,Male,3.00,6,Mobile Phone,1,Married,7,1,14.00,2,3,3,160.00
54485,0,4,Mobile Phone,1,35,Credit Card,Female,4.00,4,Laptop & Accessory,1,Married,3,0,14.00,2,2,10,183.00
54486,0,5,Computer,1,14,Debit Card,Female,3.00,5,Fashion,3,Married,3,0,25.00,8,9,3,214.00
54487,0,13,Computer,1,14,Credit Card,Male,3.00,5,Others,1,Married,3,0,15.00,7,14,4,318.00
54488,1,3,Mobile Phone,3,10,Credit Card,Female,3.00,4,Laptop & Accessory,3,Married,6,1,19.00,2,2,1,177.00
54489,0,7,Computer,3,17,E wallet,Male,3.00,5,Laptop & Accessory,1,Single,5,0,15.00,2,2,2,172.00
54490,0,21,Mobile Phone,1,12,Debit Card,Male,3.00,4,Others,3,Married,6,0,15.00,2,2,2,308.00
54491,0,17,Computer,1,17,Debit Card,Female,3.00,5,Laptop & Accessory,3,Married,3,0,12.00,2,2,1,178.00
54492,0,1,Computer,3,7,E wallet,Male,4.00,4,Laptop & Accessory,4,Married,2,1,14.00,1,2,5,188.00
54493,0,28,Computer,1,27,Debit Card,Female,3.00,4,Laptop & Accessory,3,Single,5,0,13.00,1,2,4,174.00
54494,0,17,Mobile Phone,1,14,Debit Card,Female,3.00,4,Fashion,5,Married,10,0,17.00,2,2,3,225.00
54495,0,19,Mobile Phone,1,15,UPI,Male,4.00,4,Laptop & Accessory,1,Married,11,0,15.00,9,10,9,162.00
54496,0,14,Mobile Phone,3,7,Credit Card,Male,3.00,6,Laptop & Accessory,1,Married,4,1,23.00,2,2,3,200.00
54497,1,1,Phone,1,15,UPI,Male,4.00,6,Mobile Phone,5,Married,3,1,12.00,1,2,8,146.00
54498,0,3,Mobile Phone,1,16,UPI,Male,2.00,5,Mobile Phone,1,Single,2,0,18.00,2,3,3,165.00
54499,0,4,Mobile Phone,3,12,E wallet,Female,2.00,5,Laptop & Accessory,3,Married,3,0,14.00,2,2,3,186.00
54500,0,1,Mobile Phone,3,15,E wallet,Female,3.00,4,Laptop & Accessory,4,Married,3,0,19.00,1,2,8,187.00
54501,0,11,Mobile Phone,1,12,Credit Card,Male,4.00,4,Laptop & Accessory,1,Married,9,0,17.00,2,2,5,188.00
54502,0,12,Mobile Phone,1,22,Debit Card,Male,4.00,5,Fashion,1,Married,2,1,15.00,3,2,10,240.00
54503,0,5,Mobile Phone,1,14,Credit Card,Female,3.00,4,Fashion,1,Single,3,1,15.00,5,5,11,196.00
54504,0,3,Mobile Phone,3,17,E wallet,Female,3.00,5,Laptop & Accessory,4,Married,3,1,15.00,2,2,8,208.00
54505,0,9,Mobile Phone,1,12,Cash on Delivery,Male,4.00,4,Fashion,4,Single,2,0,14.00,2,2,14,206.00
54506,0,1,Mobile Phone,1,33,Debit Card,Male,3.00,4,Mobile Phone,1,Married,3,0,13.00,1,2,3,154.00
54507,0,15,Mobile Phone,1,13,Credit Card,Male,4.00,5,Laptop & Accessory,4,Single,8,1,16.00,2,2,3,185.00
54508,0,21,Computer,3,11,Credit Card,Male,4.00,4,Laptop & Accessory,3,Single,5,0,20.00,1,2,1,155.00
54509,0,16,Mobile Phone,1,30,Debit Card,Female,3.00,4,Grocery,1,Single,4,0,15.00,1,2,1,285.00
54510,0,3,Computer,3,9,Debit Card,Male,4.00,4,Laptop & Accessory,3,Married,3,0,15.00,2,2,3,171.00
54511,0,16,Mobile Phone,2,9,COD,Male,3.00,4,Mobile Phone,3,Married,2,1,12.00,2,2,1,152.00
54512,0,6,Phone,1,9,Credit Card,Female,4.00,4,Mobile Phone,4,Married,3,0,14.00,1,2,8,149.00
54513,0,22,Mobile Phone,3,36,Credit Card,Female,4.00,4,Fashion,3,Married,5,0,22.00,1,2,1,250.00
54514,0,11,Mobile Phone,1,13,Credit Card,Male,3.00,2,Laptop & Accessory,5,Married,6,1,14.00,7,7,8,185.00
54515,0,4,Computer,3,32,COD,Female,3.00,4,Laptop & Accessory,3,Married,9,1,13.00,3,3,3,172.00
54516,0,1,Mobile Phone,3,7,Debit Card,Male,3.00,4,Laptop & Accessory,3,Married,3,0,18.00,1,8,8,178.00
54517,0,16,Mobile Phone,1,9,UPI,Male,4.00,5,Laptop & Accessory,1,Single,5,0,24.00,2,2,1,193.00
54518,1,1,Computer,3,7,COD,Female,4.00,5,Mobile Phone,4,Single,3,1,12.00,2,2,3,147.00
54519,0,10,Computer,3,7,Credit Card,Female,3.00,4,Laptop & Accessory,1,Single,6,0,16.00,2,2,1,192.00
54520,0,10,Computer,3,10,Credit Card,Male,3.00,5,Fashion,1,Married,6,0,12.00,1,2,3,222.00
54521,0,31,Mobile Phone,1,7,Credit Card,Male,3.00,4,Laptop & Accessory,3,Married,4,0,12.00,1,2,3,193.00
54522,0,14,Phone,1,17,Debit Card,Female,3.00,2,Mobile Phone,3,Married,5,1,14.00,1,2,8,147.00
54523,0,1,Computer,3,16,Credit Card,Male,3.00,4,Mobile Phone,1,Single,3,0,25.00,3,3,3,151.00
54524,1,1,Mobile Phone,3,12,E wallet,Female,3.00,4,Mobile Phone,3,Single,3,1,14.00,1,2,1,154.00
54525,0,11,Mobile Phone,1,17,Credit Card,Female,4.00,4,Mobile Phone,5,Married,8,0,21.00,2,2,4,160.00
54526,0,20,Computer,1,14,Credit Card,Female,2.00,4,Laptop & Accessory,3,Married,4,0,15.00,2,2,1,178.00
54527,1,5,Computer,3,11,E wallet,Male,3.00,4,Laptop & Accessory,4,Single,3,0,19.00,5,8,3,219.00
54528,0,24,Mobile Phone,1,17,Cash on Delivery,Male,4.00,5,Fashion,1,Single,8,0,16.00,2,2,3,230.00
54529,1,4,Mobile Phone,3,29,E wallet,Male,4.00,5,Laptop & Accessory,3,Married,4,1,13.00,2,2,1,189.00
54530,0,5,Mobile Phone,1,16,Debit Card,Male,3.00,5,Mobile Phone,4,Single,2,1,17.00,3,3,3,152.00
54531,1,1,Mobile Phone,3,19,Debit Card,Female,3.00,2,Mobile Phone,4,Single,3,0,16.00,1,2,1,152.00
54532,0,3,Phone,1,30,Debit Card,Male,3.00,4,Mobile Phone,1,Single,11,0,17.00,1,2,3,147.00
54533,0,9,Mobile Phone,1,16,Debit Card,Male,4.00,5,Laptop & Accessory,4,Single,11,0,20.00,1,2,1,190.00
54534,0,1,Mobile Phone,1,7,Credit Card,Male,3.00,4,Mobile Phone,4,Married,3,0,12.00,1,2,5,163.00
54535,0,2,Mobile Phone,3,16,Debit Card,Male,4.00,4,Laptop & Accessory,1,Single,3,0,17.00,2,2,8,178.00
54536,0,23,Mobile Phone,1,14,UPI,Male,3.00,5,Fashion,3,Single,10,0,25.00,2,2,1,235.00
54537,0,25,Mobile Phone,3,21,Debit Card,Female,3.00,4,Laptop & Accessory,1,Married,6,0,12.00,2,2,8,174.00
54538,0,10,Mobile Phone,1,9,Debit Card,Female,4.00,4,Mobile Phone,3,Married,6,0,14.00,3,3,3,150.00
54539,1,1,Computer,3,26,E wallet,Male,4.00,2,Laptop & Accessory,1,Single,10,1,14.00,1,2,5,178.00
54540,0,29,Mobile Phone,1,9,Debit Card,Female,4.00,4,Grocery,1,Single,4,1,14.00,1,2,3,292.00
54541,0,1,Mobile Phone,3,17,E wallet,Female,4.00,4,Laptop & Accessory,3,Married,3,1,13.00,1,2,4,168.00
54542,0,4,Mobile Phone,3,9,COD,Male,4.00,4,Mobile Phone,4,Married,3,0,19.00,2,2,1,150.00
54543,1,1,Computer,1,10,COD,Male,4.00,4,Mobile Phone,5,Single,2,0,23.00,1,2,5,156.00
54544,0,1,Phone,1,18,Credit Card,Female,3.00,4,Mobile Phone,4,Married,3,0,14.00,2,2,3,147.00
54545,0,10,Mobile Phone,3,9,Credit Card,Male,4.00,5,Fashion,3,Married,3,0,14.00,9,10,1,201.00
54546,1,1,Computer,1,11,COD,Male,3.00,4,Mobile Phone,1,Single,11,1,24.00,2,2,1,148.00
54547,0,11,Mobile Phone,1,21,Debit Card,Female,4.00,4,Mobile Phone,5,Married,3,0,13.00,11,13,18,155.00
54548,0,14,Mobile Phone,3,9,E wallet,Female,3.00,4,Laptop & Accessory,4,Married,9,0,13.00,1,2,4,182.00
54549,0,16,Mobile Phone,1,7,Debit Card,Female,4.00,4,Mobile Phone,5,Married,5,0,17.00,1,2,3,151.00
54550,0,11,Mobile Phone,1,17,Debit Card,Male,3.00,4,Laptop & Accessory,4,Single,4,1,13.00,1,2,2,167.00
54551,0,17,Mobile Phone,1,19,Debit Card,Male,3.00,5,Grocery,4,Married,3,0,12.00,1,4,10,268.00
54552,0,14,Mobile Phone,1,9,Credit Card,Female,4.00,5,Laptop & Accessory,3,Married,8,0,23.00,2,2,1,159.00
54553,0,28,Mobile Phone,1,12,Credit Card,Male,3.00,4,Others,5,Married,6,0,15.00,2,2,3,319.00
54554,0,8,Computer,3,11,E wallet,Female,4.00,4,Laptop & Accessory,3,Married,11,0,16.00,1,2,3,190.00
54555,0,5,Mobile Phone,1,14,Credit Card,Female,3.00,4,Laptop & Accessory,5,Married,3,0,13.00,4,4,13,168.00
54556,0,17,Computer,1,28,Credit Card,Male,4.00,4,Mobile Phone,1,Married,9,0,21.00,2,2,3,148.00
54557,0,17,Mobile Phone,1,15,UPI,Female,4.00,4,Laptop & Accessory,3,Married,6,1,15.00,2,2,3,170.00
54558,0,1,Mobile Phone,3,11,Debit Card,Female,4.00,5,Laptop & Accessory,1,Single,3,1,12.00,1,2,4,170.00
54559,0,11,Computer,1,32,Credit Card,Female,4.00,4,Laptop & Accessory,3,Married,5,1,16.00,5,11,8,169.00
54560,0,5,Phone,1,7,Debit Card,Male,4.00,5,Mobile Phone,5,Married,3,0,13.00,4,4,3,147.00
54561,0,13,Computer,1,7,Debit Card,Male,3.00,4,Others,3,Married,3,1,15.00,1,2,7,317.00
54562,0,30,Computer,3,13,Debit Card,Female,3.00,2,Grocery,5,Married,11,0,12.00,7,2,8,257.00
54563,0,4,Mobile Phone,3,19,COD,Female,3.00,4,Laptop & Accessory,3,Single,2,0,12.00,4,5,5,191.00
54564,0,15,Mobile Phone,3,7,E wallet,Male,3.00,2,Fashion,5,Married,3,0,17.00,2,2,8,209.00
54565,0,2,Mobile Phone,1,24,Credit Card,Male,4.00,4,Laptop & Accessory,5,Married,3,0,13.00,1,2,9,171.00
54566,1,1,Mobile Phone,1,10,Credit Card,Male,4.00,4,Mobile Phone,5,Married,7,0,14.00,2,2,3,165.00
54567,0,26,Mobile Phone,1,10,Credit Card,Male,3.00,5,Fashion,3,Married,4,1,15.00,2,2,5,205.00
54568,0,19,Mobile Phone,1,17,Debit Card,Male,4.00,4,Mobile Phone,1,Married,5,0,22.00,1,2,3,152.00
54569,0,26,Mobile Phone,1,11,Debit Card,Female,2.00,4,Grocery,1,Married,4,0,14.00,1,2,5,291.00
54570,0,16,Computer,1,36,Debit Card,Female,4.00,4,Laptop & Accessory,3,Married,4,0,12.00,2,2,3,171.00
54571,0,4,Mobile Phone,1,9,Debit Card,Female,3.00,6,Laptop & Accessory,1,Single,4,0,21.00,2,2,3,186.00
54572,0,31,Mobile Phone,1,14,Debit Card,Female,3.00,4,Others,5,Married,7,0,15.00,2,12,11,321.00
54573,0,20,Mobile Phone,1,25,Credit Card,Female,3.00,4,Laptop & Accessory,3,Married,4,0,15.00,2,2,9,173.00
54574,0,16,Computer,1,35,COD,Female,3.00,5,Laptop & Accessory,1,Married,2,0,12.00,1,2,5,170.00
54575,1,1,Mobile Phone,3,7,COD,Female,4.00,4,Mobile Phone,4,Single,3,1,17.00,1,2,5,157.00
54576,1,1,Computer,3,13,E wallet,Female,3.00,6,Mobile Phone,3,Married,2,0,17.00,1,2,1,149.00
54577,0,12,Computer,1,9,Debit Card,Male,3.00,4,Mobile Phone,1,Married,3,1,24.00,2,2,1,142.00
54578,0,14,Mobile Phone,3,9,Debit Card,Female,4.00,4,Others,3,Married,2,0,15.00,2,2,13,305.00
54579,0,1,Mobile Phone,1,30,Debit Card,Female,3.00,4,Mobile Phone,1,Married,3,0,23.00,1,2,3,154.00
54580,0,4,Computer,1,10,Debit Card,Male,3.00,4,Mobile Phone,1,Married,6,0,16.00,2,2,5,146.00
54581,0,3,Mobile Phone,1,10,Credit Card,Male,4.00,5,Fashion,3,Married,3,0,19.00,1,2,8,244.00
54582,1,1,Mobile Phone,1,32,COD,Female,4.00,5,Mobile Phone,4,Married,7,0,17.00,2,2,2,150.00
54583,1,1,Mobile Phone,2,9,COD,Male,3.00,5,Mobile Phone,1,Single,3,0,13.00,1,2,1,151.00
54584,0,4,Computer,3,29,UPI,Female,4.00,4,Fashion,5,Married,2,0,12.00,4,8,9,209.00
54585,0,31,Mobile Phone,3,36,E wallet,Male,3.00,5,Grocery,1,Married,5,0,13.00,1,2,1,266.00
54586,0,24,Mobile Phone,1,36,Debit Card,Male,3.00,5,Grocery,3,Married,2,0,15.00,16,16,8,295.00
54587,0,4,Computer,1,9,Credit Card,Female,3.00,4,Mobile Phone,1,Single,2,0,15.00,2,7,8,151.00
54588,0,31,Computer,3,35,E wallet,Female,4.00,5,Fashion,5,Married,6,0,20.00,4,14,3,228.00
54589,0,21,Mobile Phone,1,9,Credit Card,Female,4.00,4,Laptop & Accessory,1,Married,7,0,14.00,1,2,5,176.00
54590,0,20,Mobile Phone,1,9,Debit Card,Male,3.00,4,Grocery,3,Married,8,0,15.00,2,2,2,304.00
54591,0,9,Mobile Phone,1,29,Debit Card,Male,3.00,6,Mobile Phone,3,Single,2,0,16.00,2,5,4,167.00
54592,0,28,Mobile Phone,1,6,Debit Card,Female,3.00,4,Laptop & Accessory,3,Single,9,0,12.00,1,2,1,163.00
54593,0,8,Mobile Phone,1,9,Debit Card,Male,4.00,5,Mobile Phone,3,Married,5,0,13.00,4,6,8,153.00
54594,0,6,Mobile Phone,3,17,E wallet,Female,4.00,5,Fashion,1,Married,4,1,20.00,1,2,3,216.00
54595,0,5,Mobile Phone,1,16,Debit Card,Male,3.00,4,Fashion,4,Married,3,0,26.00,1,2,9,231.00
54596,1,1,Mobile Phone,1,22,Credit Card,Male,3.00,4,Fashion,3,Married,9,1,13.00,1,8,8,261.00
54597,1,1,Mobile Phone,1,17,Credit Card,Male,3.00,6,Mobile Phone,1,Married,9,0,14.00,1,2,4,159.00
54598,0,4,Mobile Phone,3,14,E wallet,Male,3.00,4,Mobile Phone,4,Single,2,0,15.00,1,2,3,155.00
54599,0,9,Mobile Phone,1,23,Debit Card,Male,4.00,4,Fashion,3,Married,6,1,13.00,1,2,1,201.00
54600,1,1,Computer,1,27,Debit Card,Male,4.00,4,Fashion,3,Married,5,0,13.00,2,2,3,223.00
54601,1,1,Computer,2,30,UPI,Female,3.00,4,Fashion,5,Married,11,1,16.00,2,2,3,225.00
54602,0,16,Computer,1,12,UPI,Male,4.00,4,Mobile Phone,3,Married,6,0,18.00,1,3,1,146.00
54603,0,10,Computer,3,17,Credit Card,Male,3.00,4,Fashion,1,Single,3,0,15.00,9,10,3,225.00
54604,1,1,Computer,1,11,COD,Male,4.00,5,Mobile Phone,3,Single,7,0,17.00,1,2,3,164.00
54605,0,22,Mobile Phone,3,9,E wallet,Female,3.00,4,Laptop & Accessory,1,Married,4,0,15.00,7,7,8,166.00
54606,0,29,Mobile Phone,3,25,Debit Card,Female,3.00,4,Grocery,4,Single,5,0,15.00,2,8,9,293.00
54607,0,15,Computer,3,17,Debit Card,Male,3.00,4,Laptop & Accessory,1,Single,9,0,15.00,1,2,11,187.00
54608,0,9,Mobile Phone,3,7,E wallet,Male,3.00,4,Laptop & Accessory,3,Married,11,0,12.00,1,7,10,172.00
54609,0,14,Mobile Phone,1,13,Debit Card,Female,4.00,4,Grocery,3,Single,9,0,16.00,5,2,14,257.00
54610,0,13,Computer,1,15,Debit Card,Female,3.00,4,Mobile Phone,3,Married,3,0,12.00,2,2,8,163.00
54611,0,5,Mobile Phone,3,9,Debit Card,Male,4.00,4,Laptop & Accessory,1,Single,6,1,14.00,2,2,6,191.00
54612,0,16,Mobile Phone,1,31,Credit Card,Male,3.00,4,Fashion,5,Married,3,1,22.00,6,6,9,199.00
54613,0,19,Mobile Phone,3,9,UPI,Male,4.00,4,Laptop & Accessory,4,Married,2,0,20.00,4,4,8,173.00
54614,1,1,Computer,2,24,Debit Card,Female,3.00,4,Mobile Phone,3,Married,2,1,12.00,1,2,1,152.00
54615,0,3,Mobile Phone,1,26,COD,Male,3.00,4,Laptop & Accessory,1,Married,6,0,13.00,2,2,3,168.00
54616,0,7,Mobile Phone,1,7,Credit Card,Female,4.00,2,Grocery,3,Married,6,0,20.00,1,2,6,287.00
54617,0,5,Mobile Phone,3,14,Debit Card,Male,3.00,5,Fashion,1,Married,11,0,22.00,2,2,2,241.00
54618,1,1,Computer,3,12,E wallet,Male,4.00,4,Mobile Phone,4,Single,3,1,15.00,2,2,1,144.00
54619,0,14,Computer,3,35,UPI,Male,3.00,6,Fashion,5,Married,5,0,16.00,1,2,2,234.00
54620,0,15,Computer,1,9,UPI,Female,4.00,5,Laptop & Accessory,3,Single,4,1,18.00,1,2,8,193.00
54621,0,1,Mobile Phone,3,36,Credit Card,Male,3.00,4,Laptop & Accessory,3,Married,7,0,13.00,1,2,1,168.00
54622,0,9,Mobile Phone,3,7,Credit Card,Female,4.00,4,Laptop & Accessory,3,Single,3,0,17.00,2,2,4,174.00
54623,0,8,Mobile Phone,3,28,Debit Card,Male,4.00,2,Laptop & Accessory,1,Single,3,0,13.00,1,6,8,178.00
54624,1,1,Phone,1,31,COD,Male,4.00,6,Mobile Phone,1,Single,3,1,19.00,1,2,1,148.00
54625,0,11,Mobile Phone,1,7,Cash on Delivery,Female,3.00,4,Fashion,1,Single,6,0,18.00,2,2,3,200.00
54626,0,20,Computer,1,25,Credit Card,Female,3.00,4,Fashion,3,Married,7,0,12.00,1,2,3,230.00
54627,0,15,Mobile Phone,3,9,Debit Card,Female,4.00,4,Grocery,5,Married,9,0,17.00,1,12,9,291.00
54628,0,11,Computer,3,16,Credit Card,Male,4.00,4,Fashion,4,Married,3,0,14.00,2,8,3,213.00
54629,0,26,Mobile Phone,1,13,COD,Male,4.00,4,Laptop & Accessory,5,Married,5,1,13.00,3,7,10,181.00
54630,1,1,Computer,3,18,UPI,Male,3.00,2,Laptop & Accessory,3,Married,10,0,13.00,2,2,3,172.00
54631,0,1,Computer,3,31,Credit Card,Male,3.00,4,Mobile Phone,1,Married,2,0,14.00,2,3,2,149.00
54632,0,12,Mobile Phone,1,17,Credit Card,Female,4.00,4,Laptop & Accessory,3,Married,5,0,20.00,1,2,3,223.00
54633,0,11,Mobile Phone,1,7,Debit Card,Female,4.00,4,Laptop & Accessory,4,Married,8,0,13.00,5,5,4,189.00
54634,0,23,Mobile Phone,1,25,Debit Card,Male,3.00,5,Others,3,Married,3,1,15.00,2,2,10,320.00
54635,0,1,Mobile Phone,1,30,Credit Card,Male,3.00,2,Mobile Phone,1,Married,3,1,12.00,1,2,5,152.00
54636,0,1,Mobile Phone,3,35,E wallet,Male,4.00,4,Laptop & Accessory,4,Married,3,0,21.00,1,2,5,188.00
54637,0,1,Phone,1,24,UPI,Male,4.00,5,Mobile Phone,4,Married,3,0,22.00,2,2,1,146.00
54638,0,24,Computer,2,10,Credit Card,Male,4.00,4,Others,4,Married,3,0,15.00,2,11,8,307.00
54639,0,1,Phone,3,20,Credit Card,Male,3.00,4,Mobile Phone,3,Married,3,0,12.00,2,2,7,146.00
54640,1,1,Computer,1,14,Debit Card,Female,3.00,4,Mobile Phone,3,Married,3,1,17.00,1,2,3,154.00
54641,1,1,Computer,3,19,Debit Card,Male,4.00,5,Mobile Phone,5,Married,3,0,19.00,2,2,1,145.00
54642,0,8,Mobile Phone,1,7,Debit Card,Male,3.00,5,Mobile Phone,1,Married,3,1,14.00,2,2,4,161.00
54643,1,1,Mobile Phone,3,20,Credit Card,Male,3.00,4,Laptop & Accessory,5,Married,4,0,18.00,1,2,3,167.00
54644,0,9,Mobile Phone,1,32,UPI,Male,3.00,5,Laptop & Accessory,1,Single,6,0,15.00,2,2,3,162.00
54645,0,5,Mobile Phone,3,13,Credit Card,Male,4.00,2,Laptop & Accessory,1,Married,6,0,23.00,6,6,8,180.00
54646,0,1,Phone,1,13,Credit Card,Female,4.00,5,Mobile Phone,3,Married,2,0,13.00,1,2,4,147.00
54647,0,11,Mobile Phone,3,9,E wallet,Male,4.00,4,Laptop & Accessory,3,Married,6,1,12.00,1,2,3,221.00
54648,0,1,Mobile Phone,1,7,Debit Card,Female,3.00,5,Mobile Phone,4,Single,3,0,14.00,1,2,1,153.00
54649,0,16,Mobile Phone,1,9,Debit Card,Female,3.00,4,Laptop & Accessory,1,Married,3,0,14.00,1,3,3,166.00
54650,0,17,Mobile Phone,1,13,UPI,Male,3.00,5,Grocery,1,Married,6,1,15.00,1,2,1,291.00
54651,0,12,Mobile Phone,1,7,Debit Card,Female,3.00,4,Mobile Phone,5,Single,5,0,18.00,1,2,1,151.00
54652,0,17,Computer,1,16,Credit Card,Male,4.00,4,Laptop & Accessory,3,Married,5,1,14.00,2,5,8,182.00
54653,0,22,Mobile Phone,1,7,Debit Card,Female,3.00,5,Grocery,5,Married,9,0,12.00,1,2,3,279.00
54654,0,18,Mobile Phone,2,7,Debit Card,Female,3.00,5,Laptop & Accessory,3,Single,6,0,12.00,2,2,3,185.00
54655,0,8,Mobile Phone,3,21,COD,Female,3.00,4,Mobile Phone,3,Married,3,1,19.00,2,2,7,151.00
54656,1,1,Mobile Phone,3,9,E wallet,Male,3.00,4,Mobile Phone,5,Married,2,0,12.00,2,2,3,155.00
54657,0,1,Mobile Phone,3,29,COD,Male,3.00,4,Mobile Phone,3,Single,3,0,12.00,1,2,3,159.00
54658,0,18,Mobile Phone,1,10,UPI,Male,3.00,4,Others,1,Married,6,1,15.00,1,2,2,320.00
54659,0,1,Mobile Phone,1,13,Credit Card,Male,4.00,4,Mobile Phone,3,Married,2,0,21.00,2,3,3,153.00
54660,0,7,Mobile Phone,3,15,E wallet,Male,3.00,4,Laptop & Accessory,3,Married,2,0,13.00,1,2,3,196.00
54661,0,6,Mobile Phone,1,16,Debit Card,Female,4.00,4,Laptop & Accessory,1,Married,3,1,13.00,2,2,6,188.00
54662,0,4,Computer,1,10,Credit Card,Female,4.00,4,Mobile Phone,3,Married,3,0,21.00,2,2,1,146.00
54663,0,27,Mobile Phone,3,7,Credit Card,Female,3.00,4,Laptop & Accessory,5,Single,9,0,21.00,5,9,11,209.00
54664,0,8,Mobile Phone,1,7,Debit Card,Male,3.00,4,Mobile Phone,1,Married,3,0,13.00,2,9,9,152.00
54665,1,9,Computer,3,33,Debit Card,Female,4.00,4,Laptop & Accessory,5,Married,4,0,15.00,1,2,1,168.00
54666,0,1,Mobile Phone,1,13,Debit Card,Female,4.00,4,Mobile Phone,1,Married,3,1,14.00,1,2,3,81.00
54667,0,11,Mobile Phone,1,10,UPI,Male,3.00,4,Fashion,3,Married,3,0,16.00,8,8,3,219.00
54668,0,3,Mobile Phone,3,10,Credit Card,Female,4.00,4,Laptop & Accessory,3,Married,3,0,15.00,1,2,3,181.00
54669,0,9,Mobile Phone,1,13,Debit Card,Male,3.00,6,Laptop & Accessory,1,Single,3,0,14.00,1,12,9,191.00
54670,0,7,Computer,1,13,Debit Card,Male,2.00,4,Laptop & Accessory,1,Married,5,0,24.00,4,5,8,202.00
54671,0,28,Mobile Phone,2,26,Credit Card,Male,3.00,4,Fashion,4,Married,4,0,16.00,3,2,2,232.00
54672,0,10,Mobile Phone,1,16,Credit Card,Male,3.00,5,Laptop & Accessory,4,Married,4,1,12.00,1,2,3,213.00
54673,0,1,Phone,1,10,Credit Card,Male,3.00,5,Mobile Phone,1,Single,2,0,14.00,2,2,2,145.00
54674,1,1,Phone,1,17,Credit Card,Male,3.00,4,Mobile,3,Single,3,1,12.00,2,2,2,135.00
54675,1,1,Computer,1,10,Debit Card,Male,4.00,4,Mobile Phone,5,Single,3,1,12.00,6,10,8,158.00
54676,0,9,Computer,1,10,Debit Card,Male,3.00,5,Mobile Phone,3,Married,3,0,19.00,2,2,1,138.00
54677,0,1,Mobile Phone,1,11,Credit Card,Male,3.00,2,Mobile Phone,5,Married,4,0,17.00,1,2,3,153.00
54678,0,1,Mobile Phone,3,15,Debit Card,Male,3.00,2,Laptop & Accessory,4,Married,2,0,23.00,2,2,3,174.00
54679,0,12,Mobile Phone,3,14,E wallet,Female,3.00,5,Laptop & Accessory,1,Single,2,0,21.00,2,2,6,165.00
54680,0,3,Computer,1,7,Debit Card,Male,4.00,6,Mobile Phone,1,Married,3,0,19.00,1,3,9,152.00
54681,0,22,Mobile Phone,3,9,E wallet,Male,3.00,2,Laptop & Accessory,4,Married,5,0,13.00,1,3,3,206.00
54682,0,1,Computer,3,10,Credit Card,Female,4.00,2,Laptop & Accessory,1,Married,3,1,21.00,2,2,5,171.00
54683,0,11,Mobile Phone,1,17,Debit Card,Male,4.00,2,Mobile Phone,1,Single,5,0,18.00,2,2,1,172.00
54684,0,24,Mobile Phone,1,35,Credit Card,Male,4.00,2,Mobile Phone,3,Married,3,1,12.00,1,4,9,157.00
54685,0,8,Mobile Phone,1,16,Credit Card,Female,3.00,5,Fashion,4,Single,3,0,15.00,5,8,3,211.00
54686,1,1,Mobile Phone,3,10,Debit Card,Female,4.00,4,Laptop & Accessory,3,Single,11,0,15.00,2,3,1,171.00
54687,0,13,Mobile Phone,1,9,COD,Female,4.00,5,Laptop & Accessory,3,Single,3,0,12.00,2,12,11,171.00
54688,0,6,Mobile Phone,3,17,E wallet,Male,3.00,4,Laptop & Accessory,1,Single,3,0,13.00,2,2,9,179.00
54689,1,14,Computer,3,15,Cash on Delivery,Male,3.00,4,Laptop & Accessory,3,Married,5,1,15.00,1,2,4,193.00
54690,0,12,Mobile Phone,1,7,Debit Card,Female,3.00,2,Laptop & Accessory,1,Single,2,0,14.00,1,2,9,201.00
54691,0,1,Mobile Phone,1,7,Debit Card,Female,4.00,4,Fashion,5,Married,3,0,12.00,1,2,8,199.00
54692,0,6,Mobile Phone,1,10,Debit Card,Female,3.00,4,Fashion,1,Single,5,0,16.00,7,2,8,237.00
54693,0,21,Mobile Phone,3,21,E wallet,Male,3.00,4,Laptop & Accessory,5,Single,4,0,13.00,2,2,8,175.00
54694,0,14,Computer,3,12,Debit Card,Male,3.00,5,Fashion,5,Married,7,1,22.00,1,2,3,230.00
54695,0,27,Mobile Phone,1,14,Debit Card,Male,3.00,2,Grocery,3,Married,5,0,20.00,1,2,4,273.00
54696,0,15,Mobile Phone,2,17,UPI,Male,4.00,5,Others,1,Married,5,0,15.00,4,13,7,316.00
54697,0,31,Mobile Phone,3,23,E wallet,Male,3.00,4,Laptop & Accessory,5,Single,10,0,15.00,3,3,3,179.00
54698,0,1,Computer,1,17,Debit Card,Male,3.00,4,Fashion,5,Married,3,0,22.00,1,2,3,213.00
54699,0,15,Mobile Phone,2,7,UPI,Male,3.00,5,Others,3,Married,3,0,15.00,2,3,11,317.00
54700,0,24,Mobile Phone,3,15,E wallet,Male,3.00,4,Mobile Phone,4,Married,9,0,16.00,1,3,3,164.00
54701,1,1,Phone,1,7,Debit Card,Female,4.00,6,Mobile Phone,4,Single,9,1,14.00,2,4,8,147.00
54702,0,10,Computer,1,15,Debit Card,Female,4.00,2,Fashion,5,Married,11,0,15.00,1,2,6,242.00
54703,0,12,Mobile Phone,1,7,Debit Card,Female,3.00,4,Fashion,3,Single,6,1,15.00,1,2,1,204.00
54704,0,18,Computer,1,31,Credit Card,Male,3.00,6,Mobile Phone,3,Single,4,0,15.00,1,2,5,162.00
54705,0,21,Computer,3,10,Credit Card,Female,3.00,4,Grocery,3,Married,11,1,13.00,1,12,14,263.00
54706,0,4,Mobile Phone,3,34,E wallet,Male,4.00,4,Laptop & Accessory,1,Married,9,0,24.00,3,8,8,178.00
54707,0,3,Mobile Phone,3,17,Debit Card,Male,4.00,4,Mobile Phone,3,Single,3,0,12.00,2,2,1,151.00
54708,1,6,Computer,1,26,Credit Card,Male,3.00,2,Mobile Phone,3,Married,8,1,13.00,1,3,3,153.00
54709,0,17,Computer,3,22,Debit Card,Male,3.00,5,Laptop & Accessory,1,Married,5,0,19.00,2,3,3,193.00
54710,0,8,Mobile Phone,1,15,Credit Card,Female,4.00,4,Laptop & Accessory,3,Single,5,0,12.00,1,5,4,186.00
54711,0,1,Mobile Phone,1,16,Credit Card,Male,3.00,4,Mobile Phone,5,Married,3,0,15.00,2,2,3,150.00
54712,0,13,Mobile Phone,2,10,UPI,Female,3.00,2,Laptop & Accessory,4,Married,11,0,16.00,1,4,7,189.00
54713,0,30,Mobile Phone,1,16,Credit Card,Male,3.00,4,Grocery,1,Married,9,0,12.00,1,2,2,236.00
54714,0,14,Phone,1,9,Credit Card,Female,3.00,5,Mobile Phone,1,Single,2,1,21.00,1,3,4,148.00
54715,0,1,Mobile Phone,1,14,Credit Card,Female,3.00,5,Laptop & Accessory,5,Single,10,0,20.00,2,2,8,193.00
54716,0,3,Phone,3,17,E wallet,Male,3.00,4,Mobile Phone,4,Married,3,0,15.00,3,3,3,148.00
54717,0,27,Phone,1,13,Debit Card,Male,3.00,4,Laptop & Accessory,1,Single,4,0,18.00,3,3,3,150.00
54718,0,9,Computer,1,9,Debit Card,Female,4.00,4,Laptop & Accessory,5,Married,4,0,12.00,2,2,1,176.00
54719,0,6,Computer,1,31,Debit Card,Male,4.00,4,Laptop & Accessory,1,Married,3,0,16.00,2,5,8,178.00
54720,0,12,Mobile Phone,1,9,Credit Card,Male,4.00,4,Mobile Phone,3,Married,8,1,14.00,1,2,2,156.00
54721,0,8,Mobile Phone,1,15,Debit Card,Female,3.00,4,Laptop & Accessory,5,Married,5,0,15.00,2,2,1,176.00
54722,0,26,Mobile Phone,3,10,E wallet,Male,3.00,5,Grocery,5,Married,3,0,15.00,2,2,17,294.00
54723,1,1,Mobile Phone,1,7,UPI,Male,4.00,4,Mobile Phone,1,Single,3,1,14.00,7,8,9,152.00
54724,0,1,Mobile Phone,3,33,Credit Card,Female,3.00,4,Laptop & Accessory,1,Single,3,0,24.00,1,2,5,187.00
54725,0,19,Mobile Phone,3,9,COD,Male,3.00,6,Laptop & Accessory,3,Single,2,0,14.00,2,4,2,191.00
54726,0,1,Mobile Phone,1,17,Credit Card,Male,4.00,2,Mobile Phone,3,Single,3,0,19.00,1,2,3,160.00
54727,1,11,Computer,3,34,Debit Card,Female,4.00,2,Laptop & Accessory,3,Single,6,1,13.00,1,2,4,189.00
54728,0,8,Mobile Phone,3,9,UPI,Male,3.00,4,Laptop & Accessory,1,Single,3,0,23.00,1,2,5,188.00
54729,1,19,Mobile Phone,1,9,Credit Card,Male,4.00,4,Others,5,Married,7,1,14.00,2,2,5,324.00
54730,0,10,Computer,3,15,Debit Card,Male,4.00,5,Fashion,5,Single,3,0,16.00,1,2,10,201.00
54731,0,26,Computer,1,26,Credit Card,Male,3.00,4,Mobile Phone,1,Married,2,0,19.00,2,2,3,168.00
54732,0,1,Computer,1,7,Debit Card,Female,4.00,6,Mobile Phone,1,Married,5,0,15.00,3,3,1,169.00
54733,0,3,Mobile Phone,1,34,Credit Card,Female,4.00,4,Laptop & Accessory,3,Married,6,0,13.00,1,2,2,168.00
54734,1,1,Mobile Phone,3,15,COD,Male,3.00,5,Laptop & Accessory,5,Single,8,0,18.00,1,2,3,178.00
54735,0,8,Mobile Phone,1,7,Debit Card,Female,4.00,2,Mobile Phone,1,Single,4,0,17.00,2,2,4,158.00
54736,0,28,Mobile Phone,1,26,Credit Card,Female,4.00,4,Laptop & Accessory,5,Married,11,1,12.00,1,2,5,180.00
54737,0,1,Computer,3,15,E wallet,Male,3.00,4,Laptop & Accessory,1,Married,2,0,20.00,2,2,2,168.00
54738,0,11,Mobile Phone,1,17,Debit Card,Female,3.00,4,Mobile Phone,5,Married,2,1,14.00,5,5,4,153.00
54739,0,12,Computer,1,9,Debit Card,Female,4.00,2,Laptop & Accessory,5,Single,8,1,13.00,1,5,13,185.00
54740,0,8,Mobile Phone,1,9,Credit Card,Female,3.00,5,Mobile Phone,5,Single,3,0,12.00,2,2,4,169.00
54741,0,9,Mobile Phone,3,15,Debit Card,Female,4.00,4,Mobile Phone,1,Married,3,0,17.00,2,2,3,151.00
54742,0,4,Mobile Phone,1,7,Debit Card,Male,3.00,6,Mobile Phone,3,Married,5,0,22.00,2,2,3,163.00
54743,0,14,Computer,1,9,Credit Card,Female,3.00,2,Laptop & Accessory,4,Married,3,0,25.00,1,4,8,167.00
54744,0,8,Mobile Phone,3,15,Debit Card,Female,4.00,4,Laptop & Accessory,5,Married,7,0,18.00,2,2,3,190.00
54745,0,16,Computer,1,15,Debit Card,Male,4.00,4,Others,1,Married,3,0,15.00,6,15,10,309.00
54746,1,1,Phone,1,13,Debit Card,Male,4.00,2,Mobile Phone,5,Married,3,1,22.00,1,2,1,141.00
54747,0,1,Computer,1,16,Debit Card,Male,3.00,5,Mobile Phone,4,Married,3,0,12.00,1,2,1,152.00
54748,0,26,Mobile Phone,1,18,Debit Card,Female,3.00,4,Laptop & Accessory,3,Married,10,0,21.00,2,2,5,156.00
54749,0,24,Mobile Phone,1,9,Credit Card,Male,4.00,4,Grocery,3,Married,7,0,15.00,1,2,4,301.00
54750,1,1,Phone,1,7,Debit Card,Female,3.00,5,Mobile Phone,5,Married,3,1,12.00,1,2,1,148.00
54751,0,7,Mobile Phone,1,14,Credit Card,Male,3.00,4,Fashion,3,Married,2,0,12.00,2,2,8,242.00
54752,1,1,Mobile Phone,3,23,E wallet,Female,4.00,4,Laptop & Accessory,5,Single,7,0,16.00,2,2,3,178.00
54753,0,21,Mobile Phone,1,9,UPI,Female,3.00,4,Grocery,1,Married,3,1,15.00,4,4,1,293.00
54754,0,10,Mobile Phone,1,7,UPI,Female,3.00,4,Laptop & Accessory,4,Married,2,0,16.00,2,2,6,177.00
54755,0,3,Mobile Phone,1,30,Debit Card,Male,3.00,2,Mobile Phone,3,Married,3,0,25.00,2,2,8,152.00
54756,1,21,Mobile Phone,1,9,Debit Card,Male,3.00,4,Others,4,Single,9,1,15.00,8,14,9,317.00
54757,0,9,Mobile Phone,1,7,Debit Card,Female,3.00,2,Mobile Phone,3,Single,5,0,14.00,3,3,3,150.00
54758,0,16,Mobile Phone,1,7,Debit Card,Female,3.00,5,Laptop & Accessory,1,Married,11,1,14.00,1,2,3,186.00
54759,1,1,Mobile Phone,1,9,Credit Card,Male,3.00,4,Mobile Phone,3,Single,8,0,18.00,3,3,2,169.00
54760,0,10,Phone,2,20,UPI,Male,3.00,4,Mobile Phone,4,Married,6,0,14.00,2,2,5,146.00
54761,0,6,Mobile Phone,1,11,Debit Card,Female,4.00,5,Laptop & Accessory,3,Married,3,0,13.00,6,7,9,187.00
54762,0,14,Computer,1,23,Credit Card,Male,3.00,5,Laptop & Accessory,3,Single,8,0,15.00,1,2,1,176.00
54763,0,4,Mobile Phone,1,9,Credit Card,Female,3.00,5,Laptop & Accessory,1,Single,7,1,25.00,2,2,1,194.00
54764,0,19,Phone,1,9,Debit Card,Female,4.00,5,Mobile Phone,3,Single,3,0,15.00,2,2,1,148.00
54765,0,16,Mobile Phone,1,36,Debit Card,Male,4.00,4,Laptop & Accessory,4,Married,3,0,14.00,6,8,9,169.00
54766,0,12,Computer,1,19,Debit Card,Male,1.00,5,Laptop & Accessory,5,Married,4,0,16.00,2,2,3,188.00
54767,0,8,Computer,1,23,Debit Card,Female,4.00,5,Mobile Phone,1,Single,3,0,17.00,2,2,4,151.00
54768,1,13,Mobile Phone,3,18,E wallet,Female,3.00,4,Fashion,1,Married,3,0,19.00,1,8,8,202.00
54769,1,19,Mobile Phone,3,9,Credit Card,Male,3.00,4,Laptop & Accessory,1,Single,6,0,17.00,2,8,4,177.00
54770,0,17,Mobile Phone,1,21,Debit Card,Male,4.00,4,Grocery,5,Married,8,0,15.00,2,2,1,297.00
54771,0,1,Mobile Phone,1,12,Cash on Delivery,Male,3.00,5,Fashion,1,Married,3,1,17.00,2,2,9,253.00
54772,0,9,Mobile Phone,1,14,UPI,Male,3.00,4,Fashion,3,Single,5,0,22.00,1,2,3,227.00
54773,0,2,Mobile Phone,3,9,E wallet,Female,3.00,4,Laptop & Accessory,4,Married,3,1,21.00,7,8,6,173.00
54774,0,8,Mobile Phone,2,10,UPI,Male,3.00,4,Mobile Phone,1,Married,2,0,20.00,2,2,3,162.00
54775,1,1,Computer,1,12,Credit Card,Female,3.00,5,Mobile Phone,3,Married,3,1,15.00,1,2,8,149.00
54776,0,1,Computer,1,10,Credit Card,Male,3.00,4,Mobile Phone,1,Married,3,0,12.00,1,2,1,142.00
54777,0,25,Mobile Phone,3,33,E wallet,Female,4.00,4,Grocery,3,Married,4,0,15.00,1,5,18,288.00
54778,0,18,Mobile Phone,1,11,Credit Card,Male,3.00,4,Laptop & Accessory,4,Single,11,0,13.00,2,3,4,184.00
54779,0,1,Mobile Phone,1,9,Credit Card,Male,4.00,2,Mobile Phone,5,Single,9,0,14.00,1,2,2,159.00
54780,0,7,Mobile Phone,3,7,Credit Card,Male,3.00,2,Laptop & Accessory,5,Married,3,0,23.00,1,2,9,165.00
54781,0,9,Mobile Phone,1,34,Credit Card,Female,3.00,5,Mobile Phone,5,Single,3,0,12.00,1,2,2,151.00
54782,0,10,Mobile Phone,3,7,Debit Card,Male,3.00,4,Laptop & Accessory,1,Married,3,1,15.00,4,5,12,187.00
54783,0,6,Mobile Phone,3,20,Debit Card,Male,4.00,4,Laptop & Accessory,1,Married,4,0,12.00,1,2,4,169.00
54784,0,4,Computer,1,12,Debit Card,Male,4.00,5,Mobile Phone,1,Married,11,0,13.00,1,2,4,163.00
54785,0,27,Mobile Phone,3,14,E wallet,Female,4.00,5,Fashion,1,Married,9,1,19.00,1,2,5,234.00
54786,0,19,Mobile Phone,3,16,E wallet,Male,4.00,4,Fashion,5,Married,6,1,13.00,1,2,3,233.00
54787,0,6,Mobile Phone,1,15,Credit Card,Female,4.00,2,Laptop & Accessory,3,Married,7,0,13.00,2,2,4,177.00
54788,0,26,Computer,1,32,Credit Card,Female,3.00,5,Grocery,1,Married,5,0,23.00,1,2,1,263.00
54789,0,11,Mobile Phone,3,23,E wallet,Male,4.00,5,Laptop & Accessory,3,Married,6,0,20.00,2,2,1,188.00
54790,0,2,Mobile Phone,2,15,Credit Card,Male,4.00,5,Mobile Phone,1,Married,3,0,14.00,2,2,5,174.00
54791,0,1,Mobile Phone,1,7,Debit Card,Male,3.00,5,Laptop & Accessory,1,Married,8,0,23.00,3,3,3,173.00
54792,0,18,Mobile Phone,1,15,Debit Card,Male,4.00,2,Mobile Phone,1,Married,4,1,25.00,2,2,3,153.00
54793,0,16,Computer,1,9,Credit Card,Male,3.00,4,Mobile Phone,1,Single,7,1,15.00,2,3,3,150.00
54794,0,10,Phone,2,15,Debit Card,Male,4.00,5,Mobile Phone,5,Married,2,0,22.00,1,2,4,148.00
54795,0,1,Mobile Phone,3,10,UPI,Male,4.00,4,Laptop & Accessory,5,Married,3,1,19.00,1,2,4,167.00
54796,0,9,Mobile Phone,1,16,Debit Card,Female,4.00,5,Fashion,3,Married,3,1,21.00,4,2,16,232.00
54797,1,1,Computer,1,32,Debit Card,Female,4.00,4,Mobile Phone,4,Married,3,1,20.00,7,8,9,145.00
54798,0,6,Computer,1,7,Debit Card,Male,4.00,4,Mobile Phone,1,Married,2,0,13.00,2,2,3,148.00
54799,0,1,Mobile Phone,3,11,E wallet,Male,3.00,5,Laptop & Accessory,5,Married,3,0,13.00,2,2,4,168.00
54800,0,23,Mobile Phone,1,7,COD,Female,3.00,4,Mobile Phone,5,Married,4,0,17.00,1,2,3,161.00
54801,0,1,Computer,1,11,Debit Card,Male,3.00,5,Mobile Phone,1,Married,2,0,18.00,1,4,5,157.00
54802,0,6,Computer,3,12,Debit Card,Male,3.00,4,Laptop & Accessory,4,Married,3,0,15.00,3,6,4,190.00
54803,0,12,Mobile Phone,3,16,E wallet,Male,4.00,5,Mobile Phone,4,Married,2,0,20.00,1,2,3,154.00
54804,0,16,Mobile Phone,1,10,Debit Card,Female,4.00,2,Laptop & Accessory,1,Married,4,1,14.00,2,2,4,177.00
54805,0,5,Phone,1,18,Debit Card,Male,3.00,4,Mobile Phone,1,Married,5,1,20.00,1,2,3,149.00
54806,1,1,Mobile Phone,3,7,Credit Card,Female,3.00,5,Mobile Phone,3,Married,8,1,20.00,2,2,3,153.00
54807,0,27,Mobile Phone,3,15,E wallet,Male,4.00,4,Grocery,1,Married,7,0,15.00,3,2,3,243.00
54808,0,9,Mobile Phone,1,32,Cash on Delivery,Male,4.00,5,Fashion,4,Married,5,0,17.00,3,2,9,234.00
54809,0,11,Computer,3,28,Credit Card,Female,3.00,4,Mobile Phone,1,Married,7,0,16.00,2,2,1,155.00
54810,0,27,Mobile Phone,1,30,Debit Card,Female,4.00,4,Grocery,1,Single,8,0,19.00,1,4,9,268.00
54811,0,17,Computer,1,7,Debit Card,Female,3.00,4,Laptop & Accessory,1,Married,6,0,14.00,2,3,3,181.00
54812,0,21,Mobile Phone,3,9,E wallet,Female,3.00,4,Laptop & Accessory,1,Married,2,1,23.00,4,8,8,170.00
54813,0,11,Computer,3,26,Credit Card,Male,3.00,4,Fashion,4,Single,3,1,14.00,1,2,10,201.00
54814,0,24,Computer,1,9,Debit Card,Male,4.00,4,Grocery,5,Married,3,0,15.00,14,15,8,304.00
54815,0,13,Mobile Phone,2,9,Debit Card,Female,3.00,5,Laptop & Accessory,1,Married,10,0,12.00,2,2,5,177.00
54816,0,7,Phone,2,10,UPI,Male,3.00,4,Mobile Phone,4,Married,5,1,12.00,1,2,4,148.00
54817,1,1,Mobile Phone,1,32,Debit Card,Male,3.00,4,Mobile Phone,1,Single,3,1,25.00,1,2,2,153.00
54818,0,3,Mobile Phone,1,14,Credit Card,Female,4.00,5,Mobile Phone,1,Married,8,0,15.00,2,2,4,150.00
54819,0,18,Mobile Phone,1,16,Debit Card,Male,4.00,4,Mobile Phone,5,Married,3,1,14.00,6,8,2,151.00
54820,0,2,Mobile Phone,3,12,Credit Card,Male,4.00,4,Laptop & Accessory,1,Single,3,0,15.00,1,2,3,174.00
54821,1,21,Computer,1,9,Debit Card,Male,3.00,5,Mobile Phone,1,Married,11,1,15.00,2,2,1,149.00
54822,0,17,Mobile Phone,1,15,Debit Card,Female,3.00,4,Laptop & Accessory,4,Married,6,0,22.00,2,2,1,173.00
54823,1,1,Phone,3,9,Credit Card,Female,3.00,5,Mobile Phone,3,Single,3,0,14.00,2,2,3,145.00
54824,1,1,Mobile Phone,1,25,UPI,Female,4.00,4,Mobile Phone,1,Single,3,0,20.00,2,2,1,152.00
54825,0,10,Mobile Phone,1,21,Debit Card,Male,4.00,4,Laptop & Accessory,1,Married,2,1,18.00,3,5,12,191.00
54826,0,21,Mobile Phone,3,9,Debit Card,Female,4.00,5,Mobile Phone,1,Single,3,1,19.00,1,2,3,158.00
54827,1,1,Mobile Phone,1,10,Debit Card,Female,3.00,4,Laptop & Accessory,3,Married,2,1,20.00,2,2,3,167.00
54828,1,5,Mobile Phone,1,9,Debit Card,Female,3.00,6,Mobile Phone,1,Married,6,1,14.00,1,2,1,153.00
54829,0,2,Phone,1,16,Credit Card,Female,4.00,4,Mobile Phone,3,Married,7,0,19.00,1,3,3,149.00
54830,1,3,Phone,1,13,Credit Card,Male,4.00,4,Mobile Phone,5,Married,9,1,22.00,2,3,3,149.00
54831,0,1,Phone,1,11,Debit Card,Female,4.00,4,Mobile Phone,3,Single,3,0,20.00,1,2,1,148.00
54832,0,8,Phone,1,17,Debit Card,Male,3.00,4,Mobile Phone,4,Married,3,0,15.00,2,2,1,145.00
54833,0,16,Mobile Phone,3,21,Credit Card,Female,4.00,5,Laptop & Accessory,3,Single,9,0,18.00,2,2,4,187.00
54834,0,7,Mobile Phone,1,7,UPI,Male,4.00,5,Mobile Phone,5,Single,5,1,12.00,2,2,3,153.00
54835,0,31,Mobile Phone,1,12,Cash on Delivery,Female,3.00,5,Fashion,4,Married,4,1,14.00,2,2,3,231.00
54836,0,5,Phone,3,14,Debit Card,Male,3.00,5,Mobile Phone,3,Married,5,0,16.00,3,6,3,148.00
54837,0,9,Mobile Phone,1,28,Debit Card,Female,3.00,4,Laptop & Accessory,1,Married,3,1,26.00,1,2,8,165.00
54838,0,23,Mobile Phone,1,15,UPI,Female,3.00,4,Fashion,4,Married,6,0,12.00,1,2,8,199.00
54839,0,22,Phone,1,27,Credit Card,Male,3.00,4,Mobile Phone,3,Married,6,0,18.00,2,2,1,148.00
54840,0,5,Computer,3,27,E wallet,Female,3.00,4,Laptop & Accessory,3,Married,3,0,14.00,2,2,1,194.00
54841,0,10,Mobile Phone,1,14,UPI,Male,4.00,4,Mobile Phone,1,Single,4,0,19.00,2,2,2,172.00
54842,0,12,Mobile Phone,1,7,Cash on Delivery,Female,4.00,4,Fashion,5,Married,3,0,14.00,5,6,12,261.00
54843,0,6,Computer,1,7,Debit Card,Female,4.00,5,Mobile Phone,4,Married,8,0,21.00,1,2,3,148.00
54844,1,1,Phone,3,26,E wallet,Male,3.00,5,Mobile Phone,4,Married,3,1,19.00,1,2,1,149.00
54845,0,14,Mobile Phone,3,17,E wallet,Male,4.00,5,Fashion,4,Married,4,0,13.00,1,2,3,222.00
54846,0,1,Computer,3,7,Credit Card,Male,3.00,5,Laptop & Accessory,5,Single,3,0,13.00,1,2,8,168.00
54847,0,15,Mobile Phone,1,13,Credit Card,Male,3.00,4,Mobile Phone,5,Single,4,1,14.00,2,3,18,172.00
54848,0,10,Mobile Phone,1,9,Credit Card,Male,4.00,4,Mobile Phone,3,Single,6,0,22.00,2,4,10,150.00
54849,1,1,Phone,3,28,UPI,Male,3.00,5,Mobile Phone,4,Single,3,1,14.00,2,2,1,146.00
54850,1,1,Mobile Phone,1,11,COD,Male,3.00,4,Mobile Phone,5,Single,3,0,20.00,2,2,1,155.00
54851,0,5,Mobile Phone,1,19,Credit Card,Female,3.00,4,Laptop & Accessory,1,Married,2,1,12.00,7,9,6,184.00
54852,0,14,Computer,1,16,Credit Card,Male,3.00,4,Mobile Phone,4,Married,10,1,15.00,1,2,1,161.00
54853,0,6,Mobile Phone,1,10,Credit Card,Female,4.00,4,Laptop & Accessory,5,Married,3,0,13.00,2,7,4,192.00
54854,1,1,Mobile Phone,3,10,Debit Card,Male,3.00,5,Fashion,1,Married,3,1,12.00,4,4,3,228.00
54855,0,7,Mobile Phone,1,7,Debit Card,Female,3.00,5,Laptop & Accessory,1,Single,2,0,15.00,2,2,5,194.00
54856,1,1,Mobile Phone,3,7,Debit Card,Male,3.00,5,Fashion,3,Married,7,0,12.00,6,12,3,231.00
54857,0,19,Computer,1,11,Debit Card,Male,3.00,4,Laptop & Accessory,4,Married,3,0,13.00,2,2,9,169.00
54858,0,3,Computer,3,27,COD,Female,3.00,4,Mobile Phone,1,Married,3,0,16.00,1,2,3,147.00
54859,0,9,Mobile Phone,3,25,Credit Card,Female,3.00,4,Laptop & Accessory,3,Married,3,0,17.00,2,2,1,171.00
54860,0,26,Mobile Phone,1,7,Debit Card,Male,4.00,4,Grocery,1,Married,4,0,15.00,4,8,9,296.00
54861,1,21,Mobile Phone,1,9,COD,Male,3.00,4,Mobile Phone,3,Single,6,0,25.00,1,2,1,150.00
54862,0,27,Mobile Phone,3,9,Credit Card,Male,3.00,4,Grocery,3,Married,8,0,14.00,1,16,3,274.00
54863,0,4,Mobile Phone,3,15,UPI,Male,4.00,4,Fashion,3,Married,7,0,12.00,3,8,8,198.00
54864,0,12,Computer,3,17,COD,Female,3.00,4,Laptop & Accessory,1,Single,3,1,14.00,2,2,4,182.00
54865,0,9,Mobile Phone,3,10,Debit Card,Male,4.00,4,Fashion,1,Married,8,0,14.00,1,2,9,203.00
54866,0,13,Mobile Phone,3,9,Debit Card,Male,3.00,2,Fashion,3,Single,2,0,19.00,1,2,8,204.00
54867,1,4,Computer,3,31,Debit Card,Female,4.00,2,Grocery,4,Single,6,1,17.00,2,2,1,257.00
54868,0,21,Computer,1,23,Credit Card,Male,4.00,2,Laptop & Accessory,3,Married,3,1,20.00,2,3,8,176.00
54869,0,10,Computer,3,15,COD,Male,3.00,4,Laptop & Accessory,1,Married,6,0,14.00,2,2,8,176.00
54870,1,1,Computer,1,16,Credit Card,Male,3.00,5,Mobile Phone,5,Single,2,1,23.00,1,2,3,148.00
54871,0,7,Computer,3,24,Debit Card,Male,3.00,4,Grocery,3,Single,3,0,15.00,6,7,1,299.00
54872,1,1,Phone,1,17,Debit Card,Female,4.00,5,Mobile Phone,5,Single,8,1,21.00,2,2,1,149.00
54873,0,7,Mobile Phone,1,20,Debit Card,Female,3.00,4,Mobile Phone,1,Single,5,0,19.00,2,2,3,160.00
54874,0,19,Phone,1,7,Credit Card,Female,4.00,4,Mobile Phone,1,Married,5,0,15.00,2,2,3,148.00
54875,0,24,Mobile Phone,1,7,Credit Card,Male,4.00,4,Grocery,1,Married,11,0,15.00,1,2,4,299.00
54876,0,7,Computer,1,7,UPI,Female,3.00,2,Laptop & Accessory,4,Married,3,1,14.00,2,2,3,180.00
54877,0,15,Computer,1,16,Credit Card,Male,4.00,4,Others,3,Married,4,0,15.00,1,2,12,319.00
54878,0,1,Mobile Phone,1,23,COD,Female,3.00,4,Mobile Phone,4,Married,11,0,15.00,3,3,3,153.00
54879,0,19,Computer,1,30,Debit Card,Male,3.00,4,Laptop & Accessory,5,Married,3,1,16.00,2,2,9,161.00
54880,0,21,Mobile Phone,3,11,Debit Card,Female,3.00,4,Laptop & Accessory,1,Single,3,1,18.00,2,2,8,167.00
54881,1,1,Phone,1,29,Debit Card,Female,3.00,4,Mobile Phone,3,Married,6,1,12.00,1,2,2,146.00
54882,0,24,Mobile Phone,1,31,Debit Card,Male,4.00,4,Grocery,3,Married,5,1,19.00,1,2,6,265.00
54883,0,12,Computer,1,17,Credit Card,Male,4.00,4,Mobile Phone,3,Married,2,0,18.00,1,2,3,152.00
54884,0,20,Mobile Phone,1,14,Credit Card,Male,4.00,4,Fashion,3,Married,8,0,14.00,2,2,8,233.00
54885,0,1,Mobile Phone,1,24,Credit Card,Female,3.00,5,Laptop & Accessory,3,Married,3,0,16.00,1,4,3,169.00
54886,1,1,Mobile Phone,1,21,UPI,Male,3.00,5,Mobile Phone,4,Married,3,1,25.00,2,2,3,162.00
54887,0,5,Computer,1,7,Debit Card,Female,4.00,4,Laptop & Accessory,5,Married,3,0,13.00,2,2,4,166.00
54888,0,1,Computer,1,12,Debit Card,Male,4.00,4,Mobile Phone,1,Single,3,0,16.00,1,2,1,136.00
54889,0,28,Mobile Phone,1,24,Cash on Delivery,Female,3.00,4,Fashion,3,Married,10,0,12.00,1,2,9,232.00
54890,0,9,Mobile Phone,1,32,Credit Card,Female,3.00,4,Fashion,3,Married,3,1,12.00,1,11,3,229.00
54891,0,4,Mobile Phone,1,15,Debit Card,Female,4.00,2,Fashion,5,Married,2,1,13.00,1,2,8,239.00
54892,1,1,Mobile Phone,1,18,Credit Card,Female,4.00,5,Mobile Phone,5,Single,3,1,16.00,2,2,1,151.00
54893,1,1,Computer,1,12,Credit Card,Female,3.00,4,Mobile Phone,4,Single,2,0,18.00,1,2,3,149.00
54894,0,1,Mobile Phone,1,9,Credit Card,Male,3.00,2,Laptop & Accessory,1,Married,3,0,13.00,2,2,4,180.00
54895,0,1,Mobile Phone,1,15,Debit Card,Male,4.00,6,Mobile Phone,5,Married,3,0,16.00,1,2,2,150.00
54896,0,22,Mobile Phone,1,13,Debit Card,Male,4.00,5,Laptop & Accessory,3,Single,4,0,14.00,1,3,3,167.00
54897,0,22,Mobile Phone,1,11,Debit Card,Male,4.00,5,Fashion,3,Single,9,0,15.00,2,2,9,235.00
54898,0,15,Mobile Phone,1,14,Credit Card,Female,3.00,4,Laptop & Accessory,3,Single,8,0,15.00,3,3,2,175.00
54899,0,13,Mobile Phone,1,7,Debit Card,Female,4.00,5,Grocery,1,Married,3,0,17.00,10,2,9,252.00
54900,0,1,Mobile Phone,1,9,Debit Card,Female,3.00,4,Laptop & Accessory,1,Married,2,0,19.00,3,3,3,167.00
54901,0,9,Mobile Phone,1,17,UPI,Male,3.00,4,Mobile Phone,1,Married,3,0,21.00,1,2,3,164.00
54902,0,1,Mobile Phone,3,12,E wallet,Male,3.00,4,Others,3,Married,8,0,15.00,1,2,1,308.00
54903,0,24,Phone,1,16,Debit Card,Male,4.00,4,Mobile Phone,1,Married,6,0,19.00,2,2,1,149.00
54904,0,31,Mobile Phone,1,9,Debit Card,Female,4.00,5,Grocery,1,Single,5,1,14.00,1,5,4,262.00
54905,1,1,Mobile Phone,1,18,Credit Card,Female,4.00,6,Laptop & Accessory,4,Married,7,0,16.00,2,2,1,173.00
54906,0,29,Computer,1,25,Credit Card,Male,4.00,4,Laptop & Accessory,4,Married,5,1,15.00,3,7,8,189.00
54907,0,15,Computer,1,14,Debit Card,Female,3.00,6,Others,3,Married,3,0,23.00,6,6,11,325.00
54908,0,12,Mobile Phone,3,10,Debit Card,Male,3.00,4,Laptop & Accessory,1,Single,10,1,13.00,2,2,1,194.00
54909,1,1,Computer,3,36,Credit Card,Male,4.00,6,Laptop & Accessory,5,Single,10,0,19.00,2,3,3,175.00
54910,1,16,Mobile Phone,3,9,E wallet,Female,3.00,6,Others,1,Married,3,0,16.00,4,7,10,323.00
54911,0,18,Mobile Phone,3,35,Credit Card,Female,3.00,2,Grocery,1,Married,5,1,19.00,5,2,12,258.00
54912,0,24,Computer,3,7,Debit Card,Female,4.00,4,Laptop & Accessory,3,Married,2,0,13.00,1,2,14,188.00
54913,1,1,Mobile Phone,1,23,Debit Card,Female,3.00,2,Mobile Phone,5,Single,3,0,17.00,4,16,15,152.00
54914,0,13,Computer,1,29,Credit Card,Female,3.00,4,Fashion,5,Single,3,1,14.00,2,2,9,234.00
54915,0,7,Computer,3,15,Debit Card,Female,3.00,5,Mobile Phone,1,Single,2,0,20.00,1,3,3,148.00
54916,0,19,Mobile Phone,3,18,Debit Card,Female,3.00,4,Grocery,1,Married,5,0,15.00,1,2,2,302.00
54917,0,6,Computer,1,36,Credit Card,Female,4.00,4,Mobile Phone,3,Single,11,0,13.00,7,8,8,165.00
54918,0,8,Mobile Phone,3,7,E wallet,Male,4.00,2,Laptop & Accessory,1,Married,2,0,12.00,1,2,3,222.00
54919,0,31,Mobile Phone,3,7,Cash on Delivery,Male,4.00,4,Fashion,1,Married,5,1,15.00,2,2,5,244.00
54920,0,19,Phone,2,31,Credit Card,Male,3.00,4,Mobile Phone,4,Single,3,0,17.00,1,2,5,147.00
54921,0,27,Computer,3,9,E wallet,Female,3.00,5,Fashion,4,Married,4,0,13.00,6,7,13,200.00
54922,1,1,Mobile Phone,1,22,UPI,Male,3.00,4,Laptop & Accessory,3,Married,9,0,15.00,1,2,1,173.00
54923,1,1,Computer,1,9,Debit Card,Male,3.00,4,Mobile Phone,5,Married,8,1,15.00,1,2,3,145.00
54924,0,8,Phone,3,17,Debit Card,Female,3.00,4,Mobile Phone,3,Married,3,1,20.00,1,2,1,147.00
54925,0,2,Phone,3,17,Credit Card,Male,4.00,4,Mobile Phone,4,Married,3,0,23.00,1,2,1,136.00
54926,0,12,Computer,1,10,UPI,Male,3.00,4,Mobile Phone,3,Married,5,0,17.00,3,3,3,153.00
54927,0,24,Mobile Phone,1,9,Credit Card,Male,4.00,4,Others,3,Married,4,1,15.00,5,8,8,317.00
54928,0,11,Mobile Phone,1,10,UPI,Female,3.00,4,Laptop & Accessory,4,Single,5,0,16.00,2,2,2,166.00
54929,0,14,Mobile Phone,3,33,E wallet,Male,4.00,4,Laptop & Accessory,5,Married,3,0,15.00,4,8,6,209.00
54930,0,1,Computer,1,7,Credit Card,Female,4.00,5,Mobile Phone,3,Married,3,0,14.00,1,2,4,145.00
54931,0,20,Mobile Phone,1,7,Credit Card,Male,3.00,4,Others,1,Married,11,0,15.00,2,3,3,321.00
54932,0,28,Mobile Phone,3,9,Debit Card,Female,3.00,5,Fashion,3,Married,8,0,12.00,7,2,1,232.00
54933,0,30,Computer,1,16,Credit Card,Female,4.00,4,Mobile Phone,3,Married,4,0,20.00,2,2,4,154.00
54934,0,10,Mobile Phone,1,19,Credit Card,Female,3.00,5,Fashion,1,Single,2,0,12.00,6,8,3,214.00
54935,0,29,Computer,1,9,Credit Card,Male,3.00,5,Grocery,5,Single,9,0,15.00,3,7,3,293.00
54936,0,17,Mobile Phone,3,32,Credit Card,Male,4.00,5,Fashion,1,Married,7,0,14.00,2,2,1,233.00
54937,1,1,Computer,3,16,E wallet,Female,3.00,4,Mobile Phone,1,Single,3,1,15.00,2,2,3,148.00
54938,1,1,Phone,1,17,Debit Card,Female,3.00,5,Mobile Phone,5,Single,3,0,14.00,1,2,1,139.00
54939,0,20,Mobile Phone,1,15,Debit Card,Female,4.00,5,Laptop & Accessory,5,Married,10,1,24.00,2,2,8,171.00
54940,1,15,Mobile Phone,1,11,Debit Card,Male,3.00,4,Mobile Phone,3,Married,11,1,13.00,1,3,8,150.00
54941,1,1,Computer,1,31,Cash on Delivery,Male,4.00,5,Fashion,5,Single,3,0,13.00,2,2,3,212.00
54942,0,1,Mobile Phone,1,7,Credit Card,Male,3.00,5,Mobile Phone,5,Married,3,0,17.00,2,2,4,165.00
54943,0,4,Mobile Phone,1,27,UPI,Male,3.00,4,Laptop & Accessory,5,Married,2,0,16.00,1,2,3,225.00
54944,0,15,Mobile Phone,1,14,COD,Female,3.00,2,Mobile Phone,3,Married,3,0,14.00,1,2,9,159.00
54945,0,12,Mobile Phone,1,24,Debit Card,Female,4.00,5,Fashion,3,Married,2,0,19.00,2,2,3,213.00
54946,0,14,Mobile Phone,1,27,Cash on Delivery,Male,4.00,4,Fashion,1,Married,6,0,21.00,4,12,3,228.00
54947,0,1,Computer,1,15,Debit Card,Male,3.00,6,Mobile Phone,3,Married,3,0,20.00,2,2,3,171.00
54948,0,29,Computer,1,9,Debit Card,Male,4.00,4,Fashion,4,Married,5,0,19.00,1,2,3,235.00
54949,0,2,Mobile Phone,1,17,UPI,Female,3.00,4,Laptop & Accessory,3,Single,5,0,14.00,1,2,8,162.00
54950,1,8,Mobile Phone,2,7,Credit Card,Male,4.00,5,Fashion,5,Married,11,0,15.00,3,4,3,230.00
54951,0,7,Mobile Phone,1,12,Debit Card,Male,3.00,5,Fashion,1,Married,6,0,16.00,2,2,3,196.00
54952,1,1,Mobile Phone,3,11,Cash on Delivery,Male,3.00,4,Fashion,5,Single,2,1,23.00,3,5,3,221.00
54953,1,1,Computer,1,36,Credit Card,Female,3.00,5,Laptop & Accessory,3,Single,3,0,23.00,3,4,9,170.00
54954,0,2,Phone,1,22,Debit Card,Male,3.00,4,Mobile Phone,3,Married,3,0,17.00,1,3,3,147.00
54955,0,8,Computer,1,10,Debit Card,Male,3.00,4,Laptop & Accessory,1,Single,2,0,18.00,2,2,5,203.00
54956,0,11,Mobile Phone,3,17,Debit Card,Female,3.00,5,Laptop & Accessory,1,Married,4,1,15.00,2,2,1,192.00
54957,1,1,Mobile Phone,1,11,COD,Male,3.00,4,Mobile Phone,1,Married,3,1,16.00,5,6,7,162.00
54958,1,1,Phone,1,28,Credit Card,Male,3.00,4,Mobile Phone,3,Married,3,0,21.00,2,2,1,149.00
54959,1,1,Phone,1,32,Credit Card,Male,3.00,5,Mobile Phone,4,Single,6,1,21.00,2,3,3,148.00
54960,0,16,Mobile Phone,1,9,Credit Card,Male,3.00,4,Grocery,5,Married,2,0,15.00,6,14,8,302.00
54961,1,1,Computer,1,7,Credit Card,Male,3.00,5,Mobile Phone,4,Married,3,0,16.00,2,2,1,151.00
54962,1,14,Computer,3,7,UPI,Male,3.00,4,Laptop & Accessory,3,Single,5,1,15.00,2,2,1,172.00
54963,0,7,Computer,3,14,Debit Card,Female,2.00,4,Laptop & Accessory,4,Married,2,0,18.00,1,2,3,168.00
54964,0,8,Computer,1,10,Debit Card,Male,3.00,5,Mobile Phone,1,Married,5,0,18.00,1,2,1,155.00
54965,0,22,Computer,1,7,Credit Card,Male,3.00,2,Grocery,1,Single,4,0,15.00,1,3,2,294.00
54966,0,19,Computer,3,16,Debit Card,Female,4.00,5,Laptop & Accessory,3,Married,3,0,14.00,5,5,13,181.00
54967,0,26,Mobile Phone,1,6,Debit Card,Male,3.00,4,Fashion,4,Single,9,0,20.00,3,5,3,229.00
54968,0,12,Mobile Phone,3,17,E wallet,Male,4.00,5,Fashion,3,Married,2,1,15.00,2,3,3,212.00
54969,0,3,Mobile Phone,1,35,Debit Card,Female,4.00,4,Mobile Phone,1,Married,6,0,23.00,2,2,8,150.00
54970,0,2,Mobile Phone,1,10,Credit Card,Female,4.00,4,Fashion,4,Married,2,0,18.00,1,2,8,202.00
54971,0,20,Mobile Phone,3,10,E wallet,Male,3.00,4,Grocery,3,Married,5,0,15.00,5,5,10,300.00
54972,0,12,Mobile Phone,3,9,E wallet,Male,3.00,4,Fashion,4,Single,9,0,17.00,2,2,1,199.00
54973,0,17,Computer,1,34,Debit Card,Female,3.00,4,Fashion,5,Married,10,0,12.00,2,2,2,233.00
54974,1,3,Computer,1,9,Debit Card,Male,3.00,4,Grocery,1,Married,9,0,12.00,11,2,6,247.00
54975,0,14,Mobile Phone,1,21,Credit Card,Male,3.00,5,Others,3,Single,3,0,15.00,4,5,10,321.00
54976,0,1,Phone,1,7,COD,Female,4.00,5,Mobile Phone,4,Single,3,1,12.00,2,3,3,146.00
54977,0,13,Computer,1,16,Debit Card,Male,4.00,4,Laptop & Accessory,4,Single,11,0,16.00,2,2,4,193.00
54978,0,10,Computer,1,25,Debit Card,Male,4.00,4,Laptop & Accessory,1,Single,4,0,21.00,1,2,10,203.00
54979,0,5,Computer,3,27,Debit Card,Male,4.00,2,Mobile Phone,1,Married,2,0,13.00,3,3,3,153.00
54980,0,2,Mobile Phone,1,9,Debit Card,Male,4.00,5,Mobile Phone,4,Married,2,0,18.00,1,2,5,157.00
54981,0,9,Computer,3,18,E wallet,Male,3.00,4,Laptop & Accessory,1,Married,3,0,12.00,2,2,3,175.00
54982,0,23,Mobile Phone,3,15,Cash on Delivery,Male,3.00,5,Grocery,4,Married,8,0,18.00,2,2,4,256.00
54983,0,8,Computer,1,9,Debit Card,Male,4.00,4,Laptop & Accessory,3,Single,4,0,12.00,2,2,3,165.00
54984,0,3,Computer,1,17,Debit Card,Female,4.00,4,Mobile Phone,4,Married,2,0,15.00,1,2,2,158.00
54985,0,16,Mobile Phone,1,36,Credit Card,Male,3.00,6,Laptop & Accessory,1,Single,6,0,20.00,2,2,1,168.00
54986,0,3,Mobile Phone,1,15,Credit Card,Male,4.00,5,Laptop & Accessory,1,Married,3,1,16.00,2,2,3,176.00
54987,0,12,Mobile Phone,2,7,UPI,Male,3.00,2,Mobile Phone,3,Married,3,0,14.00,4,6,1,153.00
54988,0,2,Computer,1,13,Debit Card,Male,3.00,5,Mobile Phone,3,Married,3,1,15.00,2,2,3,152.00
54989,1,1,Computer,1,15,Credit Card,Male,4.00,4,Mobile Phone,3,Single,3,0,13.00,2,2,1,144.00
54990,1,1,Mobile Phone,3,16,E wallet,Female,4.00,4,Laptop & Accessory,5,Single,5,1,18.00,1,2,4,207.00
54991,0,15,Mobile Phone,1,19,Debit Card,Male,3.00,4,Mobile Phone,1,Married,5,1,12.00,2,2,1,173.00
54992,1,1,Computer,1,22,Credit Card,Male,4.00,4,Mobile Phone,3,Married,3,0,13.00,2,3,3,151.00
54993,0,11,Mobile Phone,1,32,Credit Card,Female,3.00,5,Laptop & Accessory,1,Married,9,0,14.00,2,2,4,182.00
54994,0,1,Mobile Phone,1,13,Debit Card,Male,3.00,5,Mobile Phone,3,Married,3,0,14.00,2,3,3,150.00
54995,0,8,Mobile Phone,3,16,Debit Card,Female,4.00,4,Laptop & Accessory,3,Married,3,0,21.00,1,2,4,182.00
54996,0,9,Mobile Phone,2,15,COD,Male,4.00,4,Mobile Phone,3,Single,3,0,18.00,1,2,5,168.00
54997,1,1,Mobile Phone,3,30,Debit Card,Female,3.00,5,Fashion,5,Married,3,0,14.00,2,4,11,198.00
54998,0,14,Computer,1,16,Credit Card,Female,3.00,4,Fashion,3,Single,11,0,18.00,2,2,14,260.00
54999,1,6,Computer,3,19,Debit Card,Male,3.00,4,Grocery,5,Single,2,1,13.00,1,14,15,263.00
55000,0,16,Mobile Phone,3,11,E wallet,Male,3.00,4,Laptop & Accessory,5,Single,9,0,14.00,2,2,6,177.00
55001,0,9,Phone,1,7,Credit Card,Male,3.00,5,Mobile Phone,3,Married,8,0,13.00,2,2,8,148.00
55002,0,1,Mobile Phone,1,31,Credit Card,Male,3.00,4,Mobile Phone,4,Single,10,0,23.00,1,2,3,161.00
55003,1,1,Mobile Phone,1,19,Debit Card,Female,4.00,4,Mobile Phone,1,Married,3,1,12.00,2,2,1,150.00
55004,0,1,Mobile Phone,1,10,Credit Card,Male,3.00,2,Mobile Phone,1,Married,3,0,23.00,2,2,8,169.00
55005,0,4,Mobile Phone,3,17,E wallet,Male,4.00,5,Laptop & Accessory,3,Married,3,0,19.00,1,2,5,191.00
55006,0,14,Computer,1,33,Credit Card,Female,4.00,5,Laptop & Accessory,1,Married,5,1,14.00,1,2,1,169.00
55007,0,9,Mobile Phone,1,9,Debit Card,Male,3.00,5,Fashion,4,Married,4,0,19.00,3,7,3,228.00
55008,0,8,Computer,1,8,Credit Card,Male,4.00,5,Laptop & Accessory,5,Single,2,0,21.00,1,5,10,178.00
55009,0,9,Computer,1,11,UPI,Male,3.00,5,Mobile Phone,1,Married,3,0,14.00,2,3,3,149.00
55010,1,7,Mobile Phone,3,16,E wallet,Female,3.00,6,Laptop & Accessory,3,Single,10,0,14.00,1,2,4,178.00
55011,0,6,Computer,3,9,Debit Card,Female,4.00,4,Mobile Phone,5,Married,3,0,13.00,2,2,1,153.00
55012,0,30,Mobile Phone,1,11,Cash on Delivery,Female,4.00,4,Others,5,Married,6,0,14.00,5,5,3,324.00
55013,0,3,Mobile Phone,1,13,Credit Card,Female,3.00,4,Mobile Phone,1,Married,3,0,14.00,1,2,9,156.00
55014,0,1,Mobile Phone,1,16,Debit Card,Male,3.00,4,Mobile Phone,5,Single,3,0,26.00,1,2,1,151.00
55015,0,19,Mobile Phone,1,14,Credit Card,Female,3.00,4,Mobile Phone,3,Married,6,1,20.00,1,2,3,170.00
55016,0,11,Mobile Phone,1,8,Debit Card,Female,3.00,5,Laptop & Accessory,1,Married,3,0,14.00,1,4,12,190.00
55017,0,1,Mobile Phone,1,6,Debit Card,Male,3.00,5,Mobile Phone,3,Single,3,0,13.00,1,2,3,155.00
55018,1,8,Mobile Phone,1,17,Debit Card,Male,4.00,4,Mobile Phone,3,Single,3,1,12.00,2,2,3,154.00
55019,0,27,Mobile Phone,1,14,Credit Card,Female,3.00,4,Others,3,Married,5,0,15.00,4,5,8,311.00
55020,0,3,Phone,1,22,Debit Card,Female,4.00,6,Mobile Phone,1,Married,2,1,19.00,2,2,4,147.00
55021,1,1,Computer,1,10,Debit Card,Male,3.00,5,Mobile Phone,1,Married,2,1,12.00,1,2,1,154.00
55022,0,20,Mobile Phone,3,9,E wallet,Female,4.00,4,Grocery,5,Married,10,0,15.00,7,16,10,295.00
55023,0,18,Computer,1,24,Debit Card,Male,4.00,6,Mobile Phone,3,Single,4,0,14.00,2,2,1,148.00
55024,0,7,Mobile Phone,2,9,UPI,Male,4.00,4,Mobile Phone,3,Married,3,0,14.00,2,2,5,161.00
55025,1,5,Computer,1,12,Debit Card,Male,4.00,5,Mobile Phone,5,Married,8,0,18.00,1,2,1,146.00
55026,0,4,Mobile Phone,3,36,Debit Card,Male,4.00,4,Laptop & Accessory,5,Married,10,0,20.00,2,2,4,166.00
55027,0,14,Computer,3,9,Credit Card,Male,4.00,4,Laptop & Accessory,4,Married,7,0,13.00,2,2,1,168.00
55028,0,24,Computer,1,9,Credit Card,Female,2.00,4,Grocery,5,Married,4,0,15.00,1,3,3,304.00
55029,0,2,Mobile Phone,1,26,Credit Card,Male,4.00,5,Mobile Phone,5,Married,3,0,13.00,2,4,4,157.00
55030,0,20,Mobile Phone,1,22,Debit Card,Male,3.00,4,Others,4,Married,7,0,15.00,2,2,4,316.00
55031,0,9,Mobile Phone,3,24,Debit Card,Male,4.00,4,Laptop & Accessory,5,Married,5,1,16.00,1,2,3,215.00
55032,1,1,Phone,1,24,Debit Card,Female,4.00,4,Mobile Phone,4,Married,3,0,14.00,2,2,1,147.00
55033,0,7,Computer,3,32,Credit Card,Female,3.00,4,Laptop & Accessory,3,Married,3,0,13.00,1,2,2,170.00
55034,0,10,Mobile Phone,1,13,Debit Card,Male,3.00,6,Mobile Phone,3,Married,3,0,15.00,2,2,8,152.00
55035,0,4,Mobile Phone,1,14,Debit Card,Male,3.00,4,Laptop & Accessory,3,Married,3,0,14.00,5,9,10,160.00
55036,0,18,Mobile Phone,1,36,UPI,Male,3.00,4,Laptop & Accessory,1,Single,3,0,26.00,7,14,18,170.00
55037,0,1,Mobile Phone,3,28,E wallet,Male,3.00,2,Mobile Phone,1,Single,3,0,18.00,3,3,3,152.00
55038,0,20,Mobile Phone,1,9,Cash on Delivery,Male,3.00,4,Laptop & Accessory,1,Married,4,0,12.00,1,2,5,199.00
55039,0,16,Computer,2,9,Credit Card,Male,4.00,2,Laptop & Accessory,5,Married,9,0,17.00,2,2,4,188.00
55040,0,31,Mobile Phone,3,14,E wallet,Male,3.00,2,Laptop & Accessory,1,Married,2,1,19.00,1,2,10,177.00
55041,0,6,Computer,1,20,UPI,Female,4.00,5,Mobile Phone,4,Married,3,0,21.00,3,3,3,159.00
55042,0,6,Computer,1,9,Debit Card,Female,3.00,4,Laptop & Accessory,3,Single,6,1,15.00,2,2,8,175.00
55043,0,10,Mobile Phone,1,8,Cash on Delivery,Female,4.00,6,Fashion,5,Married,4,1,22.00,8,8,3,228.00
55044,0,7,Mobile Phone,1,16,Credit Card,Male,3.00,4,Mobile Phone,1,Married,2,0,14.00,1,5,11,153.00
55045,0,14,Mobile Phone,3,17,Cash on Delivery,Female,3.00,5,Laptop & Accessory,4,Married,9,0,13.00,2,2,4,194.00
55046,0,1,Mobile Phone,3,17,Debit Card,Male,3.00,4,Laptop & Accessory,1,Single,2,0,15.00,2,2,2,175.00
55047,0,4,Mobile Phone,1,8,Credit Card,Male,4.00,4,Mobile Phone,4,Married,2,1,22.00,4,6,8,161.00
55048,0,16,Computer,1,33,Credit Card,Female,3.00,4,Fashion,5,Married,5,1,18.00,1,2,1,257.00
55049,0,9,Computer,3,15,E wallet,Female,4.00,5,Fashion,1,Married,6,1,12.00,4,5,3,229.00
55050,0,1,Phone,1,21,Debit Card,Male,3.00,4,Mobile Phone,5,Married,3,1,15.00,6,7,9,147.00
55051,0,28,Computer,1,8,Debit Card,Female,3.00,4,Fashion,3,Married,9,0,18.00,1,2,3,230.00
55052,0,18,Phone,1,9,Debit Card,Female,4.00,2,Mobile Phone,1,Married,3,0,14.00,2,8,8,145.00
55053,1,1,Computer,1,17,Credit Card,Female,4.00,5,Mobile Phone,4,Single,3,1,26.00,1,2,1,144.00
55054,0,3,Mobile Phone,1,8,Debit Card,Female,4.00,4,Mobile Phone,1,Married,3,0,16.00,2,2,3,163.00
55055,0,28,Mobile Phone,1,10,Debit Card,Male,3.00,4,Grocery,1,Married,5,0,15.00,1,2,10,303.00
55056,0,5,Mobile Phone,1,18,Credit Card,Male,4.00,4,Laptop & Accessory,5,Married,3,1,13.00,2,2,2,193.00
55057,0,5,Mobile Phone,1,31,Credit Card,Female,4.00,5,Laptop & Accessory,5,Single,3,0,20.00,2,2,9,193.00
55058,0,31,Mobile Phone,3,10,Debit Card,Female,3.00,5,Laptop & Accessory,1,Single,7,0,18.00,1,2,6,177.00
55059,0,17,Mobile Phone,1,10,Debit Card,Male,4.00,6,Others,1,Married,5,0,15.00,2,2,8,322.00
55060,0,23,Mobile Phone,1,11,Credit Card,Male,3.00,5,Others,3,Married,4,0,15.00,1,2,1,312.00
55061,0,10,Computer,1,10,COD,Male,3.00,4,Mobile Phone,4,Married,3,0,13.00,1,2,8,162.00
55062,0,22,Mobile Phone,1,9,COD,Male,4.00,2,Mobile Phone,4,Single,7,0,12.00,1,2,1,151.00
55063,0,1,Mobile Phone,1,11,Debit Card,Male,4.00,4,Mobile Phone,3,Married,3,0,12.00,2,2,4,150.00
55064,0,3,Mobile Phone,1,14,Debit Card,Male,3.00,4,Laptop & Accessory,1,Married,3,1,12.00,2,2,1,191.00
55065,0,22,Mobile Phone,1,8,Debit Card,Male,4.00,5,Others,1,Single,8,0,15.00,2,2,1,308.00
55066,0,3,Mobile Phone,1,8,Debit Card,Female,3.00,5,Grocery,1,Married,5,0,15.00,1,2,8,286.00
55067,0,8,Mobile Phone,1,27,COD,Female,3.00,2,Mobile Phone,3,Married,2,0,18.00,2,2,1,151.00
55068,0,18,Mobile Phone,3,12,E wallet,Male,3.00,4,Others,4,Married,9,0,15.00,2,4,11,307.00
55069,0,7,Mobile Phone,3,17,E wallet,Male,3.00,2,Fashion,3,Married,2,1,15.00,1,2,9,209.00
55070,0,1,Mobile Phone,1,32,Debit Card,Female,3.00,2,Mobile Phone,1,Single,3,1,13.00,1,2,2,155.00
55071,0,1,Phone,1,8,Debit Card,Male,3.00,4,Mobile Phone,3,Married,3,0,23.00,2,2,2,137.00
55072,1,1,Computer,3,31,Debit Card,Male,4.00,6,Mobile Phone,1,Single,3,1,15.00,2,2,1,136.00
55073,0,1,Mobile Phone,1,11,Debit Card,Male,3.00,4,Mobile Phone,1,Single,3,1,21.00,3,3,3,154.00
55074,1,9,Mobile Phone,3,9,E wallet,Female,4.00,6,Others,4,Single,4,1,15.00,2,2,12,313.00
55075,0,29,Computer,1,15,Credit Card,Male,3.00,5,Grocery,4,Married,3,1,16.00,3,16,1,261.00
55076,1,1,Computer,1,17,Debit Card,Female,3.00,5,Mobile Phone,3,Single,3,0,21.00,2,3,3,151.00
55077,0,20,Mobile Phone,3,11,E wallet,Female,3.00,5,Others,4,Married,4,0,15.00,2,2,9,313.00
55078,0,8,Mobile Phone,3,9,E wallet,Female,3.00,4,Laptop & Accessory,5,Single,2,1,13.00,2,2,3,170.00
55079,0,25,Computer,3,16,Debit Card,Male,3.00,4,Others,4,Married,6,1,25.00,7,12,11,323.00
55080,0,31,Mobile Phone,1,25,Credit Card,Male,4.00,4,Fashion,1,Single,8,0,13.00,4,6,3,230.00
55081,0,8,Computer,1,26,Credit Card,Female,3.00,4,Laptop & Accessory,4,Married,6,0,14.00,1,6,11,169.00
55082,0,2,Computer,1,8,Credit Card,Male,3.00,4,Mobile Phone,3,Single,2,1,12.00,2,2,3,147.00
55083,0,18,Mobile Phone,1,11,Debit Card,Male,4.00,2,Others,5,Married,3,0,15.00,3,15,14,317.00
55084,0,8,Computer,2,18,Debit Card,Male,3.00,5,Laptop & Accessory,4,Married,6,0,12.00,1,2,9,170.00
55085,0,9,Mobile Phone,1,13,Debit Card,Male,4.00,4,Mobile Phone,3,Married,2,1,15.00,2,3,3,160.00
55086,0,16,Phone,1,14,Credit Card,Female,4.00,2,Laptop & Accessory,4,Married,8,1,17.00,1,2,1,149.00
55087,0,17,Mobile Phone,3,11,E wallet,Female,3.00,5,Fashion,1,Single,5,0,15.00,11,16,3,227.00
55088,0,10,Mobile Phone,1,9,Debit Card,Female,3.00,4,Laptop & Accessory,4,Single,11,1,12.00,5,6,13,179.00
55089,1,8,Mobile Phone,1,22,Credit Card,Female,4.00,4,Fashion,1,Married,3,0,12.00,1,2,6,205.00
55090,0,2,Computer,1,9,Debit Card,Male,3.00,5,Mobile Phone,1,Married,3,1,13.00,1,3,3,164.00
55091,0,25,Computer,1,13,Credit Card,Female,3.00,5,Mobile Phone,3,Single,2,0,15.00,4,8,8,153.00
55092,0,4,Computer,1,16,Credit Card,Female,4.00,4,Laptop & Accessory,3,Single,9,1,19.00,1,2,8,172.00
55093,1,1,Mobile Phone,1,14,COD,Female,3.00,4,Mobile Phone,3,Married,5,1,14.00,5,8,8,158.00
55094,0,2,Phone,1,8,COD,Male,3.00,4,Mobile Phone,5,Single,4,0,12.00,2,2,3,146.00
55095,0,1,Phone,1,8,Credit Card,Female,3.00,4,Mobile Phone,4,Single,3,0,19.00,2,3,2,146.00
55096,0,6,Mobile Phone,3,15,Credit Card,Male,3.00,2,Laptop & Accessory,1,Married,3,0,16.00,1,2,9,187.00
55097,0,19,Computer,1,32,Credit Card,Female,3.00,4,Others,4,Single,5,0,15.00,1,2,1,306.00
55098,0,13,Mobile Phone,1,20,Credit Card,Female,4.00,5,Grocery,4,Married,8,1,15.00,11,16,3,296.00
55099,0,31,Phone,1,30,Debit Card,Male,3.00,4,Mobile Phone,3,Married,3,0,13.00,2,3,3,149.00
55100,1,1,Mobile Phone,1,14,Debit Card,Male,4.00,4,Laptop & Accessory,3,Married,3,0,19.00,1,2,2,174.00
55101,1,3,Mobile Phone,1,30,Credit Card,Male,4.00,4,Mobile Phone,5,Single,2,0,14.00,1,2,4,164.00
55102,0,4,Mobile Phone,1,13,COD,Female,3.00,5,Laptop & Accessory,1,Married,2,0,13.00,6,7,8,171.00
55103,0,10,Mobile Phone,1,17,Cash on Delivery,Female,4.00,4,Fashion,3,Married,5,0,13.00,2,2,8,196.00
55104,0,20,Mobile Phone,2,8,Debit Card,Female,3.00,4,Mobile Phone,5,Single,8,0,13.00,3,6,8,159.00
55105,0,2,Computer,1,8,Debit Card,Female,3.00,6,Laptop & Accessory,1,Married,2,0,12.00,8,8,6,192.00
55106,0,24,Mobile Phone,1,35,Debit Card,Female,3.00,4,Grocery,5,Married,6,1,15.00,1,2,3,294.00
55107,1,4,Mobile Phone,3,32,E wallet,Male,3.00,5,Fashion,4,Single,4,1,13.00,2,2,3,216.00
55108,1,16,Mobile Phone,3,12,Debit Card,Male,4.00,4,Fashion,4,Single,11,1,20.00,8,8,3,209.00
55109,0,4,Mobile Phone,1,24,Credit Card,Female,4.00,4,Fashion,5,Married,3,1,24.00,2,2,9,244.00
55110,0,13,Mobile Phone,1,25,Debit Card,Male,3.00,4,Laptop & Accessory,3,Single,2,0,12.00,2,2,8,170.00
55111,0,5,Computer,3,9,Debit Card,Female,3.00,4,Fashion,3,Married,3,1,20.00,9,10,3,224.00
55112,0,15,Computer,3,17,Credit Card,Male,3.00,6,Laptop & Accessory,4,Single,3,0,14.00,4,12,10,187.00
55113,1,1,Computer,3,8,Debit Card,Female,3.00,4,Mobile Phone,4,Single,3,1,12.00,3,3,3,148.00
55114,1,8,Phone,1,10,Debit Card,Male,3.00,4,Mobile Phone,5,Married,6,0,13.00,2,2,3,149.00
55115,0,16,Computer,1,9,Debit Card,Male,3.00,4,Grocery,3,Married,2,1,15.00,1,3,11,304.00
55116,0,29,Mobile Phone,1,9,Credit Card,Female,3.00,6,Others,3,Married,6,0,15.00,5,10,12,317.00
55117,0,30,Mobile Phone,2,15,Debit Card,Male,4.00,4,Others,4,Single,8,0,15.00,3,8,8,322.00
55118,0,14,Computer,1,23,Debit Card,Male,4.00,4,Mobile Phone,3,Married,11,0,17.00,2,2,1,160.00
55119,0,8,Mobile Phone,1,16,Debit Card,Male,3.00,4,Fashion,1,Married,2,0,12.00,1,2,3,210.00
55120,0,14,Mobile Phone,1,9,Debit Card,Male,4.00,4,Laptop & Accessory,1,Single,3,0,14.00,4,9,9,172.00
55121,0,15,Computer,3,8,E wallet,Female,4.00,4,Laptop & Accessory,5,Married,2,0,18.00,1,2,8,166.00
55122,0,9,Computer,1,11,Debit Card,Male,3.00,4,Laptop & Accessory,3,Single,3,1,12.00,2,2,2,167.00
55123,0,25,Mobile Phone,2,12,Debit Card,Male,3.00,4,Grocery,4,Married,3,1,12.00,1,2,11,265.00
55124,0,12,Mobile Phone,3,9,Debit Card,Female,3.00,4,Laptop & Accessory,5,Married,5,0,16.00,1,2,8,194.00
55125,0,8,Mobile Phone,3,22,Credit Card,Female,4.00,4,Laptop & Accessory,5,Single,3,0,13.00,5,10,7,186.00
55126,0,1,Mobile Phone,1,26,Credit Card,Male,4.00,4,Mobile Phone,1,Married,5,0,12.00,1,2,3,162.00
55127,1,21,Mobile Phone,1,14,Credit Card,Female,3.00,5,Fashion,5,Married,9,1,15.00,2,6,3,225.00
55128,0,14,Phone,1,8,Debit Card,Male,3.00,4,Mobile Phone,4,Married,5,0,23.00,2,2,4,149.00
55129,0,10,Computer,3,14,E wallet,Female,3.00,2,Laptop & Accessory,5,Married,4,0,17.00,6,7,14,171.00
55130,0,22,Mobile Phone,1,11,Debit Card,Male,3.00,4,Fashion,1,Single,3,0,12.00,2,2,9,204.00
55131,0,1,Mobile Phone,3,18,Credit Card,Female,4.00,2,Mobile Phone,1,Married,10,0,15.00,1,2,1,150.00
55132,0,25,Mobile Phone,1,18,Cash on Delivery,Female,3.00,5,Grocery,4,Single,5,0,17.00,1,2,4,256.00
55133,0,1,Computer,1,8,Debit Card,Female,4.00,4,Mobile Phone,1,Single,3,0,16.00,2,2,1,141.00
55134,0,9,Mobile Phone,1,8,Credit Card,Female,3.00,5,Laptop & Accessory,1,Married,2,0,13.00,1,2,1,179.00
55135,0,1,Computer,3,9,Debit Card,Male,3.00,6,Laptop & Accessory,1,Single,5,0,21.00,1,2,1,176.00
55136,1,19,Mobile Phone,3,20,E wallet,Male,3.00,2,Grocery,3,Single,8,1,18.00,1,4,9,262.00
55137,0,30,Mobile Phone,1,30,Debit Card,Male,4.00,4,Grocery,4,Married,6,1,13.00,14,2,10,259.00
55138,0,8,Computer,1,33,COD,Female,4.00,5,Mobile Phone,3,Married,3,0,21.00,2,2,1,145.00
55139,0,14,Mobile Phone,1,9,Credit Card,Female,3.00,2,Laptop & Accessory,3,Married,7,0,21.00,7,12,9,189.00
55140,0,8,Mobile Phone,1,36,Credit Card,Male,3.00,4,Laptop & Accessory,3,Married,6,0,14.00,6,8,8,179.00
55141,1,1,Computer,3,9,Debit Card,Female,3.00,5,Mobile Phone,1,Single,9,0,15.00,1,2,1,153.00
55142,1,1,Computer,3,25,E wallet,Female,4.00,4,Laptop & Accessory,3,Married,2,1,19.00,1,4,3,171.00
55143,0,12,Computer,1,14,Debit Card,Male,3.00,2,Mobile Phone,3,Married,3,0,12.00,1,2,4,151.00
55144,0,8,Mobile Phone,1,9,COD,Female,4.00,4,Laptop & Accessory,1,Single,3,0,12.00,5,5,12,192.00
55145,0,2,Mobile Phone,3,33,Debit Card,Male,3.00,5,Laptop & Accessory,5,Married,3,0,12.00,2,2,5,172.00
55146,1,1,Mobile Phone,1,29,Credit Card,Male,4.00,4,Laptop & Accessory,3,Married,3,1,16.00,6,7,8,187.00
55147,0,13,Mobile Phone,3,28,Debit Card,Male,3.00,5,Laptop & Accessory,1,Married,5,1,13.00,1,2,5,186.00
55148,0,25,Computer,3,9,E wallet,Male,3.00,4,Fashion,4,Married,4,0,12.00,4,4,3,231.00
55149,0,15,Computer,1,29,Debit Card,Female,4.00,4,Laptop & Accessory,1,Married,5,1,15.00,3,4,4,180.00
55150,0,11,Mobile Phone,1,11,Debit Card,Male,3.00,4,Mobile Phone,3,Married,9,1,16.00,2,2,4,155.00
55151,0,7,Computer,3,12,Debit Card,Male,4.00,4,Laptop & Accessory,1,Married,8,0,14.00,2,2,3,225.00
55152,0,6,Mobile Phone,3,9,E wallet,Male,3.00,4,Laptop & Accessory,4,Married,2,1,14.00,2,2,3,166.00
55153,0,13,Computer,1,32,Debit Card,Male,4.00,4,Fashion,3,Married,5,0,22.00,1,2,6,234.00
55154,0,1,Mobile Phone,3,25,Debit Card,Male,4.00,2,Laptop & Accessory,3,Married,4,0,12.00,2,2,3,187.00
55155,0,26,Computer,1,35,Credit Card,Female,3.00,2,Grocery,3,Married,4,1,12.00,2,2,3,257.00
55156,0,17,Mobile Phone,1,13,Credit Card,Female,4.00,5,Laptop & Accessory,3,Single,3,1,15.00,1,2,9,166.00
55157,0,1,Mobile Phone,3,17,E wallet,Female,4.00,5,Laptop & Accessory,1,Married,3,1,12.00,2,5,5,183.00
55158,1,1,Phone,1,24,Debit Card,Female,3.00,4,Mobile Phone,3,Single,3,1,14.00,5,8,8,149.00
55159,0,1,Mobile Phone,1,9,Credit Card,Male,3.00,5,Mobile Phone,1,Single,2,0,13.00,2,2,2,164.00
55160,0,16,Mobile Phone,2,17,UPI,Female,3.00,4,Grocery,5,Married,2,0,15.00,1,2,10,293.00
55161,0,26,Mobile Phone,1,15,UPI,Female,3.00,4,Mobile Phone,5,Married,11,0,14.00,2,2,5,155.00
55162,0,11,Mobile Phone,1,18,Credit Card,Female,4.00,4,Mobile Phone,3,Single,6,0,19.00,2,2,3,161.00
55163,0,9,Computer,1,25,Debit Card,Male,3.00,4,Fashion,1,Single,4,0,12.00,3,3,3,219.00
55164,0,1,Mobile Phone,1,8,COD,Male,3.00,4,Mobile Phone,1,Married,6,0,12.00,1,2,3,157.00
55165,0,1,Mobile Phone,1,14,UPI,Male,4.00,2,Mobile Phone,5,Single,2,0,13.00,1,2,8,161.00
55166,0,3,Mobile Phone,2,24,UPI,Male,3.00,5,Fashion,5,Single,3,0,14.00,1,2,10,205.00
55167,1,13,Computer,1,35,Debit Card,Male,4.00,5,Laptop & Accessory,5,Single,5,0,21.00,1,2,4,168.00
55168,1,1,Computer,1,21,UPI,Female,3.00,4,Fashion,1,Single,2,1,13.00,5,8,8,201.00
55169,0,28,Mobile Phone,1,8,Credit Card,Female,3.00,4,Grocery,1,Single,8,0,15.00,7,13,8,298.00
55170,0,31,Mobile Phone,1,8,Credit Card,Female,4.00,4,Others,5,Married,5,1,15.00,2,2,6,322.00
55171,0,29,Mobile Phone,1,8,Credit Card,Male,3.00,2,Grocery,1,Married,4,0,14.00,1,2,1,272.00
55172,0,10,Mobile Phone,3,10,E wallet,Female,4.00,4,Laptop & Accessory,4,Single,5,1,17.00,1,2,3,218.00
55173,1,1,Computer,3,8,Debit Card,Female,3.00,6,Mobile Phone,3,Single,3,0,13.00,1,2,1,139.00
55174,0,4,Mobile Phone,3,14,E wallet,Female,4.00,4,Laptop & Accessory,5,Married,9,0,15.00,2,2,3,173.00
55175,0,5,Mobile Phone,1,15,Debit Card,Female,4.00,4,Grocery,4,Single,5,0,12.00,1,2,1,289.00
55177,1,1,Phone,1,15,Debit Card,Female,3.00,5,Mobile Phone,4,Single,3,0,13.00,1,2,1,138.00
55178,0,1,Phone,1,18,Debit Card,Male,4.00,4,Mobile Phone,5,Married,2,0,15.00,2,2,5,146.00
55179,0,10,Mobile Phone,1,11,Debit Card,Male,3.00,5,Laptop & Accessory,1,Single,3,0,17.00,1,2,9,183.00
55180,0,10,Mobile Phone,3,23,E wallet,Female,4.00,5,Laptop & Accessory,5,Married,6,0,14.00,2,2,3,181.00
55181,0,21,Mobile Phone,1,8,COD,Male,4.00,4,Mobile Phone,1,Married,9,0,13.00,2,2,3,159.00
55182,1,1,Mobile Phone,3,16,Debit Card,Male,4.00,5,Mobile Phone,5,Married,5,0,13.00,3,3,3,169.00
55183,0,11,Computer,1,12,COD,Male,3.00,2,Mobile Phone,3,Single,2,0,15.00,1,2,4,160.00
55184,0,30,Phone,1,8,Debit Card,Female,3.00,4,Mobile Phone,5,Married,4,0,23.00,1,2,1,146.00
55185,0,21,Mobile Phone,1,9,Credit Card,Female,3.00,4,Grocery,3,Married,5,0,15.00,3,6,7,297.00
55186,0,1,Mobile Phone,3,11,Credit Card,Female,3.00,4,Laptop & Accessory,3,Married,3,1,13.00,2,2,4,167.00
55187,0,6,Mobile Phone,3,14,E wallet,Male,4.00,4,Laptop & Accessory,1,Married,6,0,13.00,1,2,3,217.00
55188,0,8,Mobile Phone,1,8,Debit Card,Female,3.00,5,Mobile Phone,4,Married,7,0,18.00,2,2,3,158.00
55189,0,15,Phone,1,12,Credit Card,Male,3.00,2,Mobile Phone,3,Married,4,1,13.00,1,2,4,146.00
55190,0,14,Computer,1,16,UPI,Male,3.00,4,Laptop & Accessory,3,Married,5,0,12.00,1,2,8,165.00
55191,0,5,Mobile Phone,3,15,Debit Card,Male,3.00,4,Fashion,1,Married,3,0,19.00,3,2,10,233.00
55192,1,10,Mobile Phone,3,16,E wallet,Male,3.00,4,Fashion,1,Married,6,0,12.00,5,5,3,226.00
55193,1,3,Computer,1,9,Debit Card,Female,3.00,5,Mobile Phone,5,Single,4,1,24.00,1,2,1,161.00
55194,1,1,Computer,1,8,Debit Card,Female,4.00,2,Fashion,4,Single,3,0,12.00,2,5,8,199.00
55195,0,19,Mobile Phone,1,27,Credit Card,Male,4.00,6,Fashion,5,Married,4,1,19.00,2,2,8,234.00
55196,0,5,Phone,2,15,Credit Card,Female,4.00,2,Mobile Phone,4,Single,11,0,19.00,2,2,3,146.00
55197,1,1,Computer,1,9,Debit Card,Male,4.00,4,Mobile Phone,1,Married,8,1,14.00,1,3,3,162.00
55198,0,19,Mobile Phone,1,36,Cash on Delivery,Male,3.00,4,Fashion,1,Married,6,1,19.00,2,2,3,219.00
55199,0,22,Mobile Phone,3,14,E wallet,Male,4.00,4,Laptop & Accessory,5,Married,6,0,12.00,1,3,3,180.00
55200,1,1,Mobile Phone,2,16,COD,Female,3.00,4,Mobile Phone,3,Married,3,0,16.00,3,3,3,152.00
55201,0,14,Computer,1,15,Credit Card,Male,3.00,5,Fashion,4,Married,4,0,12.00,1,5,9,263.00
55202,0,2,Mobile Phone,3,12,Credit Card,Male,3.00,4,Laptop & Accessory,5,Single,2,0,19.00,1,2,3,210.00
55203,0,18,Computer,1,12,Debit Card,Male,3.00,5,Mobile Phone,3,Single,5,0,15.00,1,2,4,157.00
55204,0,27,Mobile Phone,1,9,Credit Card,Male,3.00,2,Grocery,4,Single,6,0,13.00,1,9,9,291.00
55205,0,23,Mobile Phone,1,12,COD,Male,4.00,4,Laptop & Accessory,3,Married,4,0,15.00,1,2,3,192.00
55206,0,14,Phone,1,9,Credit Card,Male,4.00,4,Mobile Phone,3,Married,4,0,15.00,2,2,3,148.00
55207,0,18,Mobile Phone,1,27,Debit Card,Male,3.00,4,Mobile Phone,4,Single,3,0,14.00,2,2,4,159.00
55208,0,7,Computer,3,14,Credit Card,Male,3.00,4,Laptop & Accessory,5,Married,2,0,15.00,2,2,4,169.00
55209,0,8,Mobile Phone,3,10,UPI,Male,3.00,6,Laptop & Accessory,5,Single,5,0,19.00,3,4,13,173.00
55210,0,4,Mobile Phone,3,23,Debit Card,Male,4.00,4,Laptop & Accessory,3,Married,10,0,16.00,2,3,3,178.00
55211,0,16,Computer,1,16,Credit Card,Female,4.00,4,Mobile Phone,1,Single,3,0,14.00,1,6,9,162.00
55212,0,18,Computer,3,8,E wallet,Female,4.00,4,Laptop & Accessory,3,Married,9,0,13.00,1,2,1,173.00
55213,0,4,Computer,1,14,COD,Male,4.00,4,Mobile Phone,3,Married,3,0,14.00,1,2,1,138.00
55214,0,31,Mobile Phone,1,8,Debit Card,Male,4.00,2,Laptop & Accessory,3,Married,2,0,25.00,2,3,9,174.00
55215,0,23,Mobile Phone,1,14,Debit Card,Male,3.00,4,Fashion,4,Married,5,0,15.00,1,2,3,230.00
55216,0,8,Computer,1,22,Credit Card,Male,4.00,4,Grocery,5,Married,9,0,15.00,3,7,10,295.00
55217,1,1,Computer,3,8,COD,Male,4.00,4,Mobile Phone,3,Married,5,0,16.00,2,2,3,154.00
55218,1,1,Computer,3,20,COD,Female,3.00,4,Laptop & Accessory,4,Single,7,0,12.00,2,2,1,183.00
55219,1,1,Mobile Phone,3,31,Credit Card,Female,3.00,5,Laptop & Accessory,4,Single,2,1,24.00,5,11,11,171.00
55220,0,9,Phone,3,14,Debit Card,Male,4.00,4,Mobile Phone,3,Married,3,0,14.00,1,2,1,149.00
55221,1,1,Computer,1,16,Credit Card,Male,3.00,4,Mobile Phone,5,Single,4,1,12.00,1,2,1,157.00
55222,0,1,Computer,3,20,Debit Card,Female,4.00,4,Mobile Phone,4,Married,3,0,14.00,1,2,1,145.00
55223,0,18,Computer,1,9,Credit Card,Male,3.00,4,Fashion,3,Single,7,1,19.00,3,3,3,227.00
55224,0,3,Mobile Phone,3,26,Debit Card,Male,4.00,5,Laptop & Accessory,3,Married,3,0,15.00,2,2,3,211.00
55225,0,4,Phone,2,8,Debit Card,Male,3.00,4,Mobile Phone,3,Married,2,0,22.00,1,2,4,146.00
55226,0,29,Mobile Phone,1,11,Debit Card,Male,2.00,4,Laptop & Accessory,3,Married,2,1,17.00,2,2,3,165.00
55227,0,7,Mobile Phone,1,11,Credit Card,Female,3.00,5,Mobile Phone,4,Married,10,0,12.00,2,2,3,163.00
55228,0,21,Mobile Phone,3,21,Credit Card,Female,4.00,4,Laptop & Accessory,3,Married,5,1,18.00,2,2,3,171.00
55229,1,1,Computer,1,9,Credit Card,Male,3.00,5,Mobile Phone,5,Single,9,0,12.00,2,2,1,151.00
55230,0,2,Phone,1,8,Debit Card,Male,4.00,5,Mobile Phone,3,Married,3,0,15.00,1,2,1,141.00
55231,0,2,Computer,3,14,Debit Card,Male,3.00,4,Laptop & Accessory,5,Single,2,0,15.00,2,2,4,174.00
55232,0,23,Mobile Phone,1,10,Credit Card,Female,3.00,5,Laptop & Accessory,5,Married,6,0,26.00,1,2,3,173.00
55233,0,3,Computer,1,9,Debit Card,Female,4.00,4,Mobile Phone,4,Married,2,0,14.00,2,2,3,157.00
55234,0,2,Mobile Phone,1,36,Debit Card,Male,4.00,6,Laptop & Accessory,4,Married,3,0,15.00,1,2,8,190.00
55235,0,7,Mobile Phone,1,15,Debit Card,Male,4.00,4,Laptop & Accessory,3,Single,4,1,18.00,2,2,1,189.00
55236,0,6,Mobile Phone,1,17,Credit Card,Male,4.00,4,Fashion,1,Single,4,0,26.00,1,2,1,237.00
55237,0,28,Computer,1,18,Credit Card,Female,3.00,4,Grocery,1,Married,5,0,21.00,1,2,13,285.00
55238,1,1,Phone,1,8,COD,Male,4.00,5,Mobile Phone,5,Single,8,0,14.00,2,2,8,149.00
55239,0,18,Mobile Phone,1,35,Debit Card,Male,3.00,4,Grocery,5,Married,5,0,14.00,1,15,18,288.00
55240,0,13,Mobile Phone,1,13,Debit Card,Female,3.00,4,Fashion,4,Single,6,0,19.00,3,3,3,209.00
55241,0,20,Mobile Phone,3,10,Debit Card,Female,3.00,4,Grocery,4,Married,10,0,13.00,1,6,2,291.00
55242,0,9,Mobile Phone,1,23,Debit Card,Female,4.00,5,Fashion,4,Single,3,0,20.00,4,4,3,211.00
55243,0,1,Phone,1,27,Debit Card,Male,4.00,4,Laptop & Accessory,3,Single,2,0,15.00,2,2,3,148.00
55244,1,4,Phone,1,16,Debit Card,Male,3.00,4,Mobile Phone,5,Single,5,0,15.00,2,2,1,145.00
55245,0,8,Mobile Phone,3,8,Cash on Delivery,Male,4.00,5,Fashion,3,Married,3,1,15.00,8,9,7,196.00
55246,1,1,Computer,1,10,Debit Card,Female,3.00,4,Mobile Phone,3,Single,3,0,13.00,3,8,8,166.00
55247,0,24,Computer,1,29,Credit Card,Male,3.00,6,Grocery,1,Single,3,1,14.00,1,14,10,269.00
55248,0,8,Phone,3,14,COD,Male,3.00,4,Mobile Phone,3,Married,2,1,26.00,4,6,8,148.00
55249,0,16,Mobile Phone,1,9,Credit Card,Male,4.00,5,Mobile Phone,4,Married,6,0,15.00,1,2,1,173.00
55250,0,11,Mobile Phone,1,20,Credit Card,Male,3.00,4,Laptop & Accessory,1,Married,3,0,18.00,3,4,8,168.00
55251,0,3,Mobile Phone,1,15,UPI,Female,3.00,6,Laptop & Accessory,5,Married,5,0,14.00,2,2,3,222.00
55252,0,7,Mobile Phone,1,32,Debit Card,Male,3.00,5,Laptop & Accessory,4,Single,3,0,14.00,2,2,3,168.00
55253,0,19,Phone,1,35,COD,Male,4.00,4,Mobile Phone,1,Married,6,0,21.00,2,2,4,146.00
55254,0,16,Computer,1,9,Debit Card,Male,3.00,4,Fashion,1,Married,4,1,15.00,5,14,3,226.00
55255,0,14,Mobile Phone,3,16,Credit Card,Male,3.00,4,Laptop & Accessory,5,Married,2,0,13.00,8,8,2,180.00
55256,0,7,Mobile Phone,1,35,Debit Card,Male,4.00,4,Laptop & Accessory,3,Married,3,1,13.00,5,6,8,177.00
55257,0,14,Mobile Phone,2,13,Credit Card,Male,3.00,4,Grocery,1,Single,3,1,22.00,1,8,8,289.00
55258,0,1,Phone,1,28,COD,Male,3.00,5,Mobile Phone,5,Married,2,0,15.00,1,2,1,148.00
55259,0,14,Computer,1,15,Debit Card,Male,4.00,4,Laptop & Accessory,1,Married,5,1,19.00,2,3,3,166.00
55260,0,19,Mobile Phone,1,8,Cash on Delivery,Male,4.00,4,Fashion,4,Married,3,0,13.00,4,8,8,199.00
55261,0,9,Phone,3,35,Debit Card,Female,4.00,5,Mobile Phone,3,Married,2,0,24.00,3,5,3,149.00
55262,0,6,Mobile Phone,1,12,Debit Card,Female,4.00,5,Laptop & Accessory,4,Married,5,0,13.00,2,3,6,184.00
55263,0,10,Mobile Phone,3,9,Debit Card,Male,4.00,4,Mobile Phone,1,Single,5,1,22.00,2,2,3,151.00
55264,0,22,Mobile Phone,3,23,Debit Card,Female,4.00,4,Laptop & Accessory,3,Married,10,0,15.00,8,8,8,189.00
55265,0,3,Mobile Phone,1,16,Debit Card,Male,4.00,2,Mobile Phone,3,Married,8,0,19.00,1,2,1,150.00
55266,0,7,Mobile Phone,3,15,Debit Card,Male,3.00,4,Laptop & Accessory,5,Married,4,0,14.00,3,3,3,189.00
55267,1,1,Mobile Phone,3,8,Debit Card,Male,4.00,5,Laptop & Accessory,5,Married,3,0,12.00,2,7,3,222.00
55268,0,12,Computer,2,17,UPI,Male,4.00,4,Laptop & Accessory,3,Married,5,0,12.00,1,2,3,186.00
55269,0,9,Phone,1,8,Credit Card,Male,4.00,5,Mobile Phone,5,Single,3,0,20.00,2,2,3,150.00
55270,0,8,Mobile Phone,3,36,Cash on Delivery,Male,3.00,4,Fashion,4,Married,5,0,13.00,2,2,3,218.00
55271,1,1,Phone,1,9,Debit Card,Female,4.00,4,Mobile Phone,5,Married,3,1,13.00,2,2,1,146.00
55272,1,17,Mobile Phone,1,9,Cash on Delivery,Female,4.00,5,Fashion,1,Married,2,0,17.00,1,2,3,227.00
55273,1,2,Mobile Phone,1,9,Credit Card,Male,3.00,4,Laptop & Accessory,4,Married,6,0,12.00,2,2,5,174.00
55274,0,6,Computer,1,8,COD,Male,4.00,4,Laptop & Accessory,5,Married,6,0,15.00,1,2,3,166.00
55275,0,22,Phone,1,22,UPI,Female,4.00,4,Mobile Phone,5,Married,10,0,13.00,7,8,7,149.00
55276,0,8,Mobile Phone,1,14,Credit Card,Male,3.00,4,Mobile Phone,1,Single,3,0,14.00,1,2,1,155.00
55277,0,29,Mobile Phone,3,33,E wallet,Male,3.00,5,Others,1,Married,3,0,15.00,1,3,14,321.00
55278,0,8,Mobile Phone,1,8,Debit Card,Male,3.00,4,Laptop & Accessory,1,Married,11,0,18.00,1,3,2,180.00
55279,0,1,Phone,1,10,Debit Card,Female,3.00,4,Mobile Phone,1,Married,3,0,22.00,2,2,1,146.00
55280,0,12,Mobile Phone,3,21,Debit Card,Male,4.00,4,Laptop & Accessory,4,Married,2,0,12.00,4,8,3,224.00
55281,0,12,Mobile Phone,3,23,Debit Card,Female,3.00,4,Laptop & Accessory,4,Single,4,0,13.00,2,2,3,167.00
55282,0,10,Mobile Phone,3,8,Debit Card,Female,4.00,4,Laptop & Accessory,3,Single,8,0,14.00,2,2,1,193.00
55283,0,3,Mobile Phone,1,10,Credit Card,Male,3.00,4,Mobile Phone,5,Single,3,1,19.00,1,2,6,172.00
55284,0,9,Mobile Phone,1,17,Credit Card,Female,3.00,4,Laptop & Accessory,3,Single,5,1,17.00,1,2,5,186.00
55285,0,13,Mobile Phone,3,13,Credit Card,Male,3.00,2,Fashion,3,Married,4,0,12.00,4,8,7,207.00
55286,0,3,Computer,1,9,Debit Card,Male,3.00,4,Laptop & Accessory,1,Married,3,0,20.00,2,2,3,214.00
55287,0,24,Mobile Phone,3,16,E wallet,Male,3.00,4,Others,3,Married,6,1,15.00,1,2,1,318.00
55288,0,1,Phone,1,17,COD,Male,3.00,2,Mobile Phone,3,Married,4,0,17.00,1,3,3,146.00
55289,0,10,Computer,1,13,Debit Card,Male,4.00,2,Laptop & Accessory,5,Married,5,1,14.00,1,2,3,181.00
55290,0,16,Mobile Phone,1,16,UPI,Male,4.00,5,Others,1,Single,10,0,15.00,2,2,2,321.00
55291,0,9,Mobile Phone,1,35,Debit Card,Male,3.00,2,Laptop & Accessory,3,Married,3,0,18.00,7,7,9,159.00
55292,0,8,Computer,1,17,COD,Male,4.00,5,Laptop & Accessory,3,Married,3,0,15.00,2,8,8,176.00
55293,0,14,Mobile Phone,3,21,Debit Card,Female,3.00,4,Laptop & Accessory,5,Married,3,0,16.00,1,2,3,171.00
55294,0,17,Mobile Phone,1,34,COD,Male,3.00,2,Mobile Phone,4,Married,7,0,13.00,2,2,3,174.00
55295,0,9,Mobile Phone,1,14,Debit Card,Male,4.00,5,Mobile Phone,1,Married,3,0,19.00,2,2,2,152.00
55296,0,20,Mobile Phone,3,8,Debit Card,Male,3.00,2,Grocery,5,Single,3,0,15.00,1,2,13,301.00
55297,1,1,Phone,1,31,Credit Card,Male,3.00,4,Mobile Phone,4,Married,3,1,18.00,1,2,1,149.00
55298,0,1,Computer,1,33,UPI,Female,3.00,5,Mobile Phone,3,Married,3,1,15.00,2,2,4,153.00
55299,0,24,Computer,1,27,Credit Card,Male,3.00,4,Grocery,3,Married,4,1,16.00,1,2,14,237.00
55300,0,6,Mobile Phone,1,12,UPI,Female,3.00,2,Mobile Phone,1,Married,5,0,18.00,2,2,3,158.00
55301,0,18,Mobile Phone,1,14,Credit Card,Female,3.00,4,Others,1,Married,2,1,15.00,1,2,11,315.00
55302,0,4,Phone,1,14,Credit Card,Male,3.00,5,Mobile Phone,4,Married,3,0,13.00,2,2,2,146.00
55303,0,19,Mobile Phone,1,12,Credit Card,Female,3.00,6,Laptop & Accessory,5,Single,3,1,15.00,1,2,5,183.00
55304,0,19,Computer,3,33,E wallet,Male,3.00,5,Laptop & Accessory,5,Married,3,0,16.00,4,5,6,169.00
55305,0,5,Computer,3,9,UPI,Male,3.00,4,Laptop & Accessory,5,Single,9,0,14.00,2,2,4,178.00
55306,0,10,Mobile Phone,1,19,Debit Card,Female,4.00,4,Laptop & Accessory,3,Married,11,1,13.00,1,2,2,172.00
55307,0,8,Computer,1,17,Debit Card,Male,3.00,2,Laptop & Accessory,1,Married,3,0,14.00,4,8,3,172.00
55308,0,23,Mobile Phone,1,32,Debit Card,Female,3.00,4,Mobile Phone,5,Married,3,0,15.00,2,2,5,157.00
55309,0,13,Mobile Phone,1,17,Credit Card,Male,4.00,4,Laptop & Accessory,5,Married,4,0,14.00,4,8,8,179.00
55310,0,1,Mobile Phone,1,26,UPI,Male,4.00,5,Mobile Phone,5,Married,3,0,12.00,1,2,8,166.00
55311,0,9,Mobile Phone,1,25,Debit Card,Male,3.00,2,Laptop & Accessory,5,Married,3,0,12.00,2,2,11,177.00
55312,0,2,Mobile Phone,1,34,Credit Card,Female,3.00,6,Laptop & Accessory,5,Married,2,0,22.00,2,2,1,174.00
55313,0,1,Mobile Phone,1,12,Credit Card,Male,4.00,4,Mobile Phone,1,Single,3,0,19.00,1,3,3,156.00
55314,1,1,Computer,3,10,Credit Card,Female,4.00,4,Mobile Phone,1,Single,3,1,13.00,2,2,1,141.00
55315,0,21,Mobile Phone,2,33,Debit Card,Female,4.00,4,Others,3,Married,5,0,15.00,2,2,1,322.00
55316,0,13,Mobile Phone,1,10,Credit Card,Male,4.00,5,Laptop & Accessory,3,Married,2,0,16.00,1,2,8,156.00
55317,0,14,Mobile Phone,1,22,Debit Card,Female,4.00,5,Fashion,3,Married,3,0,14.00,7,15,3,229.00
55318,0,9,Computer,1,15,Debit Card,Female,3.00,4,Laptop & Accessory,3,Married,3,0,13.00,1,3,10,166.00
55319,0,11,Mobile Phone,1,26,Debit Card,Male,3.00,4,Laptop & Accessory,3,Married,5,0,18.00,1,2,3,183.00
55320,0,13,Computer,1,11,Credit Card,Female,3.00,4,Laptop & Accessory,3,Single,2,0,14.00,4,4,9,175.00
55321,0,19,Mobile Phone,1,9,UPI,Female,3.00,5,Laptop & Accessory,1,Married,3,0,20.00,4,4,10,183.00
55322,0,12,Mobile Phone,1,9,Credit Card,Female,3.00,5,Fashion,3,Married,5,1,20.00,1,2,3,203.00
55323,1,1,Mobile Phone,3,17,Credit Card,Male,3.00,5,Fashion,5,Married,11,0,18.00,1,7,3,228.00
55324,0,11,Mobile Phone,1,17,Credit Card,Female,4.00,4,Mobile Phone,4,Married,3,0,12.00,5,8,8,164.00
55325,0,14,Mobile Phone,1,23,Debit Card,Female,3.00,4,Fashion,1,Single,8,1,16.00,4,4,4,204.00
55326,0,18,Computer,2,8,UPI,Male,3.00,4,Laptop & Accessory,1,Married,6,1,12.00,2,2,3,182.00
55327,0,22,Computer,1,11,Credit Card,Male,3.00,5,Grocery,1,Married,4,0,26.00,1,3,3,277.00
55328,1,1,Mobile Phone,3,22,Credit Card,Male,3.00,6,Laptop & Accessory,1,Married,8,1,15.00,1,3,3,179.00
55329,0,1,Computer,1,9,COD,Female,3.00,4,Mobile Phone,1,Single,3,1,14.00,1,2,4,163.00
55330,0,1,Mobile Phone,1,15,Credit Card,Female,3.00,2,Mobile Phone,3,Married,9,0,18.00,1,2,3,160.00
55331,0,1,Computer,1,9,Credit Card,Male,3.00,4,Mobile Phone,1,Single,4,0,14.00,1,2,3,151.00
55332,1,4,Phone,1,14,Debit Card,Male,4.00,4,Mobile Phone,5,Single,5,1,15.00,1,2,4,147.00
55333,0,3,Mobile Phone,3,17,Credit Card,Male,3.00,5,Laptop & Accessory,3,Single,11,0,12.00,2,2,5,184.00
55334,0,10,Mobile Phone,1,12,Debit Card,Female,3.00,4,Fashion,5,Married,6,0,13.00,2,2,3,205.00
55335,0,1,Computer,1,9,Debit Card,Male,4.00,2,Laptop & Accessory,3,Married,3,0,18.00,2,2,8,177.00
55336,0,13,Mobile Phone,1,19,Credit Card,Male,4.00,4,Laptop & Accessory,4,Married,6,0,22.00,2,2,1,178.00
55337,0,23,Mobile Phone,1,29,UPI,Female,4.00,4,Grocery,4,Married,5,0,17.00,1,2,3,289.00
55338,0,24,Mobile Phone,1,24,Debit Card,Female,3.00,5,Fashion,5,Married,7,0,16.00,1,2,12,258.00
55339,0,1,Mobile Phone,3,9,Credit Card,Female,3.00,4,Mobile Phone,3,Single,3,0,20.00,1,3,3,153.00
55340,0,8,Mobile Phone,1,10,Debit Card,Female,4.00,4,Laptop & Accessory,4,Married,3,0,13.00,2,8,10,179.00
55341,0,10,Phone,1,14,Debit Card,Male,4.00,4,Mobile Phone,4,Single,4,0,12.00,1,2,4,145.00
55342,0,23,Mobile Phone,1,13,Debit Card,Female,3.00,5,Grocery,3,Married,4,1,20.00,1,3,13,265.00
55343,0,10,Computer,1,8,Credit Card,Female,3.00,5,Laptop & Accessory,3,Married,2,0,16.00,1,2,3,169.00
55344,0,10,Mobile Phone,1,10,Debit Card,Male,4.00,2,Laptop & Accessory,5,Married,8,0,21.00,1,2,5,193.00
55345,0,28,Mobile Phone,1,29,Credit Card,Female,4.00,4,Grocery,3,Married,5,0,15.00,4,5,8,299.00
55346,0,17,Mobile Phone,1,22,Debit Card,Male,4.00,5,Grocery,3,Married,3,0,15.00,3,7,12,301.00
55347,1,1,Computer,3,19,UPI,Male,3.00,4,Laptop & Accessory,1,Single,5,1,25.00,6,7,8,171.00
55348,0,12,Computer,1,8,Debit Card,Male,3.00,4,Laptop & Accessory,1,Married,9,0,16.00,2,3,10,172.00
55349,0,3,Mobile Phone,3,12,Credit Card,Male,3.00,5,Laptop & Accessory,4,Married,3,1,14.00,1,2,10,167.00
55350,0,7,Mobile Phone,3,9,Credit Card,Male,4.00,4,Laptop & Accessory,1,Married,3,0,15.00,2,2,5,180.00
55351,0,6,Mobile Phone,1,9,Credit Card,Male,3.00,4,Laptop & Accessory,4,Married,2,0,14.00,2,2,7,180.00
55352,0,5,Mobile Phone,3,12,Debit Card,Female,4.00,4,Laptop & Accessory,1,Married,3,0,12.00,1,2,3,180.00
55353,0,23,Mobile Phone,1,23,Credit Card,Female,4.00,4,Mobile Phone,5,Married,6,1,17.00,1,3,3,151.00
55354,0,12,Computer,1,9,Credit Card,Female,3.00,5,Mobile Phone,4,Single,3,0,23.00,1,4,4,149.00
55355,0,21,Mobile Phone,3,9,Debit Card,Female,3.00,2,Grocery,4,Married,8,0,15.00,1,2,3,285.00
55356,0,23,Mobile Phone,1,8,Debit Card,Male,3.00,4,Grocery,3,Single,6,0,15.00,1,2,1,279.00
55357,0,15,Mobile Phone,3,30,Debit Card,Male,4.00,4,Fashion,3,Single,5,1,17.00,1,2,3,196.00
55358,0,1,Mobile Phone,3,16,Debit Card,Male,3.00,4,Mobile Phone,5,Single,3,0,12.00,1,2,3,152.00
55359,0,7,Computer,3,23,Debit Card,Female,3.00,4,Laptop & Accessory,1,Married,3,1,26.00,1,2,3,179.00
55360,0,10,Mobile Phone,1,33,Debit Card,Male,4.00,4,Laptop & Accessory,3,Married,8,0,15.00,2,2,3,178.00
55361,0,18,Mobile Phone,2,8,Debit Card,Female,3.00,4,Mobile Phone,1,Married,6,1,19.00,3,3,3,157.00
55362,1,1,Mobile Phone,1,15,Credit Card,Male,4.00,5,Mobile Phone,3,Single,3,1,12.00,2,2,3,165.00
55363,0,12,Mobile Phone,1,11,Credit Card,Female,3.00,4,Mobile Phone,3,Married,9,0,20.00,1,2,1,158.00
55364,0,27,Mobile Phone,1,31,Credit Card,Male,3.00,2,Fashion,1,Married,5,0,16.00,1,2,3,195.00
55365,1,12,Computer,3,14,Credit Card,Female,4.00,4,Mobile Phone,3,Married,4,1,12.00,2,8,8,152.00
55366,1,1,Phone,1,9,Debit Card,Male,4.00,4,Mobile Phone,4,Single,3,0,13.00,1,2,1,139.00
55367,0,1,Computer,1,14,Credit Card,Male,4.00,4,Mobile Phone,1,Single,3,0,21.00,1,6,8,151.00
55368,0,29,Mobile Phone,1,29,COD,Male,4.00,5,Mobile Phone,4,Married,7,0,13.00,2,2,3,160.00
55369,0,8,Mobile Phone,1,12,Credit Card,Male,3.00,5,Laptop & Accessory,1,Married,3,0,15.00,1,5,14,165.00
55370,0,31,Mobile Phone,1,8,Credit Card,Male,4.00,6,Fashion,1,Married,5,0,21.00,2,2,1,234.00
55371,0,7,Phone,1,28,Credit Card,Male,4.00,2,Mobile Phone,4,Married,3,0,19.00,1,3,14,145.00
55372,0,11,Computer,3,8,Credit Card,Male,3.00,6,Laptop & Accessory,1,Married,3,0,15.00,2,2,3,220.00
55373,0,8,Mobile Phone,1,26,Debit Card,Female,3.00,5,Mobile Phone,1,Married,3,0,13.00,2,9,8,154.00
55374,1,1,Phone,3,14,Debit Card,Male,4.00,4,Mobile Phone,1,Married,3,1,22.00,2,2,3,148.00
55375,0,18,Mobile Phone,1,9,Debit Card,Female,4.00,2,Fashion,1,Married,3,1,20.00,2,7,8,204.00
55376,0,9,Computer,1,9,Credit Card,Male,4.00,5,Mobile Phone,1,Single,2,1,15.00,2,2,5,174.00
55377,0,17,Mobile Phone,3,9,Credit Card,Male,4.00,4,Laptop & Accessory,1,Married,3,1,18.00,4,9,9,203.00
55378,0,1,Mobile Phone,1,16,Credit Card,Male,4.00,2,Mobile Phone,3,Married,3,0,17.00,1,2,5,169.00
55379,0,15,Mobile Phone,3,13,E wallet,Male,3.00,4,Fashion,3,Single,3,0,13.00,4,9,3,217.00
55380,0,3,Mobile Phone,1,16,Credit Card,Female,3.00,4,Mobile Phone,3,Married,11,0,18.00,1,2,3,155.00
55381,0,10,Mobile Phone,3,9,Debit Card,Female,3.00,4,Laptop & Accessory,1,Single,5,0,16.00,7,7,8,170.00
55382,0,19,Computer,1,8,Debit Card,Male,4.00,5,Fashion,3,Married,5,0,24.00,5,2,5,232.00
55383,1,1,Phone,2,29,UPI,Male,3.00,6,Mobile Phone,3,Married,3,0,12.00,1,2,1,141.00
55384,1,11,Computer,3,16,Debit Card,Male,3.00,6,Grocery,3,Married,9,0,12.00,7,2,11,254.00
55385,0,1,Phone,1,24,Credit Card,Male,4.00,6,Mobile Phone,3,Married,3,0,16.00,2,2,3,148.00
55386,0,19,Mobile Phone,1,35,Cash on Delivery,Female,3.00,5,Grocery,4,Single,3,0,15.00,7,9,7,292.00
55387,0,6,Computer,1,17,Debit Card,Male,3.00,4,Mobile Phone,3,Married,8,0,14.00,1,2,4,159.00
55388,0,5,Mobile Phone,1,9,Debit Card,Male,4.00,4,Mobile Phone,3,Married,3,0,15.00,2,2,4,160.00
55389,0,15,Computer,2,11,UPI,Male,3.00,6,Laptop & Accessory,4,Married,8,0,20.00,1,2,3,189.00
55390,0,14,Mobile Phone,1,15,Debit Card,Female,4.00,4,Laptop & Accessory,5,Married,4,1,17.00,2,2,1,190.00
55391,0,1,Mobile Phone,1,36,Credit Card,Male,4.00,4,Mobile Phone,5,Married,3,0,14.00,2,2,3,164.00
55392,0,20,Mobile Phone,1,20,Debit Card,Male,3.00,4,Laptop & Accessory,4,Single,8,0,15.00,2,2,10,181.00
55393,0,9,Mobile Phone,1,34,Debit Card,Male,3.00,4,Laptop & Accessory,3,Married,4,0,17.00,2,2,8,194.00
55394,0,4,Mobile Phone,1,23,Debit Card,Male,3.00,4,Mobile Phone,1,Married,3,0,13.00,1,2,9,154.00
55395,0,21,Computer,3,9,E wallet,Male,3.00,4,Laptop & Accessory,4,Married,9,0,12.00,1,2,1,175.00
55396,0,20,Mobile Phone,3,9,Debit Card,Male,4.00,4,Fashion,1,Married,6,1,13.00,1,2,3,229.00
55397,1,1,Mobile Phone,3,20,E wallet,Male,4.00,5,Laptop & Accessory,5,Married,7,1,14.00,2,3,3,186.00
55398,1,1,Mobile Phone,3,8,Debit Card,Male,3.00,6,Laptop & Accessory,4,Single,8,0,16.00,1,2,1,192.00
55399,0,1,Mobile Phone,1,11,Credit Card,Female,3.00,4,Mobile Phone,4,Single,3,0,14.00,1,2,3,158.00
55400,0,5,Computer,1,31,COD,Female,2.00,4,Laptop & Accessory,1,Single,4,0,21.00,1,2,5,177.00
55401,0,13,Computer,1,8,Debit Card,Male,4.00,4,Laptop & Accessory,1,Married,3,1,16.00,1,6,9,190.00
55402,0,6,Mobile Phone,3,26,Debit Card,Male,4.00,6,Fashion,3,Married,5,0,14.00,1,2,3,221.00
55403,0,14,Mobile Phone,3,14,Credit Card,Male,3.00,4,Others,4,Single,3,0,15.00,13,13,9,323.00
55404,0,19,Mobile Phone,2,11,Debit Card,Female,3.00,6,Fashion,3,Married,6,0,22.00,2,2,3,223.00
55405,0,4,Computer,1,9,COD,Female,4.00,5,Mobile Phone,5,Single,2,0,17.00,1,2,8,175.00
55406,0,1,Computer,2,17,Credit Card,Male,3.00,4,Mobile Phone,1,Married,2,0,15.00,1,3,2,146.00
55407,1,1,Computer,2,15,UPI,Female,4.00,5,Mobile Phone,1,Married,8,0,12.00,2,2,3,147.00
55408,0,5,Mobile Phone,3,12,Cash on Delivery,Male,3.00,4,Laptop & Accessory,3,Married,3,0,20.00,2,2,3,208.00
55409,0,1,Mobile Phone,1,15,Credit Card,Female,4.00,4,Mobile Phone,1,Single,3,0,12.00,1,2,5,159.00
55410,1,1,Mobile Phone,3,16,E wallet,Female,3.00,6,Mobile Phone,4,Single,3,0,14.00,3,3,3,153.00
55411,0,3,Computer,1,8,Debit Card,Male,4.00,2,Laptop & Accessory,3,Single,10,1,13.00,2,2,3,188.00
55412,0,4,Mobile Phone,3,22,E wallet,Male,4.00,5,Fashion,5,Married,4,0,12.00,2,2,8,196.00
55413,0,8,Mobile Phone,1,9,Credit Card,Male,4.00,2,Mobile Phone,1,Married,2,1,15.00,2,2,3,154.00
55414,0,7,Computer,3,9,E wallet,Female,4.00,4,Laptop & Accessory,4,Single,10,0,16.00,2,2,8,176.00
55415,0,23,Mobile Phone,3,18,E wallet,Female,4.00,4,Laptop & Accessory,1,Single,5,0,13.00,1,2,5,170.00
55416,1,1,Mobile Phone,3,23,Debit Card,Female,4.00,4,Fashion,5,Single,4,1,21.00,2,2,3,211.00
55417,0,12,Computer,1,9,Credit Card,Female,4.00,5,Mobile Phone,4,Married,6,0,15.00,1,2,6,150.00
55418,1,1,Mobile Phone,3,23,E wallet,Male,4.00,4,Fashion,3,Married,4,0,14.00,1,2,1,207.00
55419,0,3,Phone,1,11,COD,Female,4.00,5,Mobile Phone,5,Married,3,0,14.00,1,2,1,146.00
55420,0,4,Mobile Phone,1,23,Debit Card,Male,3.00,2,Laptop & Accessory,3,Married,5,0,17.00,2,2,8,178.00
55421,0,6,Computer,1,12,COD,Male,4.00,4,Mobile Phone,4,Single,4,0,15.00,2,2,8,152.00
55422,0,12,Mobile Phone,1,25,Credit Card,Male,3.00,6,Laptop & Accessory,1,Married,5,1,17.00,1,2,1,183.00
55423,1,7,Computer,1,24,COD,Male,3.00,5,Mobile Phone,3,Married,11,1,17.00,2,2,1,149.00
55424,0,16,Mobile Phone,1,19,Credit Card,Male,3.00,4,Mobile Phone,4,Married,10,0,23.00,2,2,5,153.00
55425,0,29,Mobile Phone,1,9,Credit Card,Male,3.00,5,Others,5,Married,10,0,15.00,2,2,1,315.00
55426,0,7,Computer,1,11,COD,Male,3.00,4,Laptop & Accessory,4,Married,7,0,16.00,1,2,8,156.00
55427,0,15,Phone,1,16,Debit Card,Male,4.00,4,Mobile Phone,5,Married,3,0,21.00,1,2,5,148.00
55428,0,8,Computer,3,17,Debit Card,Male,3.00,4,Laptop & Accessory,3,Married,3,1,15.00,2,2,8,165.00
55429,0,27,Computer,1,8,Credit Card,Female,3.00,5,Grocery,3,Married,6,1,21.00,2,2,3,255.00
55430,0,17,Mobile Phone,2,9,Debit Card,Male,4.00,4,Mobile Phone,1,Single,2,0,14.00,2,2,9,160.00
55431,0,8,Mobile Phone,3,10,Debit Card,Female,3.00,6,Laptop & Accessory,1,Single,7,0,13.00,3,3,3,185.00
55432,1,1,Mobile Phone,3,14,E wallet,Male,3.00,4,Mobile Phone,4,Single,3,0,14.00,1,2,1,152.00
55433,0,12,Mobile Phone,1,13,UPI,Female,3.00,5,Mobile Phone,3,Married,3,0,12.00,2,2,5,162.00
55434,1,1,Phone,1,15,Credit Card,Female,4.00,4,Mobile Phone,5,Married,3,1,18.00,1,2,1,149.00
55435,0,5,Mobile Phone,3,36,E wallet,Female,4.00,5,Laptop & Accessory,1,Married,3,0,15.00,1,6,8,180.00
55436,0,25,Mobile Phone,1,10,Cash on Delivery,Female,3.00,4,Fashion,3,Married,4,0,12.00,3,2,3,256.00
55437,0,11,Mobile Phone,3,16,E wallet,Male,3.00,5,Laptop & Accessory,4,Married,3,0,15.00,2,2,4,167.00
55438,0,20,Mobile Phone,1,9,Credit Card,Male,3.00,4,Others,1,Married,9,1,15.00,3,3,3,318.00
55439,0,10,Mobile Phone,1,17,Debit Card,Male,3.00,4,Fashion,5,Married,9,1,14.00,3,6,8,208.00
55440,1,8,Computer,1,8,Credit Card,Male,4.00,4,Mobile Phone,4,Married,3,1,13.00,3,3,4,148.00
55441,0,11,Mobile Phone,2,15,UPI,Male,3.00,4,Laptop & Accessory,4,Married,4,0,14.00,4,5,8,166.00
55442,1,1,Mobile Phone,3,34,Debit Card,Male,3.00,4,Laptop & Accessory,1,Single,3,1,19.00,4,8,8,183.00
55443,0,7,Mobile Phone,1,15,Debit Card,Male,3.00,2,Mobile Phone,5,Married,8,0,20.00,4,8,7,156.00
55444,0,2,Phone,1,8,Debit Card,Male,3.00,4,Mobile Phone,1,Married,3,0,12.00,1,2,4,145.00
55445,0,13,Mobile Phone,1,17,Credit Card,Male,4.00,4,Fashion,3,Single,9,0,22.00,3,2,3,260.00
55446,0,20,Computer,3,33,Debit Card,Male,4.00,5,Laptop & Accessory,4,Single,10,0,16.00,2,3,3,205.00
55447,0,14,Mobile Phone,1,9,Debit Card,Female,4.00,4,Mobile Phone,5,Married,6,0,18.00,2,2,3,159.00
55448,0,16,Mobile Phone,1,20,Credit Card,Male,4.00,2,Laptop & Accessory,5,Married,7,0,19.00,2,2,1,180.00
55449,0,9,Computer,1,9,Credit Card,Male,3.00,4,Laptop & Accessory,1,Married,4,0,15.00,2,2,8,183.00
55450,0,12,Computer,2,9,UPI,Male,4.00,4,Mobile Phone,4,Married,7,0,14.00,3,4,9,151.00
55451,1,1,Computer,1,16,Debit Card,Male,4.00,4,Laptop & Accessory,5,Married,6,0,18.00,1,2,8,178.00
55452,1,1,Mobile Phone,1,17,Credit Card,Male,3.00,4,Laptop & Accessory,5,Single,3,0,16.00,1,2,9,167.00
55453,0,13,Computer,3,27,Debit Card,Male,3.00,4,Laptop & Accessory,1,Married,4,0,19.00,2,3,3,166.00
55454,0,17,Computer,1,16,Debit Card,Male,3.00,4,Mobile Phone,3,Single,6,0,14.00,2,2,3,149.00
55455,0,15,Mobile Phone,1,12,Debit Card,Male,3.00,2,Laptop & Accessory,4,Single,5,0,13.00,1,2,3,194.00
55456,0,15,Mobile Phone,3,11,E wallet,Female,3.00,4,Fashion,3,Married,2,1,14.00,6,14,3,229.00
55457,0,4,Mobile Phone,1,17,Credit Card,Female,4.00,4,Fashion,3,Single,11,0,15.00,1,2,3,222.00
55458,1,1,Phone,2,27,Credit Card,Female,4.00,4,Mobile Phone,4,Married,2,1,12.00,1,2,5,146.00
55459,1,10,Mobile Phone,1,28,Credit Card,Female,4.00,4,Laptop & Accessory,4,Married,6,0,23.00,4,4,3,214.00
55460,0,14,Mobile Phone,1,8,Debit Card,Female,3.00,4,Laptop & Accessory,1,Married,6,0,18.00,1,2,4,190.00
55461,0,8,Mobile Phone,3,15,Cash on Delivery,Male,4.00,2,Laptop & Accessory,3,Married,3,0,22.00,3,5,9,193.00
55462,0,31,Computer,3,9,Credit Card,Male,3.00,4,Grocery,4,Married,6,0,23.00,1,15,15,288.00
55463,0,9,Mobile Phone,1,30,Credit Card,Male,4.00,6,Mobile Phone,3,Married,2,0,17.00,1,2,4,152.00
55464,0,21,Mobile Phone,1,11,Debit Card,Female,4.00,5,Fashion,4,Married,10,1,13.00,6,15,3,228.00
55465,0,14,Mobile Phone,1,19,Debit Card,Female,3.00,4,Laptop & Accessory,5,Married,4,0,13.00,2,8,8,169.00
55466,0,28,Mobile Phone,1,14,Credit Card,Female,4.00,4,Laptop & Accessory,1,Married,6,0,16.00,2,2,8,194.00
55467,0,5,Computer,3,14,E wallet,Female,4.00,4,Fashion,5,Married,4,0,15.00,3,3,3,221.00
55468,0,2,Mobile Phone,1,8,Credit Card,Female,4.00,4,Mobile Phone,5,Married,3,0,26.00,2,2,3,161.00
55469,0,12,Mobile Phone,3,9,E wallet,Female,4.00,6,Laptop & Accessory,1,Married,4,1,21.00,1,2,4,179.00
55470,0,1,Mobile Phone,3,17,Credit Card,Male,3.00,4,Laptop & Accessory,1,Single,3,0,14.00,2,2,3,172.00
55471,0,31,Computer,1,22,Debit Card,Male,3.00,4,Grocery,3,Married,4,1,15.00,1,3,3,283.00
55472,0,1,Computer,1,21,Credit Card,Female,3.00,4,Mobile Phone,3,Single,3,0,17.00,2,2,1,140.00
55473,1,1,Mobile Phone,2,25,UPI,Male,3.00,2,Mobile Phone,5,Married,2,0,18.00,2,2,1,155.00
55474,1,1,Phone,2,20,UPI,Male,3.00,5,Mobile Phone,5,Married,6,1,16.00,3,3,1,148.00
55475,0,19,Computer,3,9,Debit Card,Female,4.00,4,Laptop & Accessory,3,Married,6,0,23.00,4,6,8,177.00
55476,0,10,Mobile Phone,1,9,UPI,Female,4.00,4,Laptop & Accessory,4,Married,6,1,23.00,2,2,1,195.00
55477,0,17,Computer,3,9,Debit Card,Male,4.00,4,Laptop & Accessory,1,Married,3,0,21.00,8,8,8,182.00
55478,0,1,Computer,1,12,Debit Card,Female,3.00,4,Mobile Phone,1,Single,2,1,15.00,2,2,3,149.00
55479,0,3,Computer,1,27,Credit Card,Male,3.00,4,Mobile Phone,1,Married,3,0,14.00,2,4,11,163.00
55480,0,6,Computer,3,17,E wallet,Male,4.00,4,Laptop & Accessory,1,Single,10,0,14.00,1,2,1,171.00
55481,0,16,Computer,1,17,COD,Male,3.00,4,Mobile Phone,3,Married,5,0,23.00,4,4,4,154.00
55482,0,21,Phone,1,16,Debit Card,Female,4.00,4,Mobile Phone,3,Single,6,0,13.00,1,3,1,146.00
55483,0,20,Mobile Phone,1,9,Debit Card,Male,3.00,4,Fashion,1,Married,5,0,15.00,1,5,3,211.00
55484,0,2,Computer,2,8,Debit Card,Male,3.00,4,Mobile Phone,1,Married,3,0,16.00,2,3,3,152.00
55485,0,3,Mobile Phone,1,36,Debit Card,Male,4.00,6,Laptop & Accessory,3,Married,10,0,18.00,1,2,7,189.00
55486,0,16,Mobile Phone,1,15,Debit Card,Male,3.00,4,Mobile Phone,3,Single,6,0,14.00,2,2,1,165.00
55487,1,1,Mobile Phone,3,9,E wallet,Male,3.00,5,Laptop & Accessory,4,Single,9,1,13.00,2,3,3,224.00
55488,0,20,Mobile Phone,3,10,Cash on Delivery,Female,3.00,2,Grocery,5,Married,4,0,13.00,3,2,9,257.00
55489,0,1,Mobile Phone,3,30,Credit Card,Female,3.00,5,Laptop & Accessory,3,Married,3,0,22.00,4,6,9,160.00
55490,0,3,Mobile Phone,2,13,Credit Card,Male,3.00,5,Mobile Phone,4,Married,3,0,12.00,2,2,1,153.00
55491,0,17,Mobile Phone,1,13,Credit Card,Female,3.00,5,Others,3,Married,9,0,15.00,7,7,15,319.00
55492,0,22,Mobile Phone,1,17,Debit Card,Male,4.00,5,Others,4,Married,6,0,15.00,4,13,10,322.00
55493,1,1,Computer,1,31,Debit Card,Male,4.00,5,Mobile Phone,1,Single,3,1,25.00,2,2,1,149.00
55494,1,10,Mobile Phone,3,17,Debit Card,Female,4.00,4,Fashion,4,Married,7,0,22.00,2,2,8,198.00
55495,0,1,Computer,1,22,Debit Card,Female,4.00,5,Mobile Phone,5,Married,2,0,20.00,1,8,4,173.00
55496,0,13,Mobile Phone,1,26,UPI,Male,3.00,4,Laptop & Accessory,1,Married,10,0,15.00,1,3,3,164.00
55497,0,29,Mobile Phone,1,9,COD,Male,4.00,5,Mobile Phone,1,Married,10,0,21.00,2,2,5,152.00
55498,0,2,Mobile Phone,3,10,Credit Card,Female,4.00,4,Mobile Phone,4,Married,3,0,20.00,2,2,1,154.00
55499,1,1,Phone,3,16,Credit Card,Male,3.00,4,Mobile Phone,1,Single,3,0,14.00,1,2,1,136.00
55500,1,1,Mobile Phone,1,14,Debit Card,Male,4.00,4,Mobile Phone,4,Single,3,1,24.00,2,2,1,150.00
55501,0,10,Mobile Phone,3,17,COD,Female,4.00,5,Laptop & Accessory,3,Married,3,1,14.00,1,2,8,182.00
55502,0,5,Mobile Phone,1,27,Debit Card,Male,3.00,4,Laptop & Accessory,3,Married,3,0,12.00,1,2,3,167.00
55503,0,8,Mobile Phone,3,11,Debit Card,Male,4.00,4,Fashion,1,Married,4,1,14.00,1,2,3,222.00
55504,0,3,Phone,1,14,Debit Card,Male,3.00,4,Mobile Phone,5,Single,5,0,15.00,1,2,3,146.00
55505,0,11,Mobile Phone,1,14,Credit Card,Male,4.00,4,Laptop & Accessory,5,Married,7,1,23.00,1,2,5,168.00
55506,0,9,Mobile Phone,1,23,UPI,Female,3.00,5,Laptop & Accessory,4,Married,2,1,12.00,1,2,3,173.00
55507,0,19,Mobile Phone,1,32,Debit Card,Female,4.00,5,Laptop & Accessory,1,Married,2,0,14.00,1,4,9,184.00
55508,0,10,Computer,2,9,UPI,Male,4.00,5,Laptop & Accessory,1,Single,3,0,22.00,2,2,9,164.00
55509,0,14,Mobile Phone,1,8,Debit Card,Male,4.00,4,Grocery,5,Married,4,0,15.00,3,12,17,293.00
55510,0,1,Mobile Phone,1,8,Debit Card,Female,3.00,5,Mobile Phone,3,Married,3,1,14.00,1,2,1,154.00
55511,0,1,Mobile Phone,3,9,Credit Card,Female,3.00,2,Laptop & Accessory,3,Single,2,0,15.00,1,2,8,190.00
55512,0,22,Computer,1,29,Credit Card,Female,3.00,4,Grocery,1,Married,5,0,15.00,2,5,8,297.00
55513,0,18,Mobile Phone,1,8,Debit Card,Male,4.00,2,Laptop & Accessory,5,Married,4,0,16.00,2,3,3,175.00
55514,1,1,Computer,1,23,COD,Male,3.00,6,Mobile Phone,5,Married,3,1,24.00,1,4,1,148.00
55515,1,20,Mobile Phone,1,31,Debit Card,Male,4.00,4,Mobile Phone,1,Single,3,0,17.00,1,2,1,151.00
55516,0,10,Mobile Phone,3,24,E wallet,Male,3.00,5,Laptop & Accessory,4,Married,4,0,17.00,2,2,4,180.00
55517,0,15,Mobile Phone,3,15,E wallet,Female,3.00,4,Laptop & Accessory,4,Married,7,0,22.00,1,2,5,169.00
55518,0,16,Mobile Phone,1,13,Credit Card,Male,3.00,4,Fashion,5,Married,11,0,14.00,6,2,8,258.00
55519,0,5,Mobile Phone,3,17,Credit Card,Female,3.00,4,Laptop & Accessory,1,Married,4,1,12.00,2,2,5,191.00
55520,0,8,Mobile Phone,3,10,Credit Card,Female,4.00,5,Laptop & Accessory,1,Married,5,1,13.00,1,2,2,206.00
55521,0,5,Mobile Phone,1,11,Credit Card,Female,4.00,2,Mobile Phone,3,Married,10,0,13.00,2,3,3,165.00
55522,0,1,Computer,1,13,UPI,Male,4.00,2,Mobile Phone,1,Married,2,0,19.00,3,8,8,150.00
55523,0,19,Computer,1,8,Credit Card,Male,3.00,4,Laptop & Accessory,3,Single,6,0,13.00,1,2,4,179.00
55524,0,7,Mobile Phone,3,17,E wallet,Male,3.00,4,Laptop & Accessory,3,Single,3,0,15.00,1,2,10,180.00
55525,0,2,Computer,3,8,Debit Card,Male,3.00,5,Laptop & Accessory,1,Married,3,1,13.00,2,2,8,193.00
55526,1,1,Computer,3,31,COD,Male,3.00,2,Mobile Phone,5,Single,3,0,18.00,1,2,1,136.00
55527,0,13,Computer,3,28,Debit Card,Female,3.00,6,Laptop & Accessory,3,Married,8,0,20.00,1,2,3,182.00
55528,0,1,Phone,1,9,COD,Male,3.00,4,Mobile Phone,4,Married,3,0,12.00,1,2,3,147.00
55529,0,8,Computer,1,29,UPI,Male,3.00,5,Laptop & Accessory,1,Married,3,1,16.00,4,7,12,182.00
55530,1,1,Mobile Phone,3,20,E wallet,Female,3.00,4,Laptop & Accessory,3,Single,5,1,12.00,1,3,3,224.00
55531,0,21,Computer,1,21,COD,Male,4.00,4,Laptop & Accessory,4,Married,10,0,19.00,1,2,8,180.00
55532,0,30,Mobile Phone,3,18,E wallet,Female,3.00,5,Laptop & Accessory,5,Married,6,0,17.00,1,2,1,179.00
55533,0,13,Mobile Phone,1,16,Credit Card,Male,3.00,4,Laptop & Accessory,5,Married,3,0,26.00,1,8,10,177.00
55534,0,12,Computer,1,15,Credit Card,Female,3.00,5,Laptop & Accessory,4,Married,3,1,17.00,2,2,8,146.00
55535,0,61,Mobile Phone,3,28,Debit Card,Female,4.00,4,Grocery,1,Married,6,1,15.00,1,2,1,304.00
55536,1,1,Computer,1,12,Debit Card,Female,3.00,2,Mobile Phone,3,Single,5,1,15.00,1,2,4,149.00
55537,0,12,Mobile Phone,1,16,Debit Card,Male,4.00,4,Mobile Phone,1,Married,4,0,20.00,1,2,4,173.00
55538,0,23,Computer,1,9,Debit Card,Male,3.00,4,Others,1,Married,5,0,15.00,5,5,4,317.00
55539,0,16,Mobile Phone,3,19,E wallet,Male,4.00,4,Laptop & Accessory,1,Married,5,1,13.00,2,2,1,176.00
55540,1,1,Computer,2,29,UPI,Female,3.00,5,Mobile Phone,4,Married,3,0,13.00,2,2,1,154.00
55541,0,9,Mobile Phone,3,25,Credit Card,Male,4.00,4,Laptop & Accessory,5,Married,2,0,17.00,2,2,5,181.00
55542,0,2,Computer,1,23,Credit Card,Male,3.00,4,Mobile Phone,3,Single,3,0,15.00,1,2,5,146.00
55543,0,5,Computer,1,10,Credit Card,Male,3.00,4,Mobile Phone,5,Married,3,1,14.00,3,3,4,156.00
55544,0,10,Computer,1,16,Debit Card,Male,4.00,2,Mobile Phone,4,Married,3,0,23.00,2,2,3,153.00
55545,0,8,Mobile Phone,3,8,E wallet,Male,3.00,4,Fashion,1,Single,3,0,22.00,3,3,3,224.00
55546,0,8,Mobile Phone,3,20,Credit Card,Male,3.00,4,Fashion,3,Married,3,0,19.00,1,2,3,211.00
55547,0,1,Mobile Phone,1,8,Credit Card,Male,4.00,4,Mobile Phone,5,Single,2,0,14.00,8,8,7,154.00
55548,0,3,Mobile Phone,1,8,Debit Card,Male,3.00,4,Laptop & Accessory,5,Married,2,0,13.00,1,2,3,179.00
55549,0,6,Computer,1,22,Credit Card,Female,3.00,4,Laptop & Accessory,1,Married,7,0,19.00,1,2,3,192.00
55550,0,5,Computer,1,8,Debit Card,Male,3.00,6,Laptop & Accessory,5,Married,3,0,22.00,7,9,8,175.00
55551,1,1,Phone,1,24,COD,Male,3.00,5,Mobile Phone,1,Married,7,0,13.00,2,2,4,149.00
55552,0,12,Mobile Phone,3,8,Debit Card,Male,3.00,5,Mobile Phone,5,Single,6,0,15.00,2,2,1,154.00
55553,0,9,Mobile Phone,3,14,Debit Card,Female,3.00,4,Laptop & Accessory,1,Married,3,1,12.00,2,2,10,177.00
55554,0,1,Mobile Phone,3,16,E wallet,Male,3.00,4,Laptop & Accessory,1,Single,3,0,15.00,2,2,8,166.00
55555,0,6,Mobile Phone,1,12,Debit Card,Male,3.00,5,Laptop & Accessory,1,Single,10,0,25.00,2,2,3,222.00
55556,1,1,Computer,3,33,E wallet,Male,4.00,4,Laptop & Accessory,1,Married,3,1,12.00,1,2,9,181.00
55557,1,17,Mobile Phone,3,31,Debit Card,Male,4.00,4,Fashion,5,Single,8,1,14.00,1,3,3,229.00
55558,0,28,Mobile Phone,1,16,Debit Card,Female,4.00,4,Laptop & Accessory,3,Married,5,0,12.00,2,3,4,154.00
55559,0,7,Computer,1,14,Debit Card,Male,3.00,4,Laptop & Accessory,3,Married,3,0,21.00,1,3,9,185.00
55560,0,17,Mobile Phone,1,18,Debit Card,Male,2.00,4,Fashion,3,Married,3,0,18.00,2,2,10,200.00
55561,0,12,Computer,2,8,UPI,Male,3.00,4,Mobile Phone,4,Married,2,1,12.00,1,2,3,155.00
55562,0,29,Mobile Phone,2,33,UPI,Male,4.00,2,Others,4,Married,6,1,15.00,2,2,5,321.00
55563,0,5,Phone,1,9,Credit Card,Female,3.00,6,Mobile Phone,1,Married,3,1,12.00,1,2,1,136.00
55564,0,13,Mobile Phone,3,22,E wallet,Male,4.00,4,Grocery,5,Single,2,0,13.00,5,2,11,258.00
55565,0,16,Computer,1,30,Debit Card,Male,3.00,5,Laptop & Accessory,3,Single,3,0,13.00,4,4,8,168.00
55566,0,5,Computer,1,17,Credit Card,Female,3.00,4,Fashion,3,Married,6,0,21.00,4,2,9,235.00
55567,0,28,Mobile Phone,1,17,Credit Card,Female,4.00,4,Laptop & Accessory,5,Single,8,1,20.00,1,2,5,169.00
55568,0,1,Mobile Phone,1,8,Debit Card,Male,3.00,5,Laptop & Accessory,3,Single,3,0,13.00,2,2,3,171.00
55569,0,1,Mobile Phone,1,19,UPI,Male,4.00,4,Mobile Phone,1,Single,3,0,14.00,2,2,5,151.00
55570,0,14,Computer,1,18,COD,Female,4.00,4,Laptop & Accessory,3,Married,3,0,12.00,8,10,5,188.00
55571,0,14,Mobile Phone,3,9,E wallet,Female,4.00,4,Laptop & Accessory,4,Married,5,0,15.00,2,6,11,182.00
55572,0,1,Phone,2,9,UPI,Female,3.00,4,Mobile Phone,4,Married,6,0,15.00,1,2,3,147.00
55573,0,4,Mobile Phone,1,8,Credit Card,Male,4.00,4,Mobile Phone,4,Married,3,0,14.00,2,2,8,162.00
55574,0,1,Mobile Phone,1,9,UPI,Male,3.00,4,Mobile Phone,3,Married,8,1,20.00,1,2,3,165.00
55575,0,21,Mobile Phone,1,32,Credit Card,Male,3.00,4,Fashion,3,Single,4,0,24.00,10,13,3,211.00
55576,0,7,Computer,1,8,Credit Card,Male,3.00,5,Mobile Phone,3,Married,3,0,13.00,1,2,1,145.00
55577,0,12,Mobile Phone,3,8,Debit Card,Male,3.00,4,Laptop & Accessory,4,Married,2,0,16.00,2,6,9,169.00
55578,0,5,Mobile Phone,3,9,Debit Card,Male,3.00,4,Mobile Phone,3,Married,2,0,20.00,1,2,3,156.00
55579,0,12,Computer,1,13,Debit Card,Male,4.00,5,Laptop & Accessory,3,Married,4,0,12.00,3,8,8,178.00
55580,0,16,Mobile Phone,1,25,Debit Card,Male,3.00,4,Laptop & Accessory,5,Married,8,1,18.00,2,2,3,179.00
55581,0,15,Mobile Phone,1,8,Debit Card,Male,4.00,4,Mobile Phone,1,Married,5,0,23.00,1,2,1,153.00
55582,0,21,Computer,1,8,Credit Card,Female,4.00,4,Fashion,4,Married,2,0,19.00,1,2,13,245.00
55583,0,9,Mobile Phone,1,18,Credit Card,Male,3.00,4,Mobile Phone,3,Married,9,1,12.00,3,3,3,152.00
55584,0,1,Mobile Phone,1,8,Debit Card,Male,4.00,4,Mobile Phone,3,Single,2,0,13.00,2,2,3,159.00
55585,0,9,Mobile Phone,1,16,Credit Card,Male,3.00,4,Laptop & Accessory,3,Single,3,0,20.00,1,2,9,176.00
55586,0,7,Mobile Phone,1,22,Credit Card,Female,4.00,4,Laptop & Accessory,1,Married,2,1,14.00,7,9,2,174.00
55587,0,6,Mobile Phone,1,36,Debit Card,Female,3.00,5,Mobile Phone,4,Single,3,0,14.00,1,5,2,153.00
55588,0,14,Phone,1,8,Debit Card,Male,3.00,4,Mobile Phone,1,Married,10,0,20.00,2,2,1,149.00
55589,0,6,Phone,3,8,Credit Card,Male,4.00,5,Mobile Phone,4,Married,2,0,15.00,3,3,3,148.00
55590,0,13,Mobile Phone,1,31,Debit Card,Male,3.00,4,Laptop & Accessory,1,Single,9,0,14.00,1,2,8,166.00
55591,0,12,Mobile Phone,1,17,Credit Card,Female,4.00,6,Fashion,3,Married,5,0,13.00,1,2,12,257.00
55592,0,6,Mobile Phone,3,8,E wallet,Female,3.00,4,Fashion,1,Married,3,0,20.00,1,6,3,229.00
55593,0,11,Mobile Phone,1,17,Debit Card,Female,3.00,2,Fashion,1,Married,3,1,26.00,1,7,9,262.00
55594,0,1,Mobile Phone,3,15,UPI,Female,3.00,4,Laptop & Accessory,3,Married,2,1,23.00,1,2,5,174.00
55595,0,26,Computer,3,36,Debit Card,Male,3.00,4,Mobile Phone,1,Married,4,0,16.00,2,2,1,160.00
55596,0,18,Phone,1,8,Credit Card,Male,3.00,4,Mobile Phone,1,Single,8,1,13.00,2,2,3,149.00
55597,0,1,Phone,3,12,Credit Card,Male,3.00,4,Mobile Phone,5,Single,3,1,12.00,2,2,3,149.00
55598,0,13,Computer,1,16,Debit Card,Male,3.00,4,Others,1,Single,4,0,15.00,2,2,4,319.00
55599,1,1,Computer,3,16,E wallet,Male,3.00,4,Mobile Phone,5,Married,3,0,20.00,2,2,1,143.00
55600,0,10,Mobile Phone,3,10,Credit Card,Female,4.00,5,Fashion,1,Married,2,0,20.00,1,4,5,201.00
55601,0,10,Computer,1,11,Debit Card,Female,4.00,4,Laptop & Accessory,4,Married,9,0,14.00,1,2,3,176.00
55602,0,30,Computer,1,8,Debit Card,Male,3.00,4,Laptop & Accessory,3,Married,3,0,22.00,1,2,10,188.00
55603,1,1,Mobile Phone,1,8,Credit Card,Male,3.00,4,Mobile Phone,1,Married,11,1,15.00,3,3,3,173.00
55604,0,16,Mobile Phone,1,9,Debit Card,Male,3.00,4,Others,3,Married,7,0,15.00,1,5,15,314.00
55605,1,20,Phone,1,14,COD,Male,4.00,4,Mobile Phone,3,Married,10,0,12.00,7,10,9,148.00
55606,0,15,Mobile Phone,1,35,Debit Card,Female,3.00,5,Grocery,4,Married,2,0,24.00,2,2,11,261.00
55607,0,8,Mobile Phone,3,35,E wallet,Female,4.00,5,Laptop & Accessory,3,Married,3,0,22.00,2,2,8,192.00
55608,0,10,Computer,3,22,E wallet,Male,3.00,6,Laptop & Accessory,1,Married,3,0,25.00,6,12,12,179.00
55609,0,15,Mobile Phone,3,10,Debit Card,Male,3.00,5,Laptop & Accessory,4,Married,4,0,12.00,2,2,3,214.00
55610,0,6,Phone,1,9,COD,Male,4.00,4,Mobile Phone,5,Single,3,0,15.00,1,2,3,149.00
55611,0,9,Mobile Phone,2,33,Debit Card,Female,3.00,4,Fashion,1,Single,3,1,17.00,2,2,3,213.00
55612,0,12,Mobile Phone,3,17,Debit Card,Female,4.00,4,Laptop & Accessory,1,Married,3,0,12.00,1,2,10,178.00
55613,1,14,Computer,3,8,Debit Card,Male,4.00,4,Laptop & Accessory,3,Married,9,0,13.00,2,2,2,192.00
55614,0,10,Mobile Phone,3,18,E wallet,Female,4.00,5,Laptop & Accessory,1,Married,6,0,14.00,2,2,1,192.00
55615,0,19,Mobile Phone,3,27,Debit Card,Female,3.00,4,Laptop & Accessory,3,Single,10,0,16.00,1,2,2,174.00
55616,0,14,Mobile Phone,1,9,Debit Card,Male,1.00,5,Mobile Phone,3,Single,4,0,15.00,1,3,3,153.00
55617,0,9,Computer,1,25,Debit Card,Male,4.00,4,Laptop & Accessory,3,Married,3,1,15.00,1,2,3,182.00
55618,0,14,Phone,1,9,Credit Card,Female,4.00,4,Mobile Phone,3,Married,4,0,15.00,1,2,3,145.00
55619,0,9,Mobile Phone,1,8,Debit Card,Female,4.00,6,Mobile Phone,1,Married,3,0,13.00,2,2,2,155.00
55620,0,3,Mobile Phone,1,20,UPI,Male,3.00,5,Laptop & Accessory,4,Married,6,1,14.00,1,2,4,165.00
55621,0,3,Mobile Phone,1,35,Credit Card,Female,4.00,5,Mobile Phone,5,Single,3,0,15.00,1,2,5,163.00
55622,1,14,Mobile Phone,3,35,E wallet,Male,3.00,5,Fashion,5,Married,6,1,14.00,3,2,1,234.00
55623,0,13,Mobile Phone,3,31,E wallet,Female,3.00,5,Grocery,1,Married,2,0,12.00,4,2,7,245.00
55624,0,5,Computer,1,12,Credit Card,Male,4.00,4,Laptop & Accessory,5,Single,2,0,20.00,2,2,3,224.00
55625,0,1,Mobile Phone,3,12,UPI,Female,2.00,5,Mobile Phone,3,Single,2,0,19.00,2,2,1,155.00
55626,0,10,Computer,1,30,Credit Card,Male,3.00,2,Laptop & Accessory,1,Married,6,0,18.00,1,2,4,151.00
55627,0,13,Mobile Phone,1,13,Credit Card,Male,3.00,5,Fashion,5,Married,6,0,16.00,1,2,3,225.00
55628,0,1,Mobile Phone,1,11,Debit Card,Male,3.00,2,Laptop & Accessory,4,Married,3,1,21.00,1,2,4,186.00
55629,0,23,Computer,3,9,Credit Card,Male,4.00,5,Laptop & Accessory,4,Married,4,0,15.00,2,2,9,179.00
55630,0,8,Mobile Phone,1,15,Credit Card,Male,3.00,2,Laptop & Accessory,3,Married,4,0,13.00,2,2,3,169.00
